Scenario,ClimatePathway,CE,Scope,Sector,Series,Role,SourceRegions,Panel,Metric,Year,Value,Unit,SourceVariables,Numerator,NumeratorUnit,Denominator,DenominatorUnit,ConversionFactor
baseline_noce,NDC+LTT,No CE,Global,Cement,Cement,plotted,"[""AFE"", ""AFN"", ""AFW"", ""AFZ"", ""ANZ"", ""ASC"", ""ASE"", ""ASO"", ""BRA"", ""CAN"", ""CHL"", ""CHN"", ""ENE"", ""ENW"", ""EUE"", ""EUM"", ""EUW"", ""IDN"", ""IND"", ""JPN"", ""LAM"", ""MDA"", ""MEA"", ""MEX"", ""NIG"", ""RUS"", ""SKT"", ""USA""]",a,Sector GHG emissions,2019,2.542758438447978,GtCO2e/yr,"[""Emissions|GHG|Industry|Non-Metallic Minerals|Cement""]",2542.758438447978,MtCO2e/yr,,,0.001
baseline_noce,NDC+LTT,No CE,Global,Cement,Cement,plotted,"[""AFE"", ""AFN"", ""AFW"", ""AFZ"", ""ANZ"", ""ASC"", ""ASE"", ""ASO"", ""BRA"", ""CAN"", ""CHL"", ""CHN"", ""ENE"", ""ENW"", ""EUE"", ""EUM"", ""EUW"", ""IDN"", ""IND"", ""JPN"", ""LAM"", ""MDA"", ""MEA"", ""MEX"", ""NIG"", ""RUS"", ""SKT"", ""USA""]",a,Sector GHG emissions,2024,2.36069368367247,GtCO2e/yr,"[""Emissions|GHG|Industry|Non-Metallic Minerals|Cement""]",2360.6936836724703,MtCO2e/yr,,,0.001
baseline_noce,NDC+LTT,No CE,Global,Cement,Cement,plotted,"[""AFE"", ""AFN"", ""AFW"", ""AFZ"", ""ANZ"", ""ASC"", ""ASE"", ""ASO"", ""BRA"", ""CAN"", ""CHL"", ""CHN"", ""ENE"", ""ENW"", ""EUE"", ""EUM"", ""EUW"", ""IDN"", ""IND"", ""JPN"", ""LAM"", ""MDA"", ""MEA"", ""MEX"", ""NIG"", ""RUS"", ""SKT"", ""USA""]",a,Sector GHG emissions,2030,2.0977976651628745,GtCO2e/yr,"[""Emissions|GHG|Industry|Non-Metallic Minerals|Cement""]",2097.7976651628746,MtCO2e/yr,,,0.001
baseline_noce,NDC+LTT,No CE,Global,Cement,Cement,plotted,"[""AFE"", ""AFN"", ""AFW"", ""AFZ"", ""ANZ"", ""ASC"", ""ASE"", ""ASO"", ""BRA"", ""CAN"", ""CHL"", ""CHN"", ""ENE"", ""ENW"", ""EUE"", ""EUM"", ""EUW"", ""IDN"", ""IND"", ""JPN"", ""LAM"", ""MDA"", ""MEA"", ""MEX"", ""NIG"", ""RUS"", ""SKT"", ""USA""]",a,Sector GHG emissions,2035,1.9921680957149694,GtCO2e/yr,"[""Emissions|GHG|Industry|Non-Metallic Minerals|Cement""]",1992.1680957149695,MtCO2e/yr,,,0.001
baseline_noce,NDC+LTT,No CE,Global,Cement,Cement,plotted,"[""AFE"", ""AFN"", ""AFW"", ""AFZ"", ""ANZ"", ""ASC"", ""ASE"", ""ASO"", ""BRA"", ""CAN"", ""CHL"", ""CHN"", ""ENE"", ""ENW"", ""EUE"", ""EUM"", ""EUW"", ""IDN"", ""IND"", ""JPN"", ""LAM"", ""MDA"", ""MEA"", ""MEX"", ""NIG"", ""RUS"", ""SKT"", ""USA""]",a,Sector GHG emissions,2040,1.9110899971156512,GtCO2e/yr,"[""Emissions|GHG|Industry|Non-Metallic Minerals|Cement""]",1911.0899971156512,MtCO2e/yr,,,0.001
baseline_noce,NDC+LTT,No CE,Global,Cement,Cement,plotted,"[""AFE"", ""AFN"", ""AFW"", ""AFZ"", ""ANZ"", ""ASC"", ""ASE"", ""ASO"", ""BRA"", ""CAN"", ""CHL"", ""CHN"", ""ENE"", ""ENW"", ""EUE"", ""EUM"", ""EUW"", ""IDN"", ""IND"", ""JPN"", ""LAM"", ""MDA"", ""MEA"", ""MEX"", ""NIG"", ""RUS"", ""SKT"", ""USA""]",a,Sector GHG emissions,2050,1.7181234608434015,GtCO2e/yr,"[""Emissions|GHG|Industry|Non-Metallic Minerals|Cement""]",1718.1234608434015,MtCO2e/yr,,,0.001
baseline_noce,NDC+LTT,No CE,Global,Cement,Cement,plotted,"[""AFE"", ""AFN"", ""AFW"", ""AFZ"", ""ANZ"", ""ASC"", ""ASE"", ""ASO"", ""BRA"", ""CAN"", ""CHL"", ""CHN"", ""ENE"", ""ENW"", ""EUE"", ""EUM"", ""EUW"", ""IDN"", ""IND"", ""JPN"", ""LAM"", ""MDA"", ""MEA"", ""MEX"", ""NIG"", ""RUS"", ""SKT"", ""USA""]",b,Share of industrial GHG emissions,2019,27.356840966058222,%,"[""Emissions|GHG|Industry|Non-Metallic Minerals|Cement"", ""Emissions|GHG|Industry""]",2542.758438447978,MtCO2e/yr,9294.780934694878,MtCO2e/yr,100.0
baseline_noce,NDC+LTT,No CE,Global,Cement,Cement,plotted,"[""AFE"", ""AFN"", ""AFW"", ""AFZ"", ""ANZ"", ""ASC"", ""ASE"", ""ASO"", ""BRA"", ""CAN"", ""CHL"", ""CHN"", ""ENE"", ""ENW"", ""EUE"", ""EUM"", ""EUW"", ""IDN"", ""IND"", ""JPN"", ""LAM"", ""MDA"", ""MEA"", ""MEX"", ""NIG"", ""RUS"", ""SKT"", ""USA""]",b,Share of industrial GHG emissions,2024,24.127643958029335,%,"[""Emissions|GHG|Industry|Non-Metallic Minerals|Cement"", ""Emissions|GHG|Industry""]",2360.6936836724703,MtCO2e/yr,9784.186503161927,MtCO2e/yr,100.0
baseline_noce,NDC+LTT,No CE,Global,Cement,Cement,plotted,"[""AFE"", ""AFN"", ""AFW"", ""AFZ"", ""ANZ"", ""ASC"", ""ASE"", ""ASO"", ""BRA"", ""CAN"", ""CHL"", ""CHN"", ""ENE"", ""ENW"", ""EUE"", ""EUM"", ""EUW"", ""IDN"", ""IND"", ""JPN"", ""LAM"", ""MDA"", ""MEA"", ""MEX"", ""NIG"", ""RUS"", ""SKT"", ""USA""]",b,Share of industrial GHG emissions,2030,21.29557149365643,%,"[""Emissions|GHG|Industry|Non-Metallic Minerals|Cement"", ""Emissions|GHG|Industry""]",2097.7976651628746,MtCO2e/yr,9850.863433215545,MtCO2e/yr,100.0
baseline_noce,NDC+LTT,No CE,Global,Cement,Cement,plotted,"[""AFE"", ""AFN"", ""AFW"", ""AFZ"", ""ANZ"", ""ASC"", ""ASE"", ""ASO"", ""BRA"", ""CAN"", ""CHL"", ""CHN"", ""ENE"", ""ENW"", ""EUE"", ""EUM"", ""EUW"", ""IDN"", ""IND"", ""JPN"", ""LAM"", ""MDA"", ""MEA"", ""MEX"", ""NIG"", ""RUS"", ""SKT"", ""USA""]",b,Share of industrial GHG emissions,2035,21.049018098421573,%,"[""Emissions|GHG|Industry|Non-Metallic Minerals|Cement"", ""Emissions|GHG|Industry""]",1992.1680957149695,MtCO2e/yr,9464.422931273732,MtCO2e/yr,100.0
baseline_noce,NDC+LTT,No CE,Global,Cement,Cement,plotted,"[""AFE"", ""AFN"", ""AFW"", ""AFZ"", ""ANZ"", ""ASC"", ""ASE"", ""ASO"", ""BRA"", ""CAN"", ""CHL"", ""CHN"", ""ENE"", ""ENW"", ""EUE"", ""EUM"", ""EUW"", ""IDN"", ""IND"", ""JPN"", ""LAM"", ""MDA"", ""MEA"", ""MEX"", ""NIG"", ""RUS"", ""SKT"", ""USA""]",b,Share of industrial GHG emissions,2040,21.940987495881746,%,"[""Emissions|GHG|Industry|Non-Metallic Minerals|Cement"", ""Emissions|GHG|Industry""]",1911.0899971156512,MtCO2e/yr,8710.13666761515,MtCO2e/yr,100.0
baseline_noce,NDC+LTT,No CE,Global,Cement,Cement,plotted,"[""AFE"", ""AFN"", ""AFW"", ""AFZ"", ""ANZ"", ""ASC"", ""ASE"", ""ASO"", ""BRA"", ""CAN"", ""CHL"", ""CHN"", ""ENE"", ""ENW"", ""EUE"", ""EUM"", ""EUW"", ""IDN"", ""IND"", ""JPN"", ""LAM"", ""MDA"", ""MEA"", ""MEX"", ""NIG"", ""RUS"", ""SKT"", ""USA""]",b,Share of industrial GHG emissions,2050,38.587980260746875,%,"[""Emissions|GHG|Industry|Non-Metallic Minerals|Cement"", ""Emissions|GHG|Industry""]",1718.1234608434015,MtCO2e/yr,4452.483517493504,MtCO2e/yr,100.0
baseline_noce,NDC+LTT,No CE,Global,Cement,Cement,plotted,"[""AFE"", ""AFN"", ""AFW"", ""AFZ"", ""ANZ"", ""ASC"", ""ASE"", ""ASO"", ""BRA"", ""CAN"", ""CHL"", ""CHN"", ""ENE"", ""ENW"", ""EUE"", ""EUM"", ""EUW"", ""IDN"", ""IND"", ""JPN"", ""LAM"", ""MDA"", ""MEA"", ""MEX"", ""NIG"", ""RUS"", ""SKT"", ""USA""]",c,Derived emissions intensity,2019,0.6052155971768874,tCO2e/t,"[""Emissions|GHG|Industry|Non-Metallic Minerals|Cement"", ""Production|Non-Metallic Minerals|Cement""]",2542.758438447978,MtCO2e/yr,4201.409299940433,Mt/yr,1.0
baseline_noce,NDC+LTT,No CE,Global,Cement,Cement,plotted,"[""AFE"", ""AFN"", ""AFW"", ""AFZ"", ""ANZ"", ""ASC"", ""ASE"", ""ASO"", ""BRA"", ""CAN"", ""CHL"", ""CHN"", ""ENE"", ""ENW"", ""EUE"", ""EUM"", ""EUW"", ""IDN"", ""IND"", ""JPN"", ""LAM"", ""MDA"", ""MEA"", ""MEX"", ""NIG"", ""RUS"", ""SKT"", ""USA""]",c,Derived emissions intensity,2024,0.5977239720640364,tCO2e/t,"[""Emissions|GHG|Industry|Non-Metallic Minerals|Cement"", ""Production|Non-Metallic Minerals|Cement""]",2360.6936836724703,MtCO2e/yr,3949.47131787373,Mt/yr,1.0
baseline_noce,NDC+LTT,No CE,Global,Cement,Cement,plotted,"[""AFE"", ""AFN"", ""AFW"", ""AFZ"", ""ANZ"", ""ASC"", ""ASE"", ""ASO"", ""BRA"", ""CAN"", ""CHL"", ""CHN"", ""ENE"", ""ENW"", ""EUE"", ""EUM"", ""EUW"", ""IDN"", ""IND"", ""JPN"", ""LAM"", ""MDA"", ""MEA"", ""MEX"", ""NIG"", ""RUS"", ""SKT"", ""USA""]",c,Derived emissions intensity,2030,0.5587188857655027,tCO2e/t,"[""Emissions|GHG|Industry|Non-Metallic Minerals|Cement"", ""Production|Non-Metallic Minerals|Cement""]",2097.7976651628746,MtCO2e/yr,3754.656802568388,Mt/yr,1.0
baseline_noce,NDC+LTT,No CE,Global,Cement,Cement,plotted,"[""AFE"", ""AFN"", ""AFW"", ""AFZ"", ""ANZ"", ""ASC"", ""ASE"", ""ASO"", ""BRA"", ""CAN"", ""CHL"", ""CHN"", ""ENE"", ""ENW"", ""EUE"", ""EUM"", ""EUW"", ""IDN"", ""IND"", ""JPN"", ""LAM"", ""MDA"", ""MEA"", ""MEX"", ""NIG"", ""RUS"", ""SKT"", ""USA""]",c,Derived emissions intensity,2035,0.5438575094738624,tCO2e/t,"[""Emissions|GHG|Industry|Non-Metallic Minerals|Cement"", ""Production|Non-Metallic Minerals|Cement""]",1992.1680957149695,MtCO2e/yr,3663.033167717458,Mt/yr,1.0
baseline_noce,NDC+LTT,No CE,Global,Cement,Cement,plotted,"[""AFE"", ""AFN"", ""AFW"", ""AFZ"", ""ANZ"", ""ASC"", ""ASE"", ""ASO"", ""BRA"", ""CAN"", ""CHL"", ""CHN"", ""ENE"", ""ENW"", ""EUE"", ""EUM"", ""EUW"", ""IDN"", ""IND"", ""JPN"", ""LAM"", ""MDA"", ""MEA"", ""MEX"", ""NIG"", ""RUS"", ""SKT"", ""USA""]",c,Derived emissions intensity,2040,0.5220962885526099,tCO2e/t,"[""Emissions|GHG|Industry|Non-Metallic Minerals|Cement"", ""Production|Non-Metallic Minerals|Cement""]",1911.0899971156512,MtCO2e/yr,3660.4167449910474,Mt/yr,1.0
baseline_noce,NDC+LTT,No CE,Global,Cement,Cement,plotted,"[""AFE"", ""AFN"", ""AFW"", ""AFZ"", ""ANZ"", ""ASC"", ""ASE"", ""ASO"", ""BRA"", ""CAN"", ""CHL"", ""CHN"", ""ENE"", ""ENW"", ""EUE"", ""EUM"", ""EUW"", ""IDN"", ""IND"", ""JPN"", ""LAM"", ""MDA"", ""MEA"", ""MEX"", ""NIG"", ""RUS"", ""SKT"", ""USA""]",c,Derived emissions intensity,2050,0.4694152042084048,tCO2e/t,"[""Emissions|GHG|Industry|Non-Metallic Minerals|Cement"", ""Production|Non-Metallic Minerals|Cement""]",1718.1234608434015,MtCO2e/yr,3660.135942423824,Mt/yr,1.0
baseline_noce,NDC+LTT,No CE,Global,Cement,Cement,plotted,"[""AFE"", ""AFN"", ""AFW"", ""AFZ"", ""ANZ"", ""ASC"", ""ASE"", ""ASO"", ""BRA"", ""CAN"", ""CHL"", ""CHN"", ""ENE"", ""ENW"", ""EUE"", ""EUM"", ""EUW"", ""IDN"", ""IND"", ""JPN"", ""LAM"", ""MDA"", ""MEA"", ""MEX"", ""NIG"", ""RUS"", ""SKT"", ""USA""]",d,Carbon capture,2019,0.0,MtCO2/yr,"[""Carbon Capture|Industry|Non-Metallic Minerals|Cement""]",0.0,MtCO2/yr,,,1.0
baseline_noce,NDC+LTT,No CE,Global,Cement,Cement,plotted,"[""AFE"", ""AFN"", ""AFW"", ""AFZ"", ""ANZ"", ""ASC"", ""ASE"", ""ASO"", ""BRA"", ""CAN"", ""CHL"", ""CHN"", ""ENE"", ""ENW"", ""EUE"", ""EUM"", ""EUW"", ""IDN"", ""IND"", ""JPN"", ""LAM"", ""MDA"", ""MEA"", ""MEX"", ""NIG"", ""RUS"", ""SKT"", ""USA""]",d,Carbon capture,2024,0.0,MtCO2/yr,"[""Carbon Capture|Industry|Non-Metallic Minerals|Cement""]",0.0,MtCO2/yr,,,1.0
baseline_noce,NDC+LTT,No CE,Global,Cement,Cement,plotted,"[""AFE"", ""AFN"", ""AFW"", ""AFZ"", ""ANZ"", ""ASC"", ""ASE"", ""ASO"", ""BRA"", ""CAN"", ""CHL"", ""CHN"", ""ENE"", ""ENW"", ""EUE"", ""EUM"", ""EUW"", ""IDN"", ""IND"", ""JPN"", ""LAM"", ""MDA"", ""MEA"", ""MEX"", ""NIG"", ""RUS"", ""SKT"", ""USA""]",d,Carbon capture,2030,104.46842434605666,MtCO2/yr,"[""Carbon Capture|Industry|Non-Metallic Minerals|Cement""]",104.46842434605666,MtCO2/yr,,,1.0
baseline_noce,NDC+LTT,No CE,Global,Cement,Cement,plotted,"[""AFE"", ""AFN"", ""AFW"", ""AFZ"", ""ANZ"", ""ASC"", ""ASE"", ""ASO"", ""BRA"", ""CAN"", ""CHL"", ""CHN"", ""ENE"", ""ENW"", ""EUE"", ""EUM"", ""EUW"", ""IDN"", ""IND"", ""JPN"", ""LAM"", ""MDA"", ""MEA"", ""MEX"", ""NIG"", ""RUS"", ""SKT"", ""USA""]",d,Carbon capture,2035,109.5682659859391,MtCO2/yr,"[""Carbon Capture|Industry|Non-Metallic Minerals|Cement""]",109.5682659859391,MtCO2/yr,,,1.0
baseline_noce,NDC+LTT,No CE,Global,Cement,Cement,plotted,"[""AFE"", ""AFN"", ""AFW"", ""AFZ"", ""ANZ"", ""ASC"", ""ASE"", ""ASO"", ""BRA"", ""CAN"", ""CHL"", ""CHN"", ""ENE"", ""ENW"", ""EUE"", ""EUM"", ""EUW"", ""IDN"", ""IND"", ""JPN"", ""LAM"", ""MDA"", ""MEA"", ""MEX"", ""NIG"", ""RUS"", ""SKT"", ""USA""]",d,Carbon capture,2040,120.90375097364259,MtCO2/yr,"[""Carbon Capture|Industry|Non-Metallic Minerals|Cement""]",120.90375097364259,MtCO2/yr,,,1.0
baseline_noce,NDC+LTT,No CE,Global,Cement,Cement,plotted,"[""AFE"", ""AFN"", ""AFW"", ""AFZ"", ""ANZ"", ""ASC"", ""ASE"", ""ASO"", ""BRA"", ""CAN"", ""CHL"", ""CHN"", ""ENE"", ""ENW"", ""EUE"", ""EUM"", ""EUW"", ""IDN"", ""IND"", ""JPN"", ""LAM"", ""MDA"", ""MEA"", ""MEX"", ""NIG"", ""RUS"", ""SKT"", ""USA""]",d,Carbon capture,2050,155.19738104906853,MtCO2/yr,"[""Carbon Capture|Industry|Non-Metallic Minerals|Cement""]",155.19738104906853,MtCO2/yr,,,1.0
baseline_noce,NDC+LTT,No CE,Global,Iron and steel,Iron and steel,plotted,"[""AFE"", ""AFN"", ""AFW"", ""AFZ"", ""ANZ"", ""ASC"", ""ASE"", ""ASO"", ""BRA"", ""CAN"", ""CHL"", ""CHN"", ""ENE"", ""ENW"", ""EUE"", ""EUM"", ""EUW"", ""IDN"", ""IND"", ""JPN"", ""LAM"", ""MDA"", ""MEA"", ""MEX"", ""NIG"", ""RUS"", ""SKT"", ""USA""]",a,Sector GHG emissions,2019,2.74565603423791,GtCO2e/yr,"[""Emissions|GHG|Industry|Iron and Steel""]",2745.6560342379103,MtCO2e/yr,,,0.001
baseline_noce,NDC+LTT,No CE,Global,Iron and steel,Iron and steel,plotted,"[""AFE"", ""AFN"", ""AFW"", ""AFZ"", ""ANZ"", ""ASC"", ""ASE"", ""ASO"", ""BRA"", ""CAN"", ""CHL"", ""CHN"", ""ENE"", ""ENW"", ""EUE"", ""EUM"", ""EUW"", ""IDN"", ""IND"", ""JPN"", ""LAM"", ""MDA"", ""MEA"", ""MEX"", ""NIG"", ""RUS"", ""SKT"", ""USA""]",a,Sector GHG emissions,2024,2.6405834046078245,GtCO2e/yr,"[""Emissions|GHG|Industry|Iron and Steel""]",2640.5834046078244,MtCO2e/yr,,,0.001
baseline_noce,NDC+LTT,No CE,Global,Iron and steel,Iron and steel,plotted,"[""AFE"", ""AFN"", ""AFW"", ""AFZ"", ""ANZ"", ""ASC"", ""ASE"", ""ASO"", ""BRA"", ""CAN"", ""CHL"", ""CHN"", ""ENE"", ""ENW"", ""EUE"", ""EUM"", ""EUW"", ""IDN"", ""IND"", ""JPN"", ""LAM"", ""MDA"", ""MEA"", ""MEX"", ""NIG"", ""RUS"", ""SKT"", ""USA""]",a,Sector GHG emissions,2030,2.273480511099978,GtCO2e/yr,"[""Emissions|GHG|Industry|Iron and Steel""]",2273.4805110999782,MtCO2e/yr,,,0.001
baseline_noce,NDC+LTT,No CE,Global,Iron and steel,Iron and steel,plotted,"[""AFE"", ""AFN"", ""AFW"", ""AFZ"", ""ANZ"", ""ASC"", ""ASE"", ""ASO"", ""BRA"", ""CAN"", ""CHL"", ""CHN"", ""ENE"", ""ENW"", ""EUE"", ""EUM"", ""EUW"", ""IDN"", ""IND"", ""JPN"", ""LAM"", ""MDA"", ""MEA"", ""MEX"", ""NIG"", ""RUS"", ""SKT"", ""USA""]",a,Sector GHG emissions,2035,1.7835914059599014,GtCO2e/yr,"[""Emissions|GHG|Industry|Iron and Steel""]",1783.5914059599013,MtCO2e/yr,,,0.001
baseline_noce,NDC+LTT,No CE,Global,Iron and steel,Iron and steel,plotted,"[""AFE"", ""AFN"", ""AFW"", ""AFZ"", ""ANZ"", ""ASC"", ""ASE"", ""ASO"", ""BRA"", ""CAN"", ""CHL"", ""CHN"", ""ENE"", ""ENW"", ""EUE"", ""EUM"", ""EUW"", ""IDN"", ""IND"", ""JPN"", ""LAM"", ""MDA"", ""MEA"", ""MEX"", ""NIG"", ""RUS"", ""SKT"", ""USA""]",a,Sector GHG emissions,2040,1.402917936420128,GtCO2e/yr,"[""Emissions|GHG|Industry|Iron and Steel""]",1402.9179364201282,MtCO2e/yr,,,0.001
baseline_noce,NDC+LTT,No CE,Global,Iron and steel,Iron and steel,plotted,"[""AFE"", ""AFN"", ""AFW"", ""AFZ"", ""ANZ"", ""ASC"", ""ASE"", ""ASO"", ""BRA"", ""CAN"", ""CHL"", ""CHN"", ""ENE"", ""ENW"", ""EUE"", ""EUM"", ""EUW"", ""IDN"", ""IND"", ""JPN"", ""LAM"", ""MDA"", ""MEA"", ""MEX"", ""NIG"", ""RUS"", ""SKT"", ""USA""]",a,Sector GHG emissions,2050,0.740806396665101,GtCO2e/yr,"[""Emissions|GHG|Industry|Iron and Steel""]",740.8063966651009,MtCO2e/yr,,,0.001
baseline_noce,NDC+LTT,No CE,Global,Iron and steel,Iron and steel,plotted,"[""AFE"", ""AFN"", ""AFW"", ""AFZ"", ""ANZ"", ""ASC"", ""ASE"", ""ASO"", ""BRA"", ""CAN"", ""CHL"", ""CHN"", ""ENE"", ""ENW"", ""EUE"", ""EUM"", ""EUW"", ""IDN"", ""IND"", ""JPN"", ""LAM"", ""MDA"", ""MEA"", ""MEX"", ""NIG"", ""RUS"", ""SKT"", ""USA""]",b,Share of industrial GHG emissions,2019,29.539760576703067,%,"[""Emissions|GHG|Industry|Iron and Steel"", ""Emissions|GHG|Industry""]",2745.6560342379103,MtCO2e/yr,9294.780934694878,MtCO2e/yr,100.0
baseline_noce,NDC+LTT,No CE,Global,Iron and steel,Iron and steel,plotted,"[""AFE"", ""AFN"", ""AFW"", ""AFZ"", ""ANZ"", ""ASC"", ""ASE"", ""ASO"", ""BRA"", ""CAN"", ""CHL"", ""CHN"", ""ENE"", ""ENW"", ""EUE"", ""EUM"", ""EUW"", ""IDN"", ""IND"", ""JPN"", ""LAM"", ""MDA"", ""MEA"", ""MEX"", ""NIG"", ""RUS"", ""SKT"", ""USA""]",b,Share of industrial GHG emissions,2024,26.98827750017311,%,"[""Emissions|GHG|Industry|Iron and Steel"", ""Emissions|GHG|Industry""]",2640.5834046078244,MtCO2e/yr,9784.186503161927,MtCO2e/yr,100.0
baseline_noce,NDC+LTT,No CE,Global,Iron and steel,Iron and steel,plotted,"[""AFE"", ""AFN"", ""AFW"", ""AFZ"", ""ANZ"", ""ASC"", ""ASE"", ""ASO"", ""BRA"", ""CAN"", ""CHL"", ""CHN"", ""ENE"", ""ENW"", ""EUE"", ""EUM"", ""EUW"", ""IDN"", ""IND"", ""JPN"", ""LAM"", ""MDA"", ""MEA"", ""MEX"", ""NIG"", ""RUS"", ""SKT"", ""USA""]",b,Share of industrial GHG emissions,2030,23.078997354020395,%,"[""Emissions|GHG|Industry|Iron and Steel"", ""Emissions|GHG|Industry""]",2273.4805110999782,MtCO2e/yr,9850.863433215545,MtCO2e/yr,100.0
baseline_noce,NDC+LTT,No CE,Global,Iron and steel,Iron and steel,plotted,"[""AFE"", ""AFN"", ""AFW"", ""AFZ"", ""ANZ"", ""ASC"", ""ASE"", ""ASO"", ""BRA"", ""CAN"", ""CHL"", ""CHN"", ""ENE"", ""ENW"", ""EUE"", ""EUM"", ""EUW"", ""IDN"", ""IND"", ""JPN"", ""LAM"", ""MDA"", ""MEA"", ""MEX"", ""NIG"", ""RUS"", ""SKT"", ""USA""]",b,Share of industrial GHG emissions,2035,18.845220875181916,%,"[""Emissions|GHG|Industry|Iron and Steel"", ""Emissions|GHG|Industry""]",1783.5914059599013,MtCO2e/yr,9464.422931273732,MtCO2e/yr,100.0
baseline_noce,NDC+LTT,No CE,Global,Iron and steel,Iron and steel,plotted,"[""AFE"", ""AFN"", ""AFW"", ""AFZ"", ""ANZ"", ""ASC"", ""ASE"", ""ASO"", ""BRA"", ""CAN"", ""CHL"", ""CHN"", ""ENE"", ""ENW"", ""EUE"", ""EUM"", ""EUW"", ""IDN"", ""IND"", ""JPN"", ""LAM"", ""MDA"", ""MEA"", ""MEX"", ""NIG"", ""RUS"", ""SKT"", ""USA""]",b,Share of industrial GHG emissions,2040,16.106727023426252,%,"[""Emissions|GHG|Industry|Iron and Steel"", ""Emissions|GHG|Industry""]",1402.9179364201282,MtCO2e/yr,8710.13666761515,MtCO2e/yr,100.0
baseline_noce,NDC+LTT,No CE,Global,Iron and steel,Iron and steel,plotted,"[""AFE"", ""AFN"", ""AFW"", ""AFZ"", ""ANZ"", ""ASC"", ""ASE"", ""ASO"", ""BRA"", ""CAN"", ""CHL"", ""CHN"", ""ENE"", ""ENW"", ""EUE"", ""EUM"", ""EUW"", ""IDN"", ""IND"", ""JPN"", ""LAM"", ""MDA"", ""MEA"", ""MEX"", ""NIG"", ""RUS"", ""SKT"", ""USA""]",b,Share of industrial GHG emissions,2050,16.638049164124315,%,"[""Emissions|GHG|Industry|Iron and Steel"", ""Emissions|GHG|Industry""]",740.8063966651009,MtCO2e/yr,4452.483517493504,MtCO2e/yr,100.0
baseline_noce,NDC+LTT,No CE,Global,Iron and steel,Iron and steel,plotted,"[""AFE"", ""AFN"", ""AFW"", ""AFZ"", ""ANZ"", ""ASC"", ""ASE"", ""ASO"", ""BRA"", ""CAN"", ""CHL"", ""CHN"", ""ENE"", ""ENW"", ""EUE"", ""EUM"", ""EUW"", ""IDN"", ""IND"", ""JPN"", ""LAM"", ""MDA"", ""MEA"", ""MEX"", ""NIG"", ""RUS"", ""SKT"", ""USA""]",c,Derived emissions intensity,2019,1.5647335496873123,tCO2e/t,"[""Emissions|GHG|Industry|Iron and Steel"", ""Production|Iron and Steel|Primary"", ""Production|Iron and Steel|Secondary""]",2745.6560342379103,MtCO2e/yr,1754.711551232852,Mt/yr,1.0
baseline_noce,NDC+LTT,No CE,Global,Iron and steel,Iron and steel,plotted,"[""AFE"", ""AFN"", ""AFW"", ""AFZ"", ""ANZ"", ""ASC"", ""ASE"", ""ASO"", ""BRA"", ""CAN"", ""CHL"", ""CHN"", ""ENE"", ""ENW"", ""EUE"", ""EUM"", ""EUW"", ""IDN"", ""IND"", ""JPN"", ""LAM"", ""MDA"", ""MEA"", ""MEX"", ""NIG"", ""RUS"", ""SKT"", ""USA""]",c,Derived emissions intensity,2024,1.5307025003261827,tCO2e/t,"[""Emissions|GHG|Industry|Iron and Steel"", ""Production|Iron and Steel|Primary"", ""Production|Iron and Steel|Secondary""]",2640.5834046078244,MtCO2e/yr,1725.0794351254624,Mt/yr,1.0
baseline_noce,NDC+LTT,No CE,Global,Iron and steel,Iron and steel,plotted,"[""AFE"", ""AFN"", ""AFW"", ""AFZ"", ""ANZ"", ""ASC"", ""ASE"", ""ASO"", ""BRA"", ""CAN"", ""CHL"", ""CHN"", ""ENE"", ""ENW"", ""EUE"", ""EUM"", ""EUW"", ""IDN"", ""IND"", ""JPN"", ""LAM"", ""MDA"", ""MEA"", ""MEX"", ""NIG"", ""RUS"", ""SKT"", ""USA""]",c,Derived emissions intensity,2030,1.3845892547567369,tCO2e/t,"[""Emissions|GHG|Industry|Iron and Steel"", ""Production|Iron and Steel|Primary"", ""Production|Iron and Steel|Secondary""]",2273.4805110999782,MtCO2e/yr,1641.9891338095165,Mt/yr,1.0
baseline_noce,NDC+LTT,No CE,Global,Iron and steel,Iron and steel,plotted,"[""AFE"", ""AFN"", ""AFW"", ""AFZ"", ""ANZ"", ""ASC"", ""ASE"", ""ASO"", ""BRA"", ""CAN"", ""CHL"", ""CHN"", ""ENE"", ""ENW"", ""EUE"", ""EUM"", ""EUW"", ""IDN"", ""IND"", ""JPN"", ""LAM"", ""MDA"", ""MEA"", ""MEX"", ""NIG"", ""RUS"", ""SKT"", ""USA""]",c,Derived emissions intensity,2035,1.1177914885339595,tCO2e/t,"[""Emissions|GHG|Industry|Iron and Steel"", ""Production|Iron and Steel|Primary"", ""Production|Iron and Steel|Secondary""]",1783.5914059599013,MtCO2e/yr,1595.6387432321321,Mt/yr,1.0
baseline_noce,NDC+LTT,No CE,Global,Iron and steel,Iron and steel,plotted,"[""AFE"", ""AFN"", ""AFW"", ""AFZ"", ""ANZ"", ""ASC"", ""ASE"", ""ASO"", ""BRA"", ""CAN"", ""CHL"", ""CHN"", ""ENE"", ""ENW"", ""EUE"", ""EUM"", ""EUW"", ""IDN"", ""IND"", ""JPN"", ""LAM"", ""MDA"", ""MEA"", ""MEX"", ""NIG"", ""RUS"", ""SKT"", ""USA""]",c,Derived emissions intensity,2040,0.8333535939153167,tCO2e/t,"[""Emissions|GHG|Industry|Iron and Steel"", ""Production|Iron and Steel|Primary"", ""Production|Iron and Steel|Secondary""]",1402.9179364201282,MtCO2e/yr,1683.4605942344915,Mt/yr,1.0
baseline_noce,NDC+LTT,No CE,Global,Iron and steel,Iron and steel,plotted,"[""AFE"", ""AFN"", ""AFW"", ""AFZ"", ""ANZ"", ""ASC"", ""ASE"", ""ASO"", ""BRA"", ""CAN"", ""CHL"", ""CHN"", ""ENE"", ""ENW"", ""EUE"", ""EUM"", ""EUW"", ""IDN"", ""IND"", ""JPN"", ""LAM"", ""MDA"", ""MEA"", ""MEX"", ""NIG"", ""RUS"", ""SKT"", ""USA""]",c,Derived emissions intensity,2050,0.33874266725574614,tCO2e/t,"[""Emissions|GHG|Industry|Iron and Steel"", ""Production|Iron and Steel|Primary"", ""Production|Iron and Steel|Secondary""]",740.8063966651009,MtCO2e/yr,2186.929691103253,Mt/yr,1.0
baseline_noce,NDC+LTT,No CE,Global,Iron and steel,Iron and steel,plotted,"[""AFE"", ""AFN"", ""AFW"", ""AFZ"", ""ANZ"", ""ASC"", ""ASE"", ""ASO"", ""BRA"", ""CAN"", ""CHL"", ""CHN"", ""ENE"", ""ENW"", ""EUE"", ""EUM"", ""EUW"", ""IDN"", ""IND"", ""JPN"", ""LAM"", ""MDA"", ""MEA"", ""MEX"", ""NIG"", ""RUS"", ""SKT"", ""USA""]",d,Carbon capture,2019,0.0,MtCO2/yr,"[""Carbon Capture|Industry|Iron and Steel""]",0.0,MtCO2/yr,,,1.0
baseline_noce,NDC+LTT,No CE,Global,Iron and steel,Iron and steel,plotted,"[""AFE"", ""AFN"", ""AFW"", ""AFZ"", ""ANZ"", ""ASC"", ""ASE"", ""ASO"", ""BRA"", ""CAN"", ""CHL"", ""CHN"", ""ENE"", ""ENW"", ""EUE"", ""EUM"", ""EUW"", ""IDN"", ""IND"", ""JPN"", ""LAM"", ""MDA"", ""MEA"", ""MEX"", ""NIG"", ""RUS"", ""SKT"", ""USA""]",d,Carbon capture,2024,0.0,MtCO2/yr,"[""Carbon Capture|Industry|Iron and Steel""]",0.0,MtCO2/yr,,,1.0
baseline_noce,NDC+LTT,No CE,Global,Iron and steel,Iron and steel,plotted,"[""AFE"", ""AFN"", ""AFW"", ""AFZ"", ""ANZ"", ""ASC"", ""ASE"", ""ASO"", ""BRA"", ""CAN"", ""CHL"", ""CHN"", ""ENE"", ""ENW"", ""EUE"", ""EUM"", ""EUW"", ""IDN"", ""IND"", ""JPN"", ""LAM"", ""MDA"", ""MEA"", ""MEX"", ""NIG"", ""RUS"", ""SKT"", ""USA""]",d,Carbon capture,2030,0.0,MtCO2/yr,"[""Carbon Capture|Industry|Iron and Steel""]",0.0,MtCO2/yr,,,1.0
baseline_noce,NDC+LTT,No CE,Global,Iron and steel,Iron and steel,plotted,"[""AFE"", ""AFN"", ""AFW"", ""AFZ"", ""ANZ"", ""ASC"", ""ASE"", ""ASO"", ""BRA"", ""CAN"", ""CHL"", ""CHN"", ""ENE"", ""ENW"", ""EUE"", ""EUM"", ""EUW"", ""IDN"", ""IND"", ""JPN"", ""LAM"", ""MDA"", ""MEA"", ""MEX"", ""NIG"", ""RUS"", ""SKT"", ""USA""]",d,Carbon capture,2035,27.747017596744534,MtCO2/yr,"[""Carbon Capture|Industry|Iron and Steel""]",27.747017596744534,MtCO2/yr,,,1.0
baseline_noce,NDC+LTT,No CE,Global,Iron and steel,Iron and steel,plotted,"[""AFE"", ""AFN"", ""AFW"", ""AFZ"", ""ANZ"", ""ASC"", ""ASE"", ""ASO"", ""BRA"", ""CAN"", ""CHL"", ""CHN"", ""ENE"", ""ENW"", ""EUE"", ""EUM"", ""EUW"", ""IDN"", ""IND"", ""JPN"", ""LAM"", ""MDA"", ""MEA"", ""MEX"", ""NIG"", ""RUS"", ""SKT"", ""USA""]",d,Carbon capture,2040,34.88531854523063,MtCO2/yr,"[""Carbon Capture|Industry|Iron and Steel""]",34.88531854523063,MtCO2/yr,,,1.0
baseline_noce,NDC+LTT,No CE,Global,Iron and steel,Iron and steel,plotted,"[""AFE"", ""AFN"", ""AFW"", ""AFZ"", ""ANZ"", ""ASC"", ""ASE"", ""ASO"", ""BRA"", ""CAN"", ""CHL"", ""CHN"", ""ENE"", ""ENW"", ""EUE"", ""EUM"", ""EUW"", ""IDN"", ""IND"", ""JPN"", ""LAM"", ""MDA"", ""MEA"", ""MEX"", ""NIG"", ""RUS"", ""SKT"", ""USA""]",d,Carbon capture,2050,40.73594903048325,MtCO2/yr,"[""Carbon Capture|Industry|Iron and Steel""]",40.73594903048325,MtCO2/yr,,,1.0
baseline_noce,NDC+LTT,No CE,Global,Aluminium,Aluminium,plotted,"[""AFE"", ""AFN"", ""AFW"", ""AFZ"", ""ANZ"", ""ASC"", ""ASE"", ""ASO"", ""BRA"", ""CAN"", ""CHL"", ""CHN"", ""ENE"", ""ENW"", ""EUE"", ""EUM"", ""EUW"", ""IDN"", ""IND"", ""JPN"", ""LAM"", ""MDA"", ""MEA"", ""MEX"", ""NIG"", ""RUS"", ""SKT"", ""USA""]",a,Sector GHG emissions,2019,0.20657298142796365,GtCO2e/yr,"[""Emissions|GHG|Industry|Non-Ferrous Metals|Aluminum""]",206.57298142796364,MtCO2e/yr,,,0.001
baseline_noce,NDC+LTT,No CE,Global,Aluminium,Aluminium,plotted,"[""AFE"", ""AFN"", ""AFW"", ""AFZ"", ""ANZ"", ""ASC"", ""ASE"", ""ASO"", ""BRA"", ""CAN"", ""CHL"", ""CHN"", ""ENE"", ""ENW"", ""EUE"", ""EUM"", ""EUW"", ""IDN"", ""IND"", ""JPN"", ""LAM"", ""MDA"", ""MEA"", ""MEX"", ""NIG"", ""RUS"", ""SKT"", ""USA""]",a,Sector GHG emissions,2024,0.24798624821972323,GtCO2e/yr,"[""Emissions|GHG|Industry|Non-Ferrous Metals|Aluminum""]",247.98624821972322,MtCO2e/yr,,,0.001
baseline_noce,NDC+LTT,No CE,Global,Aluminium,Aluminium,plotted,"[""AFE"", ""AFN"", ""AFW"", ""AFZ"", ""ANZ"", ""ASC"", ""ASE"", ""ASO"", ""BRA"", ""CAN"", ""CHL"", ""CHN"", ""ENE"", ""ENW"", ""EUE"", ""EUM"", ""EUW"", ""IDN"", ""IND"", ""JPN"", ""LAM"", ""MDA"", ""MEA"", ""MEX"", ""NIG"", ""RUS"", ""SKT"", ""USA""]",a,Sector GHG emissions,2030,0.20450892873301849,GtCO2e/yr,"[""Emissions|GHG|Industry|Non-Ferrous Metals|Aluminum""]",204.50892873301848,MtCO2e/yr,,,0.001
baseline_noce,NDC+LTT,No CE,Global,Aluminium,Aluminium,plotted,"[""AFE"", ""AFN"", ""AFW"", ""AFZ"", ""ANZ"", ""ASC"", ""ASE"", ""ASO"", ""BRA"", ""CAN"", ""CHL"", ""CHN"", ""ENE"", ""ENW"", ""EUE"", ""EUM"", ""EUW"", ""IDN"", ""IND"", ""JPN"", ""LAM"", ""MDA"", ""MEA"", ""MEX"", ""NIG"", ""RUS"", ""SKT"", ""USA""]",a,Sector GHG emissions,2035,0.16650441627348747,GtCO2e/yr,"[""Emissions|GHG|Industry|Non-Ferrous Metals|Aluminum""]",166.50441627348746,MtCO2e/yr,,,0.001
baseline_noce,NDC+LTT,No CE,Global,Aluminium,Aluminium,plotted,"[""AFE"", ""AFN"", ""AFW"", ""AFZ"", ""ANZ"", ""ASC"", ""ASE"", ""ASO"", ""BRA"", ""CAN"", ""CHL"", ""CHN"", ""ENE"", ""ENW"", ""EUE"", ""EUM"", ""EUW"", ""IDN"", ""IND"", ""JPN"", ""LAM"", ""MDA"", ""MEA"", ""MEX"", ""NIG"", ""RUS"", ""SKT"", ""USA""]",a,Sector GHG emissions,2040,0.1263006604449046,GtCO2e/yr,"[""Emissions|GHG|Industry|Non-Ferrous Metals|Aluminum""]",126.30066044490461,MtCO2e/yr,,,0.001
baseline_noce,NDC+LTT,No CE,Global,Aluminium,Aluminium,plotted,"[""AFE"", ""AFN"", ""AFW"", ""AFZ"", ""ANZ"", ""ASC"", ""ASE"", ""ASO"", ""BRA"", ""CAN"", ""CHL"", ""CHN"", ""ENE"", ""ENW"", ""EUE"", ""EUM"", ""EUW"", ""IDN"", ""IND"", ""JPN"", ""LAM"", ""MDA"", ""MEA"", ""MEX"", ""NIG"", ""RUS"", ""SKT"", ""USA""]",a,Sector GHG emissions,2050,0.051151960773940935,GtCO2e/yr,"[""Emissions|GHG|Industry|Non-Ferrous Metals|Aluminum""]",51.151960773940935,MtCO2e/yr,,,0.001
baseline_noce,NDC+LTT,No CE,Global,Aluminium,Aluminium,plotted,"[""AFE"", ""AFN"", ""AFW"", ""AFZ"", ""ANZ"", ""ASC"", ""ASE"", ""ASO"", ""BRA"", ""CAN"", ""CHL"", ""CHN"", ""ENE"", ""ENW"", ""EUE"", ""EUM"", ""EUW"", ""IDN"", ""IND"", ""JPN"", ""LAM"", ""MDA"", ""MEA"", ""MEX"", ""NIG"", ""RUS"", ""SKT"", ""USA""]",b,Share of industrial GHG emissions,2019,2.2224620771521697,%,"[""Emissions|GHG|Industry|Non-Ferrous Metals|Aluminum"", ""Emissions|GHG|Industry""]",206.57298142796364,MtCO2e/yr,9294.780934694878,MtCO2e/yr,100.0
baseline_noce,NDC+LTT,No CE,Global,Aluminium,Aluminium,plotted,"[""AFE"", ""AFN"", ""AFW"", ""AFZ"", ""ANZ"", ""ASC"", ""ASE"", ""ASO"", ""BRA"", ""CAN"", ""CHL"", ""CHN"", ""ENE"", ""ENW"", ""EUE"", ""EUM"", ""EUW"", ""IDN"", ""IND"", ""JPN"", ""LAM"", ""MDA"", ""MEA"", ""MEX"", ""NIG"", ""RUS"", ""SKT"", ""USA""]",b,Share of industrial GHG emissions,2024,2.5345617455225558,%,"[""Emissions|GHG|Industry|Non-Ferrous Metals|Aluminum"", ""Emissions|GHG|Industry""]",247.98624821972322,MtCO2e/yr,9784.186503161927,MtCO2e/yr,100.0
baseline_noce,NDC+LTT,No CE,Global,Aluminium,Aluminium,plotted,"[""AFE"", ""AFN"", ""AFW"", ""AFZ"", ""ANZ"", ""ASC"", ""ASE"", ""ASO"", ""BRA"", ""CAN"", ""CHL"", ""CHN"", ""ENE"", ""ENW"", ""EUE"", ""EUM"", ""EUW"", ""IDN"", ""IND"", ""JPN"", ""LAM"", ""MDA"", ""MEA"", ""MEX"", ""NIG"", ""RUS"", ""SKT"", ""USA""]",b,Share of industrial GHG emissions,2030,2.0760507961509944,%,"[""Emissions|GHG|Industry|Non-Ferrous Metals|Aluminum"", ""Emissions|GHG|Industry""]",204.50892873301848,MtCO2e/yr,9850.863433215545,MtCO2e/yr,100.0
baseline_noce,NDC+LTT,No CE,Global,Aluminium,Aluminium,plotted,"[""AFE"", ""AFN"", ""AFW"", ""AFZ"", ""ANZ"", ""ASC"", ""ASE"", ""ASO"", ""BRA"", ""CAN"", ""CHL"", ""CHN"", ""ENE"", ""ENW"", ""EUE"", ""EUM"", ""EUW"", ""IDN"", ""IND"", ""JPN"", ""LAM"", ""MDA"", ""MEA"", ""MEX"", ""NIG"", ""RUS"", ""SKT"", ""USA""]",b,Share of industrial GHG emissions,2035,1.759266438984877,%,"[""Emissions|GHG|Industry|Non-Ferrous Metals|Aluminum"", ""Emissions|GHG|Industry""]",166.50441627348746,MtCO2e/yr,9464.422931273732,MtCO2e/yr,100.0
baseline_noce,NDC+LTT,No CE,Global,Aluminium,Aluminium,plotted,"[""AFE"", ""AFN"", ""AFW"", ""AFZ"", ""ANZ"", ""ASC"", ""ASE"", ""ASO"", ""BRA"", ""CAN"", ""CHL"", ""CHN"", ""ENE"", ""ENW"", ""EUE"", ""EUM"", ""EUW"", ""IDN"", ""IND"", ""JPN"", ""LAM"", ""MDA"", ""MEA"", ""MEX"", ""NIG"", ""RUS"", ""SKT"", ""USA""]",b,Share of industrial GHG emissions,2040,1.4500422354392968,%,"[""Emissions|GHG|Industry|Non-Ferrous Metals|Aluminum"", ""Emissions|GHG|Industry""]",126.30066044490461,MtCO2e/yr,8710.13666761515,MtCO2e/yr,100.0
baseline_noce,NDC+LTT,No CE,Global,Aluminium,Aluminium,plotted,"[""AFE"", ""AFN"", ""AFW"", ""AFZ"", ""ANZ"", ""ASC"", ""ASE"", ""ASO"", ""BRA"", ""CAN"", ""CHL"", ""CHN"", ""ENE"", ""ENW"", ""EUE"", ""EUM"", ""EUW"", ""IDN"", ""IND"", ""JPN"", ""LAM"", ""MDA"", ""MEA"", ""MEX"", ""NIG"", ""RUS"", ""SKT"", ""USA""]",b,Share of industrial GHG emissions,2050,1.1488411034643558,%,"[""Emissions|GHG|Industry|Non-Ferrous Metals|Aluminum"", ""Emissions|GHG|Industry""]",51.151960773940935,MtCO2e/yr,4452.483517493504,MtCO2e/yr,100.0
baseline_noce,NDC+LTT,No CE,Global,Aluminium,Aluminium,plotted,"[""AFE"", ""AFN"", ""AFW"", ""AFZ"", ""ANZ"", ""ASC"", ""ASE"", ""ASO"", ""BRA"", ""CAN"", ""CHL"", ""CHN"", ""ENE"", ""ENW"", ""EUE"", ""EUM"", ""EUW"", ""IDN"", ""IND"", ""JPN"", ""LAM"", ""MDA"", ""MEA"", ""MEX"", ""NIG"", ""RUS"", ""SKT"", ""USA""]",c,Derived emissions intensity,2019,2.1859580832684005,tCO2e/t,"[""Emissions|GHG|Industry|Non-Ferrous Metals|Aluminum"", ""Production|Non-Ferrous Metals|Aluminum|Primary"", ""Production|Non-Ferrous Metals|Aluminum|Secondary""]",206.57298142796364,MtCO2e/yr,94.49997372278058,Mt/yr,1.0
baseline_noce,NDC+LTT,No CE,Global,Aluminium,Aluminium,plotted,"[""AFE"", ""AFN"", ""AFW"", ""AFZ"", ""ANZ"", ""ASC"", ""ASE"", ""ASO"", ""BRA"", ""CAN"", ""CHL"", ""CHN"", ""ENE"", ""ENW"", ""EUE"", ""EUM"", ""EUW"", ""IDN"", ""IND"", ""JPN"", ""LAM"", ""MDA"", ""MEA"", ""MEX"", ""NIG"", ""RUS"", ""SKT"", ""USA""]",c,Derived emissions intensity,2024,2.0492475066360236,tCO2e/t,"[""Emissions|GHG|Industry|Non-Ferrous Metals|Aluminum"", ""Production|Non-Ferrous Metals|Aluminum|Primary"", ""Production|Non-Ferrous Metals|Aluminum|Secondary""]",247.98624821972322,MtCO2e/yr,121.01332192264523,Mt/yr,1.0
baseline_noce,NDC+LTT,No CE,Global,Aluminium,Aluminium,plotted,"[""AFE"", ""AFN"", ""AFW"", ""AFZ"", ""ANZ"", ""ASC"", ""ASE"", ""ASO"", ""BRA"", ""CAN"", ""CHL"", ""CHN"", ""ENE"", ""ENW"", ""EUE"", ""EUM"", ""EUW"", ""IDN"", ""IND"", ""JPN"", ""LAM"", ""MDA"", ""MEA"", ""MEX"", ""NIG"", ""RUS"", ""SKT"", ""USA""]",c,Derived emissions intensity,2030,1.6442509617089558,tCO2e/t,"[""Emissions|GHG|Industry|Non-Ferrous Metals|Aluminum"", ""Production|Non-Ferrous Metals|Aluminum|Primary"", ""Production|Non-Ferrous Metals|Aluminum|Secondary""]",204.50892873301848,MtCO2e/yr,124.37817188226649,Mt/yr,1.0
baseline_noce,NDC+LTT,No CE,Global,Aluminium,Aluminium,plotted,"[""AFE"", ""AFN"", ""AFW"", ""AFZ"", ""ANZ"", ""ASC"", ""ASE"", ""ASO"", ""BRA"", ""CAN"", ""CHL"", ""CHN"", ""ENE"", ""ENW"", ""EUE"", ""EUM"", ""EUW"", ""IDN"", ""IND"", ""JPN"", ""LAM"", ""MDA"", ""MEA"", ""MEX"", ""NIG"", ""RUS"", ""SKT"", ""USA""]",c,Derived emissions intensity,2035,1.3107767767256386,tCO2e/t,"[""Emissions|GHG|Industry|Non-Ferrous Metals|Aluminum"", ""Production|Non-Ferrous Metals|Aluminum|Primary"", ""Production|Non-Ferrous Metals|Aluminum|Secondary""]",166.50441627348746,MtCO2e/yr,127.02728582773696,Mt/yr,1.0
baseline_noce,NDC+LTT,No CE,Global,Aluminium,Aluminium,plotted,"[""AFE"", ""AFN"", ""AFW"", ""AFZ"", ""ANZ"", ""ASC"", ""ASE"", ""ASO"", ""BRA"", ""CAN"", ""CHL"", ""CHN"", ""ENE"", ""ENW"", ""EUE"", ""EUM"", ""EUW"", ""IDN"", ""IND"", ""JPN"", ""LAM"", ""MDA"", ""MEA"", ""MEX"", ""NIG"", ""RUS"", ""SKT"", ""USA""]",c,Derived emissions intensity,2040,0.9607446411395835,tCO2e/t,"[""Emissions|GHG|Industry|Non-Ferrous Metals|Aluminum"", ""Production|Non-Ferrous Metals|Aluminum|Primary"", ""Production|Non-Ferrous Metals|Aluminum|Secondary""]",126.30066044490461,MtCO2e/yr,131.46121772284212,Mt/yr,1.0
baseline_noce,NDC+LTT,No CE,Global,Aluminium,Aluminium,plotted,"[""AFE"", ""AFN"", ""AFW"", ""AFZ"", ""ANZ"", ""ASC"", ""ASE"", ""ASO"", ""BRA"", ""CAN"", ""CHL"", ""CHN"", ""ENE"", ""ENW"", ""EUE"", ""EUM"", ""EUW"", ""IDN"", ""IND"", ""JPN"", ""LAM"", ""MDA"", ""MEA"", ""MEX"", ""NIG"", ""RUS"", ""SKT"", ""USA""]",c,Derived emissions intensity,2050,0.38456047791217374,tCO2e/t,"[""Emissions|GHG|Industry|Non-Ferrous Metals|Aluminum"", ""Production|Non-Ferrous Metals|Aluminum|Primary"", ""Production|Non-Ferrous Metals|Aluminum|Secondary""]",51.151960773940935,MtCO2e/yr,133.01408676120656,Mt/yr,1.0
baseline_noce,NDC+LTT,No CE,Global,Aluminium,Aluminium,plotted,"[""AFE"", ""AFN"", ""AFW"", ""AFZ"", ""ANZ"", ""ASC"", ""ASE"", ""ASO"", ""BRA"", ""CAN"", ""CHL"", ""CHN"", ""ENE"", ""ENW"", ""EUE"", ""EUM"", ""EUW"", ""IDN"", ""IND"", ""JPN"", ""LAM"", ""MDA"", ""MEA"", ""MEX"", ""NIG"", ""RUS"", ""SKT"", ""USA""]",d,Carbon capture,2019,0.0,MtCO2/yr,"[""Carbon Capture|Industry|Non-Ferrous Metals|Aluminum""]",0.0,MtCO2/yr,,,1.0
baseline_noce,NDC+LTT,No CE,Global,Aluminium,Aluminium,plotted,"[""AFE"", ""AFN"", ""AFW"", ""AFZ"", ""ANZ"", ""ASC"", ""ASE"", ""ASO"", ""BRA"", ""CAN"", ""CHL"", ""CHN"", ""ENE"", ""ENW"", ""EUE"", ""EUM"", ""EUW"", ""IDN"", ""IND"", ""JPN"", ""LAM"", ""MDA"", ""MEA"", ""MEX"", ""NIG"", ""RUS"", ""SKT"", ""USA""]",d,Carbon capture,2024,0.0,MtCO2/yr,"[""Carbon Capture|Industry|Non-Ferrous Metals|Aluminum""]",0.0,MtCO2/yr,,,1.0
baseline_noce,NDC+LTT,No CE,Global,Aluminium,Aluminium,plotted,"[""AFE"", ""AFN"", ""AFW"", ""AFZ"", ""ANZ"", ""ASC"", ""ASE"", ""ASO"", ""BRA"", ""CAN"", ""CHL"", ""CHN"", ""ENE"", ""ENW"", ""EUE"", ""EUM"", ""EUW"", ""IDN"", ""IND"", ""JPN"", ""LAM"", ""MDA"", ""MEA"", ""MEX"", ""NIG"", ""RUS"", ""SKT"", ""USA""]",d,Carbon capture,2030,0.0933544648818979,MtCO2/yr,"[""Carbon Capture|Industry|Non-Ferrous Metals|Aluminum""]",0.0933544648818979,MtCO2/yr,,,1.0
baseline_noce,NDC+LTT,No CE,Global,Aluminium,Aluminium,plotted,"[""AFE"", ""AFN"", ""AFW"", ""AFZ"", ""ANZ"", ""ASC"", ""ASE"", ""ASO"", ""BRA"", ""CAN"", ""CHL"", ""CHN"", ""ENE"", ""ENW"", ""EUE"", ""EUM"", ""EUW"", ""IDN"", ""IND"", ""JPN"", ""LAM"", ""MDA"", ""MEA"", ""MEX"", ""NIG"", ""RUS"", ""SKT"", ""USA""]",d,Carbon capture,2035,0.0933544658397913,MtCO2/yr,"[""Carbon Capture|Industry|Non-Ferrous Metals|Aluminum""]",0.0933544658397913,MtCO2/yr,,,1.0
baseline_noce,NDC+LTT,No CE,Global,Aluminium,Aluminium,plotted,"[""AFE"", ""AFN"", ""AFW"", ""AFZ"", ""ANZ"", ""ASC"", ""ASE"", ""ASO"", ""BRA"", ""CAN"", ""CHL"", ""CHN"", ""ENE"", ""ENW"", ""EUE"", ""EUM"", ""EUW"", ""IDN"", ""IND"", ""JPN"", ""LAM"", ""MDA"", ""MEA"", ""MEX"", ""NIG"", ""RUS"", ""SKT"", ""USA""]",d,Carbon capture,2040,0.0933544676169414,MtCO2/yr,"[""Carbon Capture|Industry|Non-Ferrous Metals|Aluminum""]",0.0933544676169414,MtCO2/yr,,,1.0
baseline_noce,NDC+LTT,No CE,Global,Aluminium,Aluminium,plotted,"[""AFE"", ""AFN"", ""AFW"", ""AFZ"", ""ANZ"", ""ASC"", ""ASE"", ""ASO"", ""BRA"", ""CAN"", ""CHL"", ""CHN"", ""ENE"", ""ENW"", ""EUE"", ""EUM"", ""EUW"", ""IDN"", ""IND"", ""JPN"", ""LAM"", ""MDA"", ""MEA"", ""MEX"", ""NIG"", ""RUS"", ""SKT"", ""USA""]",d,Carbon capture,2050,4.2872008007625296e-05,MtCO2/yr,"[""Carbon Capture|Industry|Non-Ferrous Metals|Aluminum""]",4.2872008007625296e-05,MtCO2/yr,,,1.0
ndc_noce,NDC,No CE,Global,Cement,Cement,plotted,"[""AFE"", ""AFN"", ""AFW"", ""AFZ"", ""ANZ"", ""ASC"", ""ASE"", ""ASO"", ""BRA"", ""CAN"", ""CHL"", ""CHN"", ""ENE"", ""ENW"", ""EUE"", ""EUM"", ""EUW"", ""IDN"", ""IND"", ""JPN"", ""LAM"", ""MDA"", ""MEA"", ""MEX"", ""NIG"", ""RUS"", ""SKT"", ""USA""]",a,Sector GHG emissions,2019,2.542758438447978,GtCO2e/yr,"[""Emissions|GHG|Industry|Non-Metallic Minerals|Cement""]",2542.758438447978,MtCO2e/yr,,,0.001
ndc_noce,NDC,No CE,Global,Cement,Cement,plotted,"[""AFE"", ""AFN"", ""AFW"", ""AFZ"", ""ANZ"", ""ASC"", ""ASE"", ""ASO"", ""BRA"", ""CAN"", ""CHL"", ""CHN"", ""ENE"", ""ENW"", ""EUE"", ""EUM"", ""EUW"", ""IDN"", ""IND"", ""JPN"", ""LAM"", ""MDA"", ""MEA"", ""MEX"", ""NIG"", ""RUS"", ""SKT"", ""USA""]",a,Sector GHG emissions,2024,2.36069368367247,GtCO2e/yr,"[""Emissions|GHG|Industry|Non-Metallic Minerals|Cement""]",2360.6936836724703,MtCO2e/yr,,,0.001
ndc_noce,NDC,No CE,Global,Cement,Cement,plotted,"[""AFE"", ""AFN"", ""AFW"", ""AFZ"", ""ANZ"", ""ASC"", ""ASE"", ""ASO"", ""BRA"", ""CAN"", ""CHL"", ""CHN"", ""ENE"", ""ENW"", ""EUE"", ""EUM"", ""EUW"", ""IDN"", ""IND"", ""JPN"", ""LAM"", ""MDA"", ""MEA"", ""MEX"", ""NIG"", ""RUS"", ""SKT"", ""USA""]",a,Sector GHG emissions,2030,2.1019035280152876,GtCO2e/yr,"[""Emissions|GHG|Industry|Non-Metallic Minerals|Cement""]",2101.9035280152875,MtCO2e/yr,,,0.001
ndc_noce,NDC,No CE,Global,Cement,Cement,plotted,"[""AFE"", ""AFN"", ""AFW"", ""AFZ"", ""ANZ"", ""ASC"", ""ASE"", ""ASO"", ""BRA"", ""CAN"", ""CHL"", ""CHN"", ""ENE"", ""ENW"", ""EUE"", ""EUM"", ""EUW"", ""IDN"", ""IND"", ""JPN"", ""LAM"", ""MDA"", ""MEA"", ""MEX"", ""NIG"", ""RUS"", ""SKT"", ""USA""]",a,Sector GHG emissions,2035,2.002443544300818,GtCO2e/yr,"[""Emissions|GHG|Industry|Non-Metallic Minerals|Cement""]",2002.4435443008183,MtCO2e/yr,,,0.001
ndc_noce,NDC,No CE,Global,Cement,Cement,plotted,"[""AFE"", ""AFN"", ""AFW"", ""AFZ"", ""ANZ"", ""ASC"", ""ASE"", ""ASO"", ""BRA"", ""CAN"", ""CHL"", ""CHN"", ""ENE"", ""ENW"", ""EUE"", ""EUM"", ""EUW"", ""IDN"", ""IND"", ""JPN"", ""LAM"", ""MDA"", ""MEA"", ""MEX"", ""NIG"", ""RUS"", ""SKT"", ""USA""]",a,Sector GHG emissions,2040,1.927351789079734,GtCO2e/yr,"[""Emissions|GHG|Industry|Non-Metallic Minerals|Cement""]",1927.351789079734,MtCO2e/yr,,,0.001
ndc_noce,NDC,No CE,Global,Cement,Cement,plotted,"[""AFE"", ""AFN"", ""AFW"", ""AFZ"", ""ANZ"", ""ASC"", ""ASE"", ""ASO"", ""BRA"", ""CAN"", ""CHL"", ""CHN"", ""ENE"", ""ENW"", ""EUE"", ""EUM"", ""EUW"", ""IDN"", ""IND"", ""JPN"", ""LAM"", ""MDA"", ""MEA"", ""MEX"", ""NIG"", ""RUS"", ""SKT"", ""USA""]",a,Sector GHG emissions,2050,1.8066775162798043,GtCO2e/yr,"[""Emissions|GHG|Industry|Non-Metallic Minerals|Cement""]",1806.6775162798044,MtCO2e/yr,,,0.001
ndc_noce,NDC,No CE,Global,Cement,Cement,plotted,"[""AFE"", ""AFN"", ""AFW"", ""AFZ"", ""ANZ"", ""ASC"", ""ASE"", ""ASO"", ""BRA"", ""CAN"", ""CHL"", ""CHN"", ""ENE"", ""ENW"", ""EUE"", ""EUM"", ""EUW"", ""IDN"", ""IND"", ""JPN"", ""LAM"", ""MDA"", ""MEA"", ""MEX"", ""NIG"", ""RUS"", ""SKT"", ""USA""]",b,Share of industrial GHG emissions,2019,27.356840966058222,%,"[""Emissions|GHG|Industry|Non-Metallic Minerals|Cement"", ""Emissions|GHG|Industry""]",2542.758438447978,MtCO2e/yr,9294.780934694878,MtCO2e/yr,100.0
ndc_noce,NDC,No CE,Global,Cement,Cement,plotted,"[""AFE"", ""AFN"", ""AFW"", ""AFZ"", ""ANZ"", ""ASC"", ""ASE"", ""ASO"", ""BRA"", ""CAN"", ""CHL"", ""CHN"", ""ENE"", ""ENW"", ""EUE"", ""EUM"", ""EUW"", ""IDN"", ""IND"", ""JPN"", ""LAM"", ""MDA"", ""MEA"", ""MEX"", ""NIG"", ""RUS"", ""SKT"", ""USA""]",b,Share of industrial GHG emissions,2024,24.127643958029335,%,"[""Emissions|GHG|Industry|Non-Metallic Minerals|Cement"", ""Emissions|GHG|Industry""]",2360.6936836724703,MtCO2e/yr,9784.186503161927,MtCO2e/yr,100.0
ndc_noce,NDC,No CE,Global,Cement,Cement,plotted,"[""AFE"", ""AFN"", ""AFW"", ""AFZ"", ""ANZ"", ""ASC"", ""ASE"", ""ASO"", ""BRA"", ""CAN"", ""CHL"", ""CHN"", ""ENE"", ""ENW"", ""EUE"", ""EUM"", ""EUW"", ""IDN"", ""IND"", ""JPN"", ""LAM"", ""MDA"", ""MEA"", ""MEX"", ""NIG"", ""RUS"", ""SKT"", ""USA""]",b,Share of industrial GHG emissions,2030,21.64500977074712,%,"[""Emissions|GHG|Industry|Non-Metallic Minerals|Cement"", ""Emissions|GHG|Industry""]",2101.9035280152875,MtCO2e/yr,9710.799626692597,MtCO2e/yr,100.0
ndc_noce,NDC,No CE,Global,Cement,Cement,plotted,"[""AFE"", ""AFN"", ""AFW"", ""AFZ"", ""ANZ"", ""ASC"", ""ASE"", ""ASO"", ""BRA"", ""CAN"", ""CHL"", ""CHN"", ""ENE"", ""ENW"", ""EUE"", ""EUM"", ""EUW"", ""IDN"", ""IND"", ""JPN"", ""LAM"", ""MDA"", ""MEA"", ""MEX"", ""NIG"", ""RUS"", ""SKT"", ""USA""]",b,Share of industrial GHG emissions,2035,20.289242198804907,%,"[""Emissions|GHG|Industry|Non-Metallic Minerals|Cement"", ""Emissions|GHG|Industry""]",2002.4435443008183,MtCO2e/yr,9869.484156578148,MtCO2e/yr,100.0
ndc_noce,NDC,No CE,Global,Cement,Cement,plotted,"[""AFE"", ""AFN"", ""AFW"", ""AFZ"", ""ANZ"", ""ASC"", ""ASE"", ""ASO"", ""BRA"", ""CAN"", ""CHL"", ""CHN"", ""ENE"", ""ENW"", ""EUE"", ""EUM"", ""EUW"", ""IDN"", ""IND"", ""JPN"", ""LAM"", ""MDA"", ""MEA"", ""MEX"", ""NIG"", ""RUS"", ""SKT"", ""USA""]",b,Share of industrial GHG emissions,2040,18.927502213411383,%,"[""Emissions|GHG|Industry|Non-Metallic Minerals|Cement"", ""Emissions|GHG|Industry""]",1927.351789079734,MtCO2e/yr,10182.811061641713,MtCO2e/yr,100.0
ndc_noce,NDC,No CE,Global,Cement,Cement,plotted,"[""AFE"", ""AFN"", ""AFW"", ""AFZ"", ""ANZ"", ""ASC"", ""ASE"", ""ASO"", ""BRA"", ""CAN"", ""CHL"", ""CHN"", ""ENE"", ""ENW"", ""EUE"", ""EUM"", ""EUW"", ""IDN"", ""IND"", ""JPN"", ""LAM"", ""MDA"", ""MEA"", ""MEX"", ""NIG"", ""RUS"", ""SKT"", ""USA""]",b,Share of industrial GHG emissions,2050,16.674815714474818,%,"[""Emissions|GHG|Industry|Non-Metallic Minerals|Cement"", ""Emissions|GHG|Industry""]",1806.6775162798044,MtCO2e/yr,10834.76751537045,MtCO2e/yr,100.0
ndc_noce,NDC,No CE,Global,Cement,Cement,plotted,"[""AFE"", ""AFN"", ""AFW"", ""AFZ"", ""ANZ"", ""ASC"", ""ASE"", ""ASO"", ""BRA"", ""CAN"", ""CHL"", ""CHN"", ""ENE"", ""ENW"", ""EUE"", ""EUM"", ""EUW"", ""IDN"", ""IND"", ""JPN"", ""LAM"", ""MDA"", ""MEA"", ""MEX"", ""NIG"", ""RUS"", ""SKT"", ""USA""]",c,Derived emissions intensity,2019,0.6052155971768874,tCO2e/t,"[""Emissions|GHG|Industry|Non-Metallic Minerals|Cement"", ""Production|Non-Metallic Minerals|Cement""]",2542.758438447978,MtCO2e/yr,4201.409299940433,Mt/yr,1.0
ndc_noce,NDC,No CE,Global,Cement,Cement,plotted,"[""AFE"", ""AFN"", ""AFW"", ""AFZ"", ""ANZ"", ""ASC"", ""ASE"", ""ASO"", ""BRA"", ""CAN"", ""CHL"", ""CHN"", ""ENE"", ""ENW"", ""EUE"", ""EUM"", ""EUW"", ""IDN"", ""IND"", ""JPN"", ""LAM"", ""MDA"", ""MEA"", ""MEX"", ""NIG"", ""RUS"", ""SKT"", ""USA""]",c,Derived emissions intensity,2024,0.5977239720640364,tCO2e/t,"[""Emissions|GHG|Industry|Non-Metallic Minerals|Cement"", ""Production|Non-Metallic Minerals|Cement""]",2360.6936836724703,MtCO2e/yr,3949.47131787373,Mt/yr,1.0
ndc_noce,NDC,No CE,Global,Cement,Cement,plotted,"[""AFE"", ""AFN"", ""AFW"", ""AFZ"", ""ANZ"", ""ASC"", ""ASE"", ""ASO"", ""BRA"", ""CAN"", ""CHL"", ""CHN"", ""ENE"", ""ENW"", ""EUE"", ""EUM"", ""EUW"", ""IDN"", ""IND"", ""JPN"", ""LAM"", ""MDA"", ""MEA"", ""MEX"", ""NIG"", ""RUS"", ""SKT"", ""USA""]",c,Derived emissions intensity,2030,0.559812421323157,tCO2e/t,"[""Emissions|GHG|Industry|Non-Metallic Minerals|Cement"", ""Production|Non-Metallic Minerals|Cement""]",2101.9035280152875,MtCO2e/yr,3754.6568242399608,Mt/yr,1.0
ndc_noce,NDC,No CE,Global,Cement,Cement,plotted,"[""AFE"", ""AFN"", ""AFW"", ""AFZ"", ""ANZ"", ""ASC"", ""ASE"", ""ASO"", ""BRA"", ""CAN"", ""CHL"", ""CHN"", ""ENE"", ""ENW"", ""EUE"", ""EUM"", ""EUW"", ""IDN"", ""IND"", ""JPN"", ""LAM"", ""MDA"", ""MEA"", ""MEX"", ""NIG"", ""RUS"", ""SKT"", ""USA""]",c,Derived emissions intensity,2035,0.5466626815936111,tCO2e/t,"[""Emissions|GHG|Industry|Non-Metallic Minerals|Cement"", ""Production|Non-Metallic Minerals|Cement""]",2002.4435443008183,MtCO2e/yr,3663.033186138421,Mt/yr,1.0
ndc_noce,NDC,No CE,Global,Cement,Cement,plotted,"[""AFE"", ""AFN"", ""AFW"", ""AFZ"", ""ANZ"", ""ASC"", ""ASE"", ""ASO"", ""BRA"", ""CAN"", ""CHL"", ""CHN"", ""ENE"", ""ENW"", ""EUE"", ""EUM"", ""EUW"", ""IDN"", ""IND"", ""JPN"", ""LAM"", ""MDA"", ""MEA"", ""MEX"", ""NIG"", ""RUS"", ""SKT"", ""USA""]",c,Derived emissions intensity,2040,0.5265388930017806,tCO2e/t,"[""Emissions|GHG|Industry|Non-Metallic Minerals|Cement"", ""Production|Non-Metallic Minerals|Cement""]",1927.351789079734,MtCO2e/yr,3660.4167606536453,Mt/yr,1.0
ndc_noce,NDC,No CE,Global,Cement,Cement,plotted,"[""AFE"", ""AFN"", ""AFW"", ""AFZ"", ""ANZ"", ""ASC"", ""ASE"", ""ASO"", ""BRA"", ""CAN"", ""CHL"", ""CHN"", ""ENE"", ""ENW"", ""EUE"", ""EUM"", ""EUW"", ""IDN"", ""IND"", ""JPN"", ""LAM"", ""MDA"", ""MEA"", ""MEX"", ""NIG"", ""RUS"", ""SKT"", ""USA""]",c,Derived emissions intensity,2050,0.49360939925064173,tCO2e/t,"[""Emissions|GHG|Industry|Non-Metallic Minerals|Cement"", ""Production|Non-Metallic Minerals|Cement""]",1806.6775162798044,MtCO2e/yr,3660.1359678777544,Mt/yr,1.0
ndc_noce,NDC,No CE,Global,Cement,Cement,plotted,"[""AFE"", ""AFN"", ""AFW"", ""AFZ"", ""ANZ"", ""ASC"", ""ASE"", ""ASO"", ""BRA"", ""CAN"", ""CHL"", ""CHN"", ""ENE"", ""ENW"", ""EUE"", ""EUM"", ""EUW"", ""IDN"", ""IND"", ""JPN"", ""LAM"", ""MDA"", ""MEA"", ""MEX"", ""NIG"", ""RUS"", ""SKT"", ""USA""]",d,Carbon capture,2019,0.0,MtCO2/yr,"[""Carbon Capture|Industry|Non-Metallic Minerals|Cement""]",0.0,MtCO2/yr,,,1.0
ndc_noce,NDC,No CE,Global,Cement,Cement,plotted,"[""AFE"", ""AFN"", ""AFW"", ""AFZ"", ""ANZ"", ""ASC"", ""ASE"", ""ASO"", ""BRA"", ""CAN"", ""CHL"", ""CHN"", ""ENE"", ""ENW"", ""EUE"", ""EUM"", ""EUW"", ""IDN"", ""IND"", ""JPN"", ""LAM"", ""MDA"", ""MEA"", ""MEX"", ""NIG"", ""RUS"", ""SKT"", ""USA""]",d,Carbon capture,2024,0.0,MtCO2/yr,"[""Carbon Capture|Industry|Non-Metallic Minerals|Cement""]",0.0,MtCO2/yr,,,1.0
ndc_noce,NDC,No CE,Global,Cement,Cement,plotted,"[""AFE"", ""AFN"", ""AFW"", ""AFZ"", ""ANZ"", ""ASC"", ""ASE"", ""ASO"", ""BRA"", ""CAN"", ""CHL"", ""CHN"", ""ENE"", ""ENW"", ""EUE"", ""EUM"", ""EUW"", ""IDN"", ""IND"", ""JPN"", ""LAM"", ""MDA"", ""MEA"", ""MEX"", ""NIG"", ""RUS"", ""SKT"", ""USA""]",d,Carbon capture,2030,107.18634823186241,MtCO2/yr,"[""Carbon Capture|Industry|Non-Metallic Minerals|Cement""]",107.18634823186241,MtCO2/yr,,,1.0
ndc_noce,NDC,No CE,Global,Cement,Cement,plotted,"[""AFE"", ""AFN"", ""AFW"", ""AFZ"", ""ANZ"", ""ASC"", ""ASE"", ""ASO"", ""BRA"", ""CAN"", ""CHL"", ""CHN"", ""ENE"", ""ENW"", ""EUE"", ""EUM"", ""EUW"", ""IDN"", ""IND"", ""JPN"", ""LAM"", ""MDA"", ""MEA"", ""MEX"", ""NIG"", ""RUS"", ""SKT"", ""USA""]",d,Carbon capture,2035,110.29710659915459,MtCO2/yr,"[""Carbon Capture|Industry|Non-Metallic Minerals|Cement""]",110.29710659915459,MtCO2/yr,,,1.0
ndc_noce,NDC,No CE,Global,Cement,Cement,plotted,"[""AFE"", ""AFN"", ""AFW"", ""AFZ"", ""ANZ"", ""ASC"", ""ASE"", ""ASO"", ""BRA"", ""CAN"", ""CHL"", ""CHN"", ""ENE"", ""ENW"", ""EUE"", ""EUM"", ""EUW"", ""IDN"", ""IND"", ""JPN"", ""LAM"", ""MDA"", ""MEA"", ""MEX"", ""NIG"", ""RUS"", ""SKT"", ""USA""]",d,Carbon capture,2040,118.90638289578148,MtCO2/yr,"[""Carbon Capture|Industry|Non-Metallic Minerals|Cement""]",118.90638289578148,MtCO2/yr,,,1.0
ndc_noce,NDC,No CE,Global,Cement,Cement,plotted,"[""AFE"", ""AFN"", ""AFW"", ""AFZ"", ""ANZ"", ""ASC"", ""ASE"", ""ASO"", ""BRA"", ""CAN"", ""CHL"", ""CHN"", ""ENE"", ""ENW"", ""EUE"", ""EUM"", ""EUW"", ""IDN"", ""IND"", ""JPN"", ""LAM"", ""MDA"", ""MEA"", ""MEX"", ""NIG"", ""RUS"", ""SKT"", ""USA""]",d,Carbon capture,2050,133.8702929406786,MtCO2/yr,"[""Carbon Capture|Industry|Non-Metallic Minerals|Cement""]",133.8702929406786,MtCO2/yr,,,1.0
ndc_noce,NDC,No CE,Global,Iron and steel,Iron and steel,plotted,"[""AFE"", ""AFN"", ""AFW"", ""AFZ"", ""ANZ"", ""ASC"", ""ASE"", ""ASO"", ""BRA"", ""CAN"", ""CHL"", ""CHN"", ""ENE"", ""ENW"", ""EUE"", ""EUM"", ""EUW"", ""IDN"", ""IND"", ""JPN"", ""LAM"", ""MDA"", ""MEA"", ""MEX"", ""NIG"", ""RUS"", ""SKT"", ""USA""]",a,Sector GHG emissions,2019,2.74565603423791,GtCO2e/yr,"[""Emissions|GHG|Industry|Iron and Steel""]",2745.6560342379103,MtCO2e/yr,,,0.001
ndc_noce,NDC,No CE,Global,Iron and steel,Iron and steel,plotted,"[""AFE"", ""AFN"", ""AFW"", ""AFZ"", ""ANZ"", ""ASC"", ""ASE"", ""ASO"", ""BRA"", ""CAN"", ""CHL"", ""CHN"", ""ENE"", ""ENW"", ""EUE"", ""EUM"", ""EUW"", ""IDN"", ""IND"", ""JPN"", ""LAM"", ""MDA"", ""MEA"", ""MEX"", ""NIG"", ""RUS"", ""SKT"", ""USA""]",a,Sector GHG emissions,2024,2.6405834046078245,GtCO2e/yr,"[""Emissions|GHG|Industry|Iron and Steel""]",2640.5834046078244,MtCO2e/yr,,,0.001
ndc_noce,NDC,No CE,Global,Iron and steel,Iron and steel,plotted,"[""AFE"", ""AFN"", ""AFW"", ""AFZ"", ""ANZ"", ""ASC"", ""ASE"", ""ASO"", ""BRA"", ""CAN"", ""CHL"", ""CHN"", ""ENE"", ""ENW"", ""EUE"", ""EUM"", ""EUW"", ""IDN"", ""IND"", ""JPN"", ""LAM"", ""MDA"", ""MEA"", ""MEX"", ""NIG"", ""RUS"", ""SKT"", ""USA""]",a,Sector GHG emissions,2030,2.25455810055937,GtCO2e/yr,"[""Emissions|GHG|Industry|Iron and Steel""]",2254.55810055937,MtCO2e/yr,,,0.001
ndc_noce,NDC,No CE,Global,Iron and steel,Iron and steel,plotted,"[""AFE"", ""AFN"", ""AFW"", ""AFZ"", ""ANZ"", ""ASC"", ""ASE"", ""ASO"", ""BRA"", ""CAN"", ""CHL"", ""CHN"", ""ENE"", ""ENW"", ""EUE"", ""EUM"", ""EUW"", ""IDN"", ""IND"", ""JPN"", ""LAM"", ""MDA"", ""MEA"", ""MEX"", ""NIG"", ""RUS"", ""SKT"", ""USA""]",a,Sector GHG emissions,2035,1.908115830467237,GtCO2e/yr,"[""Emissions|GHG|Industry|Iron and Steel""]",1908.115830467237,MtCO2e/yr,,,0.001
ndc_noce,NDC,No CE,Global,Iron and steel,Iron and steel,plotted,"[""AFE"", ""AFN"", ""AFW"", ""AFZ"", ""ANZ"", ""ASC"", ""ASE"", ""ASO"", ""BRA"", ""CAN"", ""CHL"", ""CHN"", ""ENE"", ""ENW"", ""EUE"", ""EUM"", ""EUW"", ""IDN"", ""IND"", ""JPN"", ""LAM"", ""MDA"", ""MEA"", ""MEX"", ""NIG"", ""RUS"", ""SKT"", ""USA""]",a,Sector GHG emissions,2040,1.9034229335061859,GtCO2e/yr,"[""Emissions|GHG|Industry|Iron and Steel""]",1903.422933506186,MtCO2e/yr,,,0.001
ndc_noce,NDC,No CE,Global,Iron and steel,Iron and steel,plotted,"[""AFE"", ""AFN"", ""AFW"", ""AFZ"", ""ANZ"", ""ASC"", ""ASE"", ""ASO"", ""BRA"", ""CAN"", ""CHL"", ""CHN"", ""ENE"", ""ENW"", ""EUE"", ""EUM"", ""EUW"", ""IDN"", ""IND"", ""JPN"", ""LAM"", ""MDA"", ""MEA"", ""MEX"", ""NIG"", ""RUS"", ""SKT"", ""USA""]",a,Sector GHG emissions,2050,1.8763737764524242,GtCO2e/yr,"[""Emissions|GHG|Industry|Iron and Steel""]",1876.3737764524242,MtCO2e/yr,,,0.001
ndc_noce,NDC,No CE,Global,Iron and steel,Iron and steel,plotted,"[""AFE"", ""AFN"", ""AFW"", ""AFZ"", ""ANZ"", ""ASC"", ""ASE"", ""ASO"", ""BRA"", ""CAN"", ""CHL"", ""CHN"", ""ENE"", ""ENW"", ""EUE"", ""EUM"", ""EUW"", ""IDN"", ""IND"", ""JPN"", ""LAM"", ""MDA"", ""MEA"", ""MEX"", ""NIG"", ""RUS"", ""SKT"", ""USA""]",b,Share of industrial GHG emissions,2019,29.539760576703067,%,"[""Emissions|GHG|Industry|Iron and Steel"", ""Emissions|GHG|Industry""]",2745.6560342379103,MtCO2e/yr,9294.780934694878,MtCO2e/yr,100.0
ndc_noce,NDC,No CE,Global,Iron and steel,Iron and steel,plotted,"[""AFE"", ""AFN"", ""AFW"", ""AFZ"", ""ANZ"", ""ASC"", ""ASE"", ""ASO"", ""BRA"", ""CAN"", ""CHL"", ""CHN"", ""ENE"", ""ENW"", ""EUE"", ""EUM"", ""EUW"", ""IDN"", ""IND"", ""JPN"", ""LAM"", ""MDA"", ""MEA"", ""MEX"", ""NIG"", ""RUS"", ""SKT"", ""USA""]",b,Share of industrial GHG emissions,2024,26.98827750017311,%,"[""Emissions|GHG|Industry|Iron and Steel"", ""Emissions|GHG|Industry""]",2640.5834046078244,MtCO2e/yr,9784.186503161927,MtCO2e/yr,100.0
ndc_noce,NDC,No CE,Global,Iron and steel,Iron and steel,plotted,"[""AFE"", ""AFN"", ""AFW"", ""AFZ"", ""ANZ"", ""ASC"", ""ASE"", ""ASO"", ""BRA"", ""CAN"", ""CHL"", ""CHN"", ""ENE"", ""ENW"", ""EUE"", ""EUM"", ""EUW"", ""IDN"", ""IND"", ""JPN"", ""LAM"", ""MDA"", ""MEA"", ""MEX"", ""NIG"", ""RUS"", ""SKT"", ""USA""]",b,Share of industrial GHG emissions,2030,23.217018033840848,%,"[""Emissions|GHG|Industry|Iron and Steel"", ""Emissions|GHG|Industry""]",2254.55810055937,MtCO2e/yr,9710.799626692597,MtCO2e/yr,100.0
ndc_noce,NDC,No CE,Global,Iron and steel,Iron and steel,plotted,"[""AFE"", ""AFN"", ""AFW"", ""AFZ"", ""ANZ"", ""ASC"", ""ASE"", ""ASO"", ""BRA"", ""CAN"", ""CHL"", ""CHN"", ""ENE"", ""ENW"", ""EUE"", ""EUM"", ""EUW"", ""IDN"", ""IND"", ""JPN"", ""LAM"", ""MDA"", ""MEA"", ""MEX"", ""NIG"", ""RUS"", ""SKT"", ""USA""]",b,Share of industrial GHG emissions,2035,19.33349099299634,%,"[""Emissions|GHG|Industry|Iron and Steel"", ""Emissions|GHG|Industry""]",1908.115830467237,MtCO2e/yr,9869.484156578148,MtCO2e/yr,100.0
ndc_noce,NDC,No CE,Global,Iron and steel,Iron and steel,plotted,"[""AFE"", ""AFN"", ""AFW"", ""AFZ"", ""ANZ"", ""ASC"", ""ASE"", ""ASO"", ""BRA"", ""CAN"", ""CHL"", ""CHN"", ""ENE"", ""ENW"", ""EUE"", ""EUM"", ""EUW"", ""IDN"", ""IND"", ""JPN"", ""LAM"", ""MDA"", ""MEA"", ""MEX"", ""NIG"", ""RUS"", ""SKT"", ""USA""]",b,Share of industrial GHG emissions,2040,18.69250958290204,%,"[""Emissions|GHG|Industry|Iron and Steel"", ""Emissions|GHG|Industry""]",1903.422933506186,MtCO2e/yr,10182.811061641713,MtCO2e/yr,100.0
ndc_noce,NDC,No CE,Global,Iron and steel,Iron and steel,plotted,"[""AFE"", ""AFN"", ""AFW"", ""AFZ"", ""ANZ"", ""ASC"", ""ASE"", ""ASO"", ""BRA"", ""CAN"", ""CHL"", ""CHN"", ""ENE"", ""ENW"", ""EUE"", ""EUM"", ""EUW"", ""IDN"", ""IND"", ""JPN"", ""LAM"", ""MDA"", ""MEA"", ""MEX"", ""NIG"", ""RUS"", ""SKT"", ""USA""]",b,Share of industrial GHG emissions,2050,17.318080649082294,%,"[""Emissions|GHG|Industry|Iron and Steel"", ""Emissions|GHG|Industry""]",1876.3737764524242,MtCO2e/yr,10834.76751537045,MtCO2e/yr,100.0
ndc_noce,NDC,No CE,Global,Iron and steel,Iron and steel,plotted,"[""AFE"", ""AFN"", ""AFW"", ""AFZ"", ""ANZ"", ""ASC"", ""ASE"", ""ASO"", ""BRA"", ""CAN"", ""CHL"", ""CHN"", ""ENE"", ""ENW"", ""EUE"", ""EUM"", ""EUW"", ""IDN"", ""IND"", ""JPN"", ""LAM"", ""MDA"", ""MEA"", ""MEX"", ""NIG"", ""RUS"", ""SKT"", ""USA""]",c,Derived emissions intensity,2019,1.5647335496873123,tCO2e/t,"[""Emissions|GHG|Industry|Iron and Steel"", ""Production|Iron and Steel|Primary"", ""Production|Iron and Steel|Secondary""]",2745.6560342379103,MtCO2e/yr,1754.711551232852,Mt/yr,1.0
ndc_noce,NDC,No CE,Global,Iron and steel,Iron and steel,plotted,"[""AFE"", ""AFN"", ""AFW"", ""AFZ"", ""ANZ"", ""ASC"", ""ASE"", ""ASO"", ""BRA"", ""CAN"", ""CHL"", ""CHN"", ""ENE"", ""ENW"", ""EUE"", ""EUM"", ""EUW"", ""IDN"", ""IND"", ""JPN"", ""LAM"", ""MDA"", ""MEA"", ""MEX"", ""NIG"", ""RUS"", ""SKT"", ""USA""]",c,Derived emissions intensity,2024,1.5307025003261827,tCO2e/t,"[""Emissions|GHG|Industry|Iron and Steel"", ""Production|Iron and Steel|Primary"", ""Production|Iron and Steel|Secondary""]",2640.5834046078244,MtCO2e/yr,1725.0794351254624,Mt/yr,1.0
ndc_noce,NDC,No CE,Global,Iron and steel,Iron and steel,plotted,"[""AFE"", ""AFN"", ""AFW"", ""AFZ"", ""ANZ"", ""ASC"", ""ASE"", ""ASO"", ""BRA"", ""CAN"", ""CHL"", ""CHN"", ""ENE"", ""ENW"", ""EUE"", ""EUM"", ""EUW"", ""IDN"", ""IND"", ""JPN"", ""LAM"", ""MDA"", ""MEA"", ""MEX"", ""NIG"", ""RUS"", ""SKT"", ""USA""]",c,Derived emissions intensity,2030,1.3730651595503995,tCO2e/t,"[""Emissions|GHG|Industry|Iron and Steel"", ""Production|Iron and Steel|Primary"", ""Production|Iron and Steel|Secondary""]",2254.55810055937,MtCO2e/yr,1641.98915461347,Mt/yr,1.0
ndc_noce,NDC,No CE,Global,Iron and steel,Iron and steel,plotted,"[""AFE"", ""AFN"", ""AFW"", ""AFZ"", ""ANZ"", ""ASC"", ""ASE"", ""ASO"", ""BRA"", ""CAN"", ""CHL"", ""CHN"", ""ENE"", ""ENW"", ""EUE"", ""EUM"", ""EUW"", ""IDN"", ""IND"", ""JPN"", ""LAM"", ""MDA"", ""MEA"", ""MEX"", ""NIG"", ""RUS"", ""SKT"", ""USA""]",c,Derived emissions intensity,2035,1.1958319262896535,tCO2e/t,"[""Emissions|GHG|Industry|Iron and Steel"", ""Production|Iron and Steel|Primary"", ""Production|Iron and Steel|Secondary""]",1908.115830467237,MtCO2e/yr,1595.6388088647288,Mt/yr,1.0
ndc_noce,NDC,No CE,Global,Iron and steel,Iron and steel,plotted,"[""AFE"", ""AFN"", ""AFW"", ""AFZ"", ""ANZ"", ""ASC"", ""ASE"", ""ASO"", ""BRA"", ""CAN"", ""CHL"", ""CHN"", ""ENE"", ""ENW"", ""EUE"", ""EUM"", ""EUW"", ""IDN"", ""IND"", ""JPN"", ""LAM"", ""MDA"", ""MEA"", ""MEX"", ""NIG"", ""RUS"", ""SKT"", ""USA""]",c,Derived emissions intensity,2040,1.1306607709986891,tCO2e/t,"[""Emissions|GHG|Industry|Iron and Steel"", ""Production|Iron and Steel|Primary"", ""Production|Iron and Steel|Secondary""]",1903.422933506186,MtCO2e/yr,1683.460665063078,Mt/yr,1.0
ndc_noce,NDC,No CE,Global,Iron and steel,Iron and steel,plotted,"[""AFE"", ""AFN"", ""AFW"", ""AFZ"", ""ANZ"", ""ASC"", ""ASE"", ""ASO"", ""BRA"", ""CAN"", ""CHL"", ""CHN"", ""ENE"", ""ENW"", ""EUE"", ""EUM"", ""EUW"", ""IDN"", ""IND"", ""JPN"", ""LAM"", ""MDA"", ""MEA"", ""MEX"", ""NIG"", ""RUS"", ""SKT"", ""USA""]",c,Derived emissions intensity,2050,0.8579945270970161,tCO2e/t,"[""Emissions|GHG|Industry|Iron and Steel"", ""Production|Iron and Steel|Primary"", ""Production|Iron and Steel|Secondary""]",1876.3737764524242,MtCO2e/yr,2186.9297730849707,Mt/yr,1.0
ndc_noce,NDC,No CE,Global,Iron and steel,Iron and steel,plotted,"[""AFE"", ""AFN"", ""AFW"", ""AFZ"", ""ANZ"", ""ASC"", ""ASE"", ""ASO"", ""BRA"", ""CAN"", ""CHL"", ""CHN"", ""ENE"", ""ENW"", ""EUE"", ""EUM"", ""EUW"", ""IDN"", ""IND"", ""JPN"", ""LAM"", ""MDA"", ""MEA"", ""MEX"", ""NIG"", ""RUS"", ""SKT"", ""USA""]",d,Carbon capture,2019,0.0,MtCO2/yr,"[""Carbon Capture|Industry|Iron and Steel""]",0.0,MtCO2/yr,,,1.0
ndc_noce,NDC,No CE,Global,Iron and steel,Iron and steel,plotted,"[""AFE"", ""AFN"", ""AFW"", ""AFZ"", ""ANZ"", ""ASC"", ""ASE"", ""ASO"", ""BRA"", ""CAN"", ""CHL"", ""CHN"", ""ENE"", ""ENW"", ""EUE"", ""EUM"", ""EUW"", ""IDN"", ""IND"", ""JPN"", ""LAM"", ""MDA"", ""MEA"", ""MEX"", ""NIG"", ""RUS"", ""SKT"", ""USA""]",d,Carbon capture,2024,0.0,MtCO2/yr,"[""Carbon Capture|Industry|Iron and Steel""]",0.0,MtCO2/yr,,,1.0
ndc_noce,NDC,No CE,Global,Iron and steel,Iron and steel,plotted,"[""AFE"", ""AFN"", ""AFW"", ""AFZ"", ""ANZ"", ""ASC"", ""ASE"", ""ASO"", ""BRA"", ""CAN"", ""CHL"", ""CHN"", ""ENE"", ""ENW"", ""EUE"", ""EUM"", ""EUW"", ""IDN"", ""IND"", ""JPN"", ""LAM"", ""MDA"", ""MEA"", ""MEX"", ""NIG"", ""RUS"", ""SKT"", ""USA""]",d,Carbon capture,2030,0.0,MtCO2/yr,"[""Carbon Capture|Industry|Iron and Steel""]",0.0,MtCO2/yr,,,1.0
ndc_noce,NDC,No CE,Global,Iron and steel,Iron and steel,plotted,"[""AFE"", ""AFN"", ""AFW"", ""AFZ"", ""ANZ"", ""ASC"", ""ASE"", ""ASO"", ""BRA"", ""CAN"", ""CHL"", ""CHN"", ""ENE"", ""ENW"", ""EUE"", ""EUM"", ""EUW"", ""IDN"", ""IND"", ""JPN"", ""LAM"", ""MDA"", ""MEA"", ""MEX"", ""NIG"", ""RUS"", ""SKT"", ""USA""]",d,Carbon capture,2035,19.883883415222503,MtCO2/yr,"[""Carbon Capture|Industry|Iron and Steel""]",19.883883415222503,MtCO2/yr,,,1.0
ndc_noce,NDC,No CE,Global,Iron and steel,Iron and steel,plotted,"[""AFE"", ""AFN"", ""AFW"", ""AFZ"", ""ANZ"", ""ASC"", ""ASE"", ""ASO"", ""BRA"", ""CAN"", ""CHL"", ""CHN"", ""ENE"", ""ENW"", ""EUE"", ""EUM"", ""EUW"", ""IDN"", ""IND"", ""JPN"", ""LAM"", ""MDA"", ""MEA"", ""MEX"", ""NIG"", ""RUS"", ""SKT"", ""USA""]",d,Carbon capture,2040,20.555950090288963,MtCO2/yr,"[""Carbon Capture|Industry|Iron and Steel""]",20.555950090288963,MtCO2/yr,,,1.0
ndc_noce,NDC,No CE,Global,Iron and steel,Iron and steel,plotted,"[""AFE"", ""AFN"", ""AFW"", ""AFZ"", ""ANZ"", ""ASC"", ""ASE"", ""ASO"", ""BRA"", ""CAN"", ""CHL"", ""CHN"", ""ENE"", ""ENW"", ""EUE"", ""EUM"", ""EUW"", ""IDN"", ""IND"", ""JPN"", ""LAM"", ""MDA"", ""MEA"", ""MEX"", ""NIG"", ""RUS"", ""SKT"", ""USA""]",d,Carbon capture,2050,177.22044640206744,MtCO2/yr,"[""Carbon Capture|Industry|Iron and Steel""]",177.22044640206744,MtCO2/yr,,,1.0
ndc_noce,NDC,No CE,Global,Aluminium,Aluminium,plotted,"[""AFE"", ""AFN"", ""AFW"", ""AFZ"", ""ANZ"", ""ASC"", ""ASE"", ""ASO"", ""BRA"", ""CAN"", ""CHL"", ""CHN"", ""ENE"", ""ENW"", ""EUE"", ""EUM"", ""EUW"", ""IDN"", ""IND"", ""JPN"", ""LAM"", ""MDA"", ""MEA"", ""MEX"", ""NIG"", ""RUS"", ""SKT"", ""USA""]",a,Sector GHG emissions,2019,0.20657298142796365,GtCO2e/yr,"[""Emissions|GHG|Industry|Non-Ferrous Metals|Aluminum""]",206.57298142796364,MtCO2e/yr,,,0.001
ndc_noce,NDC,No CE,Global,Aluminium,Aluminium,plotted,"[""AFE"", ""AFN"", ""AFW"", ""AFZ"", ""ANZ"", ""ASC"", ""ASE"", ""ASO"", ""BRA"", ""CAN"", ""CHL"", ""CHN"", ""ENE"", ""ENW"", ""EUE"", ""EUM"", ""EUW"", ""IDN"", ""IND"", ""JPN"", ""LAM"", ""MDA"", ""MEA"", ""MEX"", ""NIG"", ""RUS"", ""SKT"", ""USA""]",a,Sector GHG emissions,2024,0.24798624821972323,GtCO2e/yr,"[""Emissions|GHG|Industry|Non-Ferrous Metals|Aluminum""]",247.98624821972322,MtCO2e/yr,,,0.001
ndc_noce,NDC,No CE,Global,Aluminium,Aluminium,plotted,"[""AFE"", ""AFN"", ""AFW"", ""AFZ"", ""ANZ"", ""ASC"", ""ASE"", ""ASO"", ""BRA"", ""CAN"", ""CHL"", ""CHN"", ""ENE"", ""ENW"", ""EUE"", ""EUM"", ""EUW"", ""IDN"", ""IND"", ""JPN"", ""LAM"", ""MDA"", ""MEA"", ""MEX"", ""NIG"", ""RUS"", ""SKT"", ""USA""]",a,Sector GHG emissions,2030,0.2058740961820145,GtCO2e/yr,"[""Emissions|GHG|Industry|Non-Ferrous Metals|Aluminum""]",205.87409618201448,MtCO2e/yr,,,0.001
ndc_noce,NDC,No CE,Global,Aluminium,Aluminium,plotted,"[""AFE"", ""AFN"", ""AFW"", ""AFZ"", ""ANZ"", ""ASC"", ""ASE"", ""ASO"", ""BRA"", ""CAN"", ""CHL"", ""CHN"", ""ENE"", ""ENW"", ""EUE"", ""EUM"", ""EUW"", ""IDN"", ""IND"", ""JPN"", ""LAM"", ""MDA"", ""MEA"", ""MEX"", ""NIG"", ""RUS"", ""SKT"", ""USA""]",a,Sector GHG emissions,2035,0.173434616038934,GtCO2e/yr,"[""Emissions|GHG|Industry|Non-Ferrous Metals|Aluminum""]",173.434616038934,MtCO2e/yr,,,0.001
ndc_noce,NDC,No CE,Global,Aluminium,Aluminium,plotted,"[""AFE"", ""AFN"", ""AFW"", ""AFZ"", ""ANZ"", ""ASC"", ""ASE"", ""ASO"", ""BRA"", ""CAN"", ""CHL"", ""CHN"", ""ENE"", ""ENW"", ""EUE"", ""EUM"", ""EUW"", ""IDN"", ""IND"", ""JPN"", ""LAM"", ""MDA"", ""MEA"", ""MEX"", ""NIG"", ""RUS"", ""SKT"", ""USA""]",a,Sector GHG emissions,2040,0.14175203140818193,GtCO2e/yr,"[""Emissions|GHG|Industry|Non-Ferrous Metals|Aluminum""]",141.75203140818192,MtCO2e/yr,,,0.001
ndc_noce,NDC,No CE,Global,Aluminium,Aluminium,plotted,"[""AFE"", ""AFN"", ""AFW"", ""AFZ"", ""ANZ"", ""ASC"", ""ASE"", ""ASO"", ""BRA"", ""CAN"", ""CHL"", ""CHN"", ""ENE"", ""ENW"", ""EUE"", ""EUM"", ""EUW"", ""IDN"", ""IND"", ""JPN"", ""LAM"", ""MDA"", ""MEA"", ""MEX"", ""NIG"", ""RUS"", ""SKT"", ""USA""]",a,Sector GHG emissions,2050,0.08008544224828724,GtCO2e/yr,"[""Emissions|GHG|Industry|Non-Ferrous Metals|Aluminum""]",80.08544224828725,MtCO2e/yr,,,0.001
ndc_noce,NDC,No CE,Global,Aluminium,Aluminium,plotted,"[""AFE"", ""AFN"", ""AFW"", ""AFZ"", ""ANZ"", ""ASC"", ""ASE"", ""ASO"", ""BRA"", ""CAN"", ""CHL"", ""CHN"", ""ENE"", ""ENW"", ""EUE"", ""EUM"", ""EUW"", ""IDN"", ""IND"", ""JPN"", ""LAM"", ""MDA"", ""MEA"", ""MEX"", ""NIG"", ""RUS"", ""SKT"", ""USA""]",b,Share of industrial GHG emissions,2019,2.2224620771521697,%,"[""Emissions|GHG|Industry|Non-Ferrous Metals|Aluminum"", ""Emissions|GHG|Industry""]",206.57298142796364,MtCO2e/yr,9294.780934694878,MtCO2e/yr,100.0
ndc_noce,NDC,No CE,Global,Aluminium,Aluminium,plotted,"[""AFE"", ""AFN"", ""AFW"", ""AFZ"", ""ANZ"", ""ASC"", ""ASE"", ""ASO"", ""BRA"", ""CAN"", ""CHL"", ""CHN"", ""ENE"", ""ENW"", ""EUE"", ""EUM"", ""EUW"", ""IDN"", ""IND"", ""JPN"", ""LAM"", ""MDA"", ""MEA"", ""MEX"", ""NIG"", ""RUS"", ""SKT"", ""USA""]",b,Share of industrial GHG emissions,2024,2.5345617455225558,%,"[""Emissions|GHG|Industry|Non-Ferrous Metals|Aluminum"", ""Emissions|GHG|Industry""]",247.98624821972322,MtCO2e/yr,9784.186503161927,MtCO2e/yr,100.0
ndc_noce,NDC,No CE,Global,Aluminium,Aluminium,plotted,"[""AFE"", ""AFN"", ""AFW"", ""AFZ"", ""ANZ"", ""ASC"", ""ASE"", ""ASO"", ""BRA"", ""CAN"", ""CHL"", ""CHN"", ""ENE"", ""ENW"", ""EUE"", ""EUM"", ""EUW"", ""IDN"", ""IND"", ""JPN"", ""LAM"", ""MDA"", ""MEA"", ""MEX"", ""NIG"", ""RUS"", ""SKT"", ""USA""]",b,Share of industrial GHG emissions,2030,2.120052972940738,%,"[""Emissions|GHG|Industry|Non-Ferrous Metals|Aluminum"", ""Emissions|GHG|Industry""]",205.87409618201448,MtCO2e/yr,9710.799626692597,MtCO2e/yr,100.0
ndc_noce,NDC,No CE,Global,Aluminium,Aluminium,plotted,"[""AFE"", ""AFN"", ""AFW"", ""AFZ"", ""ANZ"", ""ASC"", ""ASE"", ""ASO"", ""BRA"", ""CAN"", ""CHL"", ""CHN"", ""ENE"", ""ENW"", ""EUE"", ""EUM"", ""EUW"", ""IDN"", ""IND"", ""JPN"", ""LAM"", ""MDA"", ""MEA"", ""MEX"", ""NIG"", ""RUS"", ""SKT"", ""USA""]",b,Share of industrial GHG emissions,2035,1.7572814676776942,%,"[""Emissions|GHG|Industry|Non-Ferrous Metals|Aluminum"", ""Emissions|GHG|Industry""]",173.434616038934,MtCO2e/yr,9869.484156578148,MtCO2e/yr,100.0
ndc_noce,NDC,No CE,Global,Aluminium,Aluminium,plotted,"[""AFE"", ""AFN"", ""AFW"", ""AFZ"", ""ANZ"", ""ASC"", ""ASE"", ""ASO"", ""BRA"", ""CAN"", ""CHL"", ""CHN"", ""ENE"", ""ENW"", ""EUE"", ""EUM"", ""EUW"", ""IDN"", ""IND"", ""JPN"", ""LAM"", ""MDA"", ""MEA"", ""MEX"", ""NIG"", ""RUS"", ""SKT"", ""USA""]",b,Share of industrial GHG emissions,2040,1.3920717034823202,%,"[""Emissions|GHG|Industry|Non-Ferrous Metals|Aluminum"", ""Emissions|GHG|Industry""]",141.75203140818192,MtCO2e/yr,10182.811061641713,MtCO2e/yr,100.0
ndc_noce,NDC,No CE,Global,Aluminium,Aluminium,plotted,"[""AFE"", ""AFN"", ""AFW"", ""AFZ"", ""ANZ"", ""ASC"", ""ASE"", ""ASO"", ""BRA"", ""CAN"", ""CHL"", ""CHN"", ""ENE"", ""ENW"", ""EUE"", ""EUM"", ""EUW"", ""IDN"", ""IND"", ""JPN"", ""LAM"", ""MDA"", ""MEA"", ""MEX"", ""NIG"", ""RUS"", ""SKT"", ""USA""]",b,Share of industrial GHG emissions,2050,0.7391523826854265,%,"[""Emissions|GHG|Industry|Non-Ferrous Metals|Aluminum"", ""Emissions|GHG|Industry""]",80.08544224828725,MtCO2e/yr,10834.76751537045,MtCO2e/yr,100.0
ndc_noce,NDC,No CE,Global,Aluminium,Aluminium,plotted,"[""AFE"", ""AFN"", ""AFW"", ""AFZ"", ""ANZ"", ""ASC"", ""ASE"", ""ASO"", ""BRA"", ""CAN"", ""CHL"", ""CHN"", ""ENE"", ""ENW"", ""EUE"", ""EUM"", ""EUW"", ""IDN"", ""IND"", ""JPN"", ""LAM"", ""MDA"", ""MEA"", ""MEX"", ""NIG"", ""RUS"", ""SKT"", ""USA""]",c,Derived emissions intensity,2019,2.1859580832684005,tCO2e/t,"[""Emissions|GHG|Industry|Non-Ferrous Metals|Aluminum"", ""Production|Non-Ferrous Metals|Aluminum|Primary"", ""Production|Non-Ferrous Metals|Aluminum|Secondary""]",206.57298142796364,MtCO2e/yr,94.49997372278058,Mt/yr,1.0
ndc_noce,NDC,No CE,Global,Aluminium,Aluminium,plotted,"[""AFE"", ""AFN"", ""AFW"", ""AFZ"", ""ANZ"", ""ASC"", ""ASE"", ""ASO"", ""BRA"", ""CAN"", ""CHL"", ""CHN"", ""ENE"", ""ENW"", ""EUE"", ""EUM"", ""EUW"", ""IDN"", ""IND"", ""JPN"", ""LAM"", ""MDA"", ""MEA"", ""MEX"", ""NIG"", ""RUS"", ""SKT"", ""USA""]",c,Derived emissions intensity,2024,2.0492475066360236,tCO2e/t,"[""Emissions|GHG|Industry|Non-Ferrous Metals|Aluminum"", ""Production|Non-Ferrous Metals|Aluminum|Primary"", ""Production|Non-Ferrous Metals|Aluminum|Secondary""]",247.98624821972322,MtCO2e/yr,121.01332192264523,Mt/yr,1.0
ndc_noce,NDC,No CE,Global,Aluminium,Aluminium,plotted,"[""AFE"", ""AFN"", ""AFW"", ""AFZ"", ""ANZ"", ""ASC"", ""ASE"", ""ASO"", ""BRA"", ""CAN"", ""CHL"", ""CHN"", ""ENE"", ""ENW"", ""EUE"", ""EUM"", ""EUW"", ""IDN"", ""IND"", ""JPN"", ""LAM"", ""MDA"", ""MEA"", ""MEX"", ""NIG"", ""RUS"", ""SKT"", ""USA""]",c,Derived emissions intensity,2030,1.6552267664390097,tCO2e/t,"[""Emissions|GHG|Industry|Non-Ferrous Metals|Aluminum"", ""Production|Non-Ferrous Metals|Aluminum|Primary"", ""Production|Non-Ferrous Metals|Aluminum|Secondary""]",205.87409618201448,MtCO2e/yr,124.37818210547911,Mt/yr,1.0
ndc_noce,NDC,No CE,Global,Aluminium,Aluminium,plotted,"[""AFE"", ""AFN"", ""AFW"", ""AFZ"", ""ANZ"", ""ASC"", ""ASE"", ""ASO"", ""BRA"", ""CAN"", ""CHL"", ""CHN"", ""ENE"", ""ENW"", ""EUE"", ""EUM"", ""EUW"", ""IDN"", ""IND"", ""JPN"", ""LAM"", ""MDA"", ""MEA"", ""MEX"", ""NIG"", ""RUS"", ""SKT"", ""USA""]",c,Derived emissions intensity,2035,1.3653333217496375,tCO2e/t,"[""Emissions|GHG|Industry|Non-Ferrous Metals|Aluminum"", ""Production|Non-Ferrous Metals|Aluminum|Primary"", ""Production|Non-Ferrous Metals|Aluminum|Secondary""]",173.434616038934,MtCO2e/yr,127.02730774686012,Mt/yr,1.0
ndc_noce,NDC,No CE,Global,Aluminium,Aluminium,plotted,"[""AFE"", ""AFN"", ""AFW"", ""AFZ"", ""ANZ"", ""ASC"", ""ASE"", ""ASO"", ""BRA"", ""CAN"", ""CHL"", ""CHN"", ""ENE"", ""ENW"", ""EUE"", ""EUM"", ""EUW"", ""IDN"", ""IND"", ""JPN"", ""LAM"", ""MDA"", ""MEA"", ""MEX"", ""NIG"", ""RUS"", ""SKT"", ""USA""]",c,Derived emissions intensity,2040,1.0782800419141867,tCO2e/t,"[""Emissions|GHG|Industry|Non-Ferrous Metals|Aluminum"", ""Production|Non-Ferrous Metals|Aluminum|Primary"", ""Production|Non-Ferrous Metals|Aluminum|Secondary""]",141.75203140818192,MtCO2e/yr,131.46124002864838,Mt/yr,1.0
ndc_noce,NDC,No CE,Global,Aluminium,Aluminium,plotted,"[""AFE"", ""AFN"", ""AFW"", ""AFZ"", ""ANZ"", ""ASC"", ""ASE"", ""ASO"", ""BRA"", ""CAN"", ""CHL"", ""CHN"", ""ENE"", ""ENW"", ""EUE"", ""EUM"", ""EUW"", ""IDN"", ""IND"", ""JPN"", ""LAM"", ""MDA"", ""MEA"", ""MEX"", ""NIG"", ""RUS"", ""SKT"", ""USA""]",c,Derived emissions intensity,2050,0.6020822952587981,tCO2e/t,"[""Emissions|GHG|Industry|Non-Ferrous Metals|Aluminum"", ""Production|Non-Ferrous Metals|Aluminum|Primary"", ""Production|Non-Ferrous Metals|Aluminum|Secondary""]",80.08544224828725,MtCO2e/yr,133.0141126535924,Mt/yr,1.0
ndc_noce,NDC,No CE,Global,Aluminium,Aluminium,plotted,"[""AFE"", ""AFN"", ""AFW"", ""AFZ"", ""ANZ"", ""ASC"", ""ASE"", ""ASO"", ""BRA"", ""CAN"", ""CHL"", ""CHN"", ""ENE"", ""ENW"", ""EUE"", ""EUM"", ""EUW"", ""IDN"", ""IND"", ""JPN"", ""LAM"", ""MDA"", ""MEA"", ""MEX"", ""NIG"", ""RUS"", ""SKT"", ""USA""]",d,Carbon capture,2019,0.0,MtCO2/yr,"[""Carbon Capture|Industry|Non-Ferrous Metals|Aluminum""]",0.0,MtCO2/yr,,,1.0
ndc_noce,NDC,No CE,Global,Aluminium,Aluminium,plotted,"[""AFE"", ""AFN"", ""AFW"", ""AFZ"", ""ANZ"", ""ASC"", ""ASE"", ""ASO"", ""BRA"", ""CAN"", ""CHL"", ""CHN"", ""ENE"", ""ENW"", ""EUE"", ""EUM"", ""EUW"", ""IDN"", ""IND"", ""JPN"", ""LAM"", ""MDA"", ""MEA"", ""MEX"", ""NIG"", ""RUS"", ""SKT"", ""USA""]",d,Carbon capture,2024,0.0,MtCO2/yr,"[""Carbon Capture|Industry|Non-Ferrous Metals|Aluminum""]",0.0,MtCO2/yr,,,1.0
ndc_noce,NDC,No CE,Global,Aluminium,Aluminium,plotted,"[""AFE"", ""AFN"", ""AFW"", ""AFZ"", ""ANZ"", ""ASC"", ""ASE"", ""ASO"", ""BRA"", ""CAN"", ""CHL"", ""CHN"", ""ENE"", ""ENW"", ""EUE"", ""EUM"", ""EUW"", ""IDN"", ""IND"", ""JPN"", ""LAM"", ""MDA"", ""MEA"", ""MEX"", ""NIG"", ""RUS"", ""SKT"", ""USA""]",d,Carbon capture,2030,6.192093818112701e-06,MtCO2/yr,"[""Carbon Capture|Industry|Non-Ferrous Metals|Aluminum""]",6.192093818112701e-06,MtCO2/yr,,,1.0
ndc_noce,NDC,No CE,Global,Aluminium,Aluminium,plotted,"[""AFE"", ""AFN"", ""AFW"", ""AFZ"", ""ANZ"", ""ASC"", ""ASE"", ""ASO"", ""BRA"", ""CAN"", ""CHL"", ""CHN"", ""ENE"", ""ENW"", ""EUE"", ""EUM"", ""EUW"", ""IDN"", ""IND"", ""JPN"", ""LAM"", ""MDA"", ""MEA"", ""MEX"", ""NIG"", ""RUS"", ""SKT"", ""USA""]",d,Carbon capture,2035,2.9810719697958605e-05,MtCO2/yr,"[""Carbon Capture|Industry|Non-Ferrous Metals|Aluminum""]",2.9810719697958605e-05,MtCO2/yr,,,1.0
ndc_noce,NDC,No CE,Global,Aluminium,Aluminium,plotted,"[""AFE"", ""AFN"", ""AFW"", ""AFZ"", ""ANZ"", ""ASC"", ""ASE"", ""ASO"", ""BRA"", ""CAN"", ""CHL"", ""CHN"", ""ENE"", ""ENW"", ""EUE"", ""EUM"", ""EUW"", ""IDN"", ""IND"", ""JPN"", ""LAM"", ""MDA"", ""MEA"", ""MEX"", ""NIG"", ""RUS"", ""SKT"", ""USA""]",d,Carbon capture,2040,4.948709604880988e-05,MtCO2/yr,"[""Carbon Capture|Industry|Non-Ferrous Metals|Aluminum""]",4.948709604880988e-05,MtCO2/yr,,,1.0
ndc_noce,NDC,No CE,Global,Aluminium,Aluminium,plotted,"[""AFE"", ""AFN"", ""AFW"", ""AFZ"", ""ANZ"", ""ASC"", ""ASE"", ""ASO"", ""BRA"", ""CAN"", ""CHL"", ""CHN"", ""ENE"", ""ENW"", ""EUE"", ""EUM"", ""EUW"", ""IDN"", ""IND"", ""JPN"", ""LAM"", ""MDA"", ""MEA"", ""MEX"", ""NIG"", ""RUS"", ""SKT"", ""USA""]",d,Carbon capture,2050,0.00010401732243766891,MtCO2/yr,"[""Carbon Capture|Industry|Non-Ferrous Metals|Aluminum""]",0.00010401732243766891,MtCO2/yr,,,1.0
