Scenario,ClimatePathway,CE,Panel,Scope,Sector,Year,SourceRegions,Policy,BarOrder,BarType,BarLabel,Metric,Series,Value,Unit,Role,SourceVariables,Numerator,NumeratorUnit,Denominator,DenominatorUnit,ConversionFactor,Offset,ReferenceScenario,ReferenceYear
ndc_noce,NDC,No CE,a,Global,Cement,2019,"[""AFE"", ""AFN"", ""AFW"", ""AFZ"", ""ANZ"", ""ASC"", ""ASE"", ""ASO"", ""BRA"", ""CAN"", ""CHL"", ""CHN"", ""ENE"", ""ENW"", ""EUE"", ""EUM"", ""EUW"", ""IDN"", ""IND"", ""JPN"", ""LAM"", ""MDA"", ""MEA"", ""MEX"", ""NIG"", ""RUS"", ""SKT"", ""USA""]",noce,0,historical,2019,Material production,Cement,4201.409299940433,Mt/yr,plotted,"[""Production|Non-Metallic Minerals|Cement""]",4201.409299940433,Mt/yr,,,1.0,0.0,,
ndc_noce,NDC,No CE,a,Global,Cement,2019,"[""AFE"", ""AFN"", ""AFW"", ""AFZ"", ""ANZ"", ""ASC"", ""ASE"", ""ASO"", ""BRA"", ""CAN"", ""CHL"", ""CHN"", ""ENE"", ""ENW"", ""EUE"", ""EUM"", ""EUW"", ""IDN"", ""IND"", ""JPN"", ""LAM"", ""MDA"", ""MEA"", ""MEX"", ""NIG"", ""RUS"", ""SKT"", ""USA""]",noce,0,historical,2019,Material production,Clinker,3030.4398866528886,Mt/yr,plotted,"[""Production|Non-Metallic Minerals|Cement Clinker""]",3030.4398866528886,Mt/yr,,,1.0,0.0,,
ndc_noce,NDC,No CE,a,Global,Cement,2050,"[""AFE"", ""AFN"", ""AFW"", ""AFZ"", ""ANZ"", ""ASC"", ""ASE"", ""ASO"", ""BRA"", ""CAN"", ""CHL"", ""CHN"", ""ENE"", ""ENW"", ""EUE"", ""EUM"", ""EUW"", ""IDN"", ""IND"", ""JPN"", ""LAM"", ""MDA"", ""MEA"", ""MEX"", ""NIG"", ""RUS"", ""SKT"", ""USA""]",noce,1,future,No CE,Material production,Cement,3660.1359678777544,Mt/yr,plotted,"[""Production|Non-Metallic Minerals|Cement""]",3660.1359678777544,Mt/yr,,,1.0,0.0,,
ndc_noce,NDC,No CE,a,Global,Cement,2050,"[""AFE"", ""AFN"", ""AFW"", ""AFZ"", ""ANZ"", ""ASC"", ""ASE"", ""ASO"", ""BRA"", ""CAN"", ""CHL"", ""CHN"", ""ENE"", ""ENW"", ""EUE"", ""EUM"", ""EUW"", ""IDN"", ""IND"", ""JPN"", ""LAM"", ""MDA"", ""MEA"", ""MEX"", ""NIG"", ""RUS"", ""SKT"", ""USA""]",noce,1,future,No CE,Material production,Clinker,2599.115854230405,Mt/yr,plotted,"[""Production|Non-Metallic Minerals|Cement Clinker""]",2599.115854230405,Mt/yr,,,1.0,0.0,,
ndc_noce,NDC,No CE,a,Global,Cement,2050,"[""AFE"", ""AFN"", ""AFW"", ""AFZ"", ""ANZ"", ""ASC"", ""ASE"", ""ASO"", ""BRA"", ""CAN"", ""CHL"", ""CHN"", ""ENE"", ""ENW"", ""EUE"", ""EUM"", ""EUW"", ""IDN"", ""IND"", ""JPN"", ""LAM"", ""MDA"", ""MEA"", ""MEX"", ""NIG"", ""RUS"", ""SKT"", ""USA""]",noce,1,future,No CE,Production change from no CE,Cement,0.0,%,context,"[""Production|Non-Metallic Minerals|Cement""]",3660.1359678777544,Mt/yr,3660.1359678777544,Mt/yr,100.0,-100.0,ndc_noce,2050.0
ndc_medce_eu,NDC,"Medium CE, EU",a,Global,Cement,2050,"[""AFE"", ""AFN"", ""AFW"", ""AFZ"", ""ANZ"", ""ASC"", ""ASE"", ""ASO"", ""BRA"", ""CAN"", ""CHL"", ""CHN"", ""ENE"", ""ENW"", ""EUE"", ""EUM"", ""EUW"", ""IDN"", ""IND"", ""JPN"", ""LAM"", ""MDA"", ""MEA"", ""MEX"", ""NIG"", ""RUS"", ""SKT"", ""USA""]",medce_eu,2,future,M–EU,Material production,Cement,3627.5339251431465,Mt/yr,plotted,"[""Production|Non-Metallic Minerals|Cement""]",3627.5339251431465,Mt/yr,,,1.0,0.0,,
ndc_medce_eu,NDC,"Medium CE, EU",a,Global,Cement,2050,"[""AFE"", ""AFN"", ""AFW"", ""AFZ"", ""ANZ"", ""ASC"", ""ASE"", ""ASO"", ""BRA"", ""CAN"", ""CHL"", ""CHN"", ""ENE"", ""ENW"", ""EUE"", ""EUM"", ""EUW"", ""IDN"", ""IND"", ""JPN"", ""LAM"", ""MDA"", ""MEA"", ""MEX"", ""NIG"", ""RUS"", ""SKT"", ""USA""]",medce_eu,2,future,M–EU,Material production,Clinker,2559.380861506334,Mt/yr,plotted,"[""Production|Non-Metallic Minerals|Cement Clinker""]",2559.380861506334,Mt/yr,,,1.0,0.0,,
ndc_medce_eu,NDC,"Medium CE, EU",a,Global,Cement,2050,"[""AFE"", ""AFN"", ""AFW"", ""AFZ"", ""ANZ"", ""ASC"", ""ASE"", ""ASO"", ""BRA"", ""CAN"", ""CHL"", ""CHN"", ""ENE"", ""ENW"", ""EUE"", ""EUM"", ""EUW"", ""IDN"", ""IND"", ""JPN"", ""LAM"", ""MDA"", ""MEA"", ""MEX"", ""NIG"", ""RUS"", ""SKT"", ""USA""]",medce_eu,2,future,M–EU,Production change from no CE,Cement,-0.8907331044729432,%,context,"[""Production|Non-Metallic Minerals|Cement""]",3627.5339251431465,Mt/yr,3660.1359678777544,Mt/yr,100.0,-100.0,ndc_noce,2050.0
ndc_highce_eu,NDC,"High CE, EU",a,Global,Cement,2050,"[""AFE"", ""AFN"", ""AFW"", ""AFZ"", ""ANZ"", ""ASC"", ""ASE"", ""ASO"", ""BRA"", ""CAN"", ""CHL"", ""CHN"", ""ENE"", ""ENW"", ""EUE"", ""EUM"", ""EUW"", ""IDN"", ""IND"", ""JPN"", ""LAM"", ""MDA"", ""MEA"", ""MEX"", ""NIG"", ""RUS"", ""SKT"", ""USA""]",highce_eu,3,future,H–EU,Material production,Cement,3613.74939155288,Mt/yr,plotted,"[""Production|Non-Metallic Minerals|Cement""]",3613.74939155288,Mt/yr,,,1.0,0.0,,
ndc_highce_eu,NDC,"High CE, EU",a,Global,Cement,2050,"[""AFE"", ""AFN"", ""AFW"", ""AFZ"", ""ANZ"", ""ASC"", ""ASE"", ""ASO"", ""BRA"", ""CAN"", ""CHL"", ""CHN"", ""ENE"", ""ENW"", ""EUE"", ""EUM"", ""EUW"", ""IDN"", ""IND"", ""JPN"", ""LAM"", ""MDA"", ""MEA"", ""MEX"", ""NIG"", ""RUS"", ""SKT"", ""USA""]",highce_eu,3,future,H–EU,Material production,Clinker,2546.3916431920925,Mt/yr,plotted,"[""Production|Non-Metallic Minerals|Cement Clinker""]",2546.3916431920925,Mt/yr,,,1.0,0.0,,
ndc_highce_eu,NDC,"High CE, EU",a,Global,Cement,2050,"[""AFE"", ""AFN"", ""AFW"", ""AFZ"", ""ANZ"", ""ASC"", ""ASE"", ""ASO"", ""BRA"", ""CAN"", ""CHL"", ""CHN"", ""ENE"", ""ENW"", ""EUE"", ""EUM"", ""EUW"", ""IDN"", ""IND"", ""JPN"", ""LAM"", ""MDA"", ""MEA"", ""MEX"", ""NIG"", ""RUS"", ""SKT"", ""USA""]",highce_eu,3,future,H–EU,Production change from no CE,Cement,-1.267345714256919,%,context,"[""Production|Non-Metallic Minerals|Cement""]",3613.74939155288,Mt/yr,3660.1359678777544,Mt/yr,100.0,-100.0,ndc_noce,2050.0
ndc_medce_gbl,NDC,"Medium CE, EU + partners",a,Global,Cement,2050,"[""AFE"", ""AFN"", ""AFW"", ""AFZ"", ""ANZ"", ""ASC"", ""ASE"", ""ASO"", ""BRA"", ""CAN"", ""CHL"", ""CHN"", ""ENE"", ""ENW"", ""EUE"", ""EUM"", ""EUW"", ""IDN"", ""IND"", ""JPN"", ""LAM"", ""MDA"", ""MEA"", ""MEX"", ""NIG"", ""RUS"", ""SKT"", ""USA""]",medce_gbl,4,future,M–EU+,Material production,Cement,3158.8859851310053,Mt/yr,plotted,"[""Production|Non-Metallic Minerals|Cement""]",3158.8859851310053,Mt/yr,,,1.0,0.0,,
ndc_medce_gbl,NDC,"Medium CE, EU + partners",a,Global,Cement,2050,"[""AFE"", ""AFN"", ""AFW"", ""AFZ"", ""ANZ"", ""ASC"", ""ASE"", ""ASO"", ""BRA"", ""CAN"", ""CHL"", ""CHN"", ""ENE"", ""ENW"", ""EUE"", ""EUM"", ""EUW"", ""IDN"", ""IND"", ""JPN"", ""LAM"", ""MDA"", ""MEA"", ""MEX"", ""NIG"", ""RUS"", ""SKT"", ""USA""]",medce_gbl,4,future,M–EU+,Material production,Clinker,2083.6904824590947,Mt/yr,plotted,"[""Production|Non-Metallic Minerals|Cement Clinker""]",2083.6904824590947,Mt/yr,,,1.0,0.0,,
ndc_medce_gbl,NDC,"Medium CE, EU + partners",a,Global,Cement,2050,"[""AFE"", ""AFN"", ""AFW"", ""AFZ"", ""ANZ"", ""ASC"", ""ASE"", ""ASO"", ""BRA"", ""CAN"", ""CHL"", ""CHN"", ""ENE"", ""ENW"", ""EUE"", ""EUM"", ""EUW"", ""IDN"", ""IND"", ""JPN"", ""LAM"", ""MDA"", ""MEA"", ""MEX"", ""NIG"", ""RUS"", ""SKT"", ""USA""]",medce_gbl,4,future,M–EU+,Production change from no CE,Cement,-13.69484596052827,%,context,"[""Production|Non-Metallic Minerals|Cement""]",3158.8859851310053,Mt/yr,3660.1359678777544,Mt/yr,100.0,-100.0,ndc_noce,2050.0
ndc_highce_gbl,NDC,"High CE, EU + partners",a,Global,Cement,2050,"[""AFE"", ""AFN"", ""AFW"", ""AFZ"", ""ANZ"", ""ASC"", ""ASE"", ""ASO"", ""BRA"", ""CAN"", ""CHL"", ""CHN"", ""ENE"", ""ENW"", ""EUE"", ""EUM"", ""EUW"", ""IDN"", ""IND"", ""JPN"", ""LAM"", ""MDA"", ""MEA"", ""MEX"", ""NIG"", ""RUS"", ""SKT"", ""USA""]",highce_gbl,5,future,H–EU+,Material production,Cement,2947.217955463377,Mt/yr,plotted,"[""Production|Non-Metallic Minerals|Cement""]",2947.217955463377,Mt/yr,,,1.0,0.0,,
ndc_highce_gbl,NDC,"High CE, EU + partners",a,Global,Cement,2050,"[""AFE"", ""AFN"", ""AFW"", ""AFZ"", ""ANZ"", ""ASC"", ""ASE"", ""ASO"", ""BRA"", ""CAN"", ""CHL"", ""CHN"", ""ENE"", ""ENW"", ""EUE"", ""EUM"", ""EUW"", ""IDN"", ""IND"", ""JPN"", ""LAM"", ""MDA"", ""MEA"", ""MEX"", ""NIG"", ""RUS"", ""SKT"", ""USA""]",highce_gbl,5,future,H–EU+,Material production,Clinker,1884.203014792611,Mt/yr,plotted,"[""Production|Non-Metallic Minerals|Cement Clinker""]",1884.203014792611,Mt/yr,,,1.0,0.0,,
ndc_highce_gbl,NDC,"High CE, EU + partners",a,Global,Cement,2050,"[""AFE"", ""AFN"", ""AFW"", ""AFZ"", ""ANZ"", ""ASC"", ""ASE"", ""ASO"", ""BRA"", ""CAN"", ""CHL"", ""CHN"", ""ENE"", ""ENW"", ""EUE"", ""EUM"", ""EUW"", ""IDN"", ""IND"", ""JPN"", ""LAM"", ""MDA"", ""MEA"", ""MEX"", ""NIG"", ""RUS"", ""SKT"", ""USA""]",highce_gbl,5,future,H–EU+,Production change from no CE,Cement,-19.4779106205649,%,context,"[""Production|Non-Metallic Minerals|Cement""]",2947.217955463377,Mt/yr,3660.1359678777544,Mt/yr,100.0,-100.0,ndc_noce,2050.0
ndc_noce,NDC,No CE,b,Global,Iron and steel,2019,"[""AFE"", ""AFN"", ""AFW"", ""AFZ"", ""ANZ"", ""ASC"", ""ASE"", ""ASO"", ""BRA"", ""CAN"", ""CHL"", ""CHN"", ""ENE"", ""ENW"", ""EUE"", ""EUM"", ""EUW"", ""IDN"", ""IND"", ""JPN"", ""LAM"", ""MDA"", ""MEA"", ""MEX"", ""NIG"", ""RUS"", ""SKT"", ""USA""]",noce,0,historical,2019,Material production,Total,1754.711551232852,Mt/yr,context,"[""Production|Iron and Steel|Primary"", ""Production|Iron and Steel|Secondary""]",1754.711551232852,Mt/yr,,,1.0,0.0,,
ndc_noce,NDC,No CE,b,Global,Iron and steel,2019,"[""AFE"", ""AFN"", ""AFW"", ""AFZ"", ""ANZ"", ""ASC"", ""ASE"", ""ASO"", ""BRA"", ""CAN"", ""CHL"", ""CHN"", ""ENE"", ""ENW"", ""EUE"", ""EUM"", ""EUW"", ""IDN"", ""IND"", ""JPN"", ""LAM"", ""MDA"", ""MEA"", ""MEX"", ""NIG"", ""RUS"", ""SKT"", ""USA""]",noce,0,historical,2019,Material production,Primary,1409.4021422034127,Mt/yr,plotted,"[""Production|Iron and Steel|Primary""]",1409.4021422034127,Mt/yr,,,1.0,0.0,,
ndc_noce,NDC,No CE,b,Global,Iron and steel,2019,"[""AFE"", ""AFN"", ""AFW"", ""AFZ"", ""ANZ"", ""ASC"", ""ASE"", ""ASO"", ""BRA"", ""CAN"", ""CHL"", ""CHN"", ""ENE"", ""ENW"", ""EUE"", ""EUM"", ""EUW"", ""IDN"", ""IND"", ""JPN"", ""LAM"", ""MDA"", ""MEA"", ""MEX"", ""NIG"", ""RUS"", ""SKT"", ""USA""]",noce,0,historical,2019,Material production,Secondary,345.30940902943917,Mt/yr,plotted,"[""Production|Iron and Steel|Secondary""]",345.30940902943917,Mt/yr,,,1.0,0.0,,
ndc_noce,NDC,No CE,b,Global,Iron and steel,2019,"[""AFE"", ""AFN"", ""AFW"", ""AFZ"", ""ANZ"", ""ASC"", ""ASE"", ""ASO"", ""BRA"", ""CAN"", ""CHL"", ""CHN"", ""ENE"", ""ENW"", ""EUE"", ""EUM"", ""EUW"", ""IDN"", ""IND"", ""JPN"", ""LAM"", ""MDA"", ""MEA"", ""MEX"", ""NIG"", ""RUS"", ""SKT"", ""USA""]",noce,0,historical,2019,Secondary production share,Secondary,19.678984206083697,%,context,"[""Production|Iron and Steel|Primary"", ""Production|Iron and Steel|Secondary""]",345.30940902943917,Mt/yr,1754.711551232852,Mt/yr,100.0,0.0,ndc_noce,2019.0
ndc_noce,NDC,No CE,b,Global,Iron and steel,2050,"[""AFE"", ""AFN"", ""AFW"", ""AFZ"", ""ANZ"", ""ASC"", ""ASE"", ""ASO"", ""BRA"", ""CAN"", ""CHL"", ""CHN"", ""ENE"", ""ENW"", ""EUE"", ""EUM"", ""EUW"", ""IDN"", ""IND"", ""JPN"", ""LAM"", ""MDA"", ""MEA"", ""MEX"", ""NIG"", ""RUS"", ""SKT"", ""USA""]",noce,1,future,No CE,Material production,Total,2186.9297730849707,Mt/yr,context,"[""Production|Iron and Steel|Primary"", ""Production|Iron and Steel|Secondary""]",2186.9297730849707,Mt/yr,,,1.0,0.0,,
ndc_noce,NDC,No CE,b,Global,Iron and steel,2050,"[""AFE"", ""AFN"", ""AFW"", ""AFZ"", ""ANZ"", ""ASC"", ""ASE"", ""ASO"", ""BRA"", ""CAN"", ""CHL"", ""CHN"", ""ENE"", ""ENW"", ""EUE"", ""EUM"", ""EUW"", ""IDN"", ""IND"", ""JPN"", ""LAM"", ""MDA"", ""MEA"", ""MEX"", ""NIG"", ""RUS"", ""SKT"", ""USA""]",noce,1,future,No CE,Material production,Primary,1399.6350714434163,Mt/yr,plotted,"[""Production|Iron and Steel|Primary""]",1399.6350714434163,Mt/yr,,,1.0,0.0,,
ndc_noce,NDC,No CE,b,Global,Iron and steel,2050,"[""AFE"", ""AFN"", ""AFW"", ""AFZ"", ""ANZ"", ""ASC"", ""ASE"", ""ASO"", ""BRA"", ""CAN"", ""CHL"", ""CHN"", ""ENE"", ""ENW"", ""EUE"", ""EUM"", ""EUW"", ""IDN"", ""IND"", ""JPN"", ""LAM"", ""MDA"", ""MEA"", ""MEX"", ""NIG"", ""RUS"", ""SKT"", ""USA""]",noce,1,future,No CE,Material production,Secondary,787.2947016415544,Mt/yr,plotted,"[""Production|Iron and Steel|Secondary""]",787.2947016415544,Mt/yr,,,1.0,0.0,,
ndc_noce,NDC,No CE,b,Global,Iron and steel,2050,"[""AFE"", ""AFN"", ""AFW"", ""AFZ"", ""ANZ"", ""ASC"", ""ASE"", ""ASO"", ""BRA"", ""CAN"", ""CHL"", ""CHN"", ""ENE"", ""ENW"", ""EUE"", ""EUM"", ""EUW"", ""IDN"", ""IND"", ""JPN"", ""LAM"", ""MDA"", ""MEA"", ""MEX"", ""NIG"", ""RUS"", ""SKT"", ""USA""]",noce,1,future,No CE,Secondary production share,Secondary,35.99999923778828,%,context,"[""Production|Iron and Steel|Primary"", ""Production|Iron and Steel|Secondary""]",787.2947016415544,Mt/yr,2186.9297730849707,Mt/yr,100.0,0.0,ndc_noce,2050.0
ndc_noce,NDC,No CE,b,Global,Iron and steel,2050,"[""AFE"", ""AFN"", ""AFW"", ""AFZ"", ""ANZ"", ""ASC"", ""ASE"", ""ASO"", ""BRA"", ""CAN"", ""CHL"", ""CHN"", ""ENE"", ""ENW"", ""EUE"", ""EUM"", ""EUW"", ""IDN"", ""IND"", ""JPN"", ""LAM"", ""MDA"", ""MEA"", ""MEX"", ""NIG"", ""RUS"", ""SKT"", ""USA""]",noce,1,future,No CE,Production change from no CE,Total,0.0,%,context,"[""Production|Iron and Steel|Primary"", ""Production|Iron and Steel|Secondary""]",2186.9297730849707,Mt/yr,2186.9297730849707,Mt/yr,100.0,-100.0,ndc_noce,2050.0
ndc_medce_eu,NDC,"Medium CE, EU",b,Global,Iron and steel,2050,"[""AFE"", ""AFN"", ""AFW"", ""AFZ"", ""ANZ"", ""ASC"", ""ASE"", ""ASO"", ""BRA"", ""CAN"", ""CHL"", ""CHN"", ""ENE"", ""ENW"", ""EUE"", ""EUM"", ""EUW"", ""IDN"", ""IND"", ""JPN"", ""LAM"", ""MDA"", ""MEA"", ""MEX"", ""NIG"", ""RUS"", ""SKT"", ""USA""]",medce_eu,2,future,M–EU,Material production,Total,2184.4384398707944,Mt/yr,context,"[""Production|Iron and Steel|Primary"", ""Production|Iron and Steel|Secondary""]",2184.4384398707944,Mt/yr,,,1.0,0.0,,
ndc_medce_eu,NDC,"Medium CE, EU",b,Global,Iron and steel,2050,"[""AFE"", ""AFN"", ""AFW"", ""AFZ"", ""ANZ"", ""ASC"", ""ASE"", ""ASO"", ""BRA"", ""CAN"", ""CHL"", ""CHN"", ""ENE"", ""ENW"", ""EUE"", ""EUM"", ""EUW"", ""IDN"", ""IND"", ""JPN"", ""LAM"", ""MDA"", ""MEA"", ""MEX"", ""NIG"", ""RUS"", ""SKT"", ""USA""]",medce_eu,2,future,M–EU,Material production,Primary,1385.8837931026792,Mt/yr,plotted,"[""Production|Iron and Steel|Primary""]",1385.8837931026792,Mt/yr,,,1.0,0.0,,
ndc_medce_eu,NDC,"Medium CE, EU",b,Global,Iron and steel,2050,"[""AFE"", ""AFN"", ""AFW"", ""AFZ"", ""ANZ"", ""ASC"", ""ASE"", ""ASO"", ""BRA"", ""CAN"", ""CHL"", ""CHN"", ""ENE"", ""ENW"", ""EUE"", ""EUM"", ""EUW"", ""IDN"", ""IND"", ""JPN"", ""LAM"", ""MDA"", ""MEA"", ""MEX"", ""NIG"", ""RUS"", ""SKT"", ""USA""]",medce_eu,2,future,M–EU,Material production,Secondary,798.5546467681152,Mt/yr,plotted,"[""Production|Iron and Steel|Secondary""]",798.5546467681152,Mt/yr,,,1.0,0.0,,
ndc_medce_eu,NDC,"Medium CE, EU",b,Global,Iron and steel,2050,"[""AFE"", ""AFN"", ""AFW"", ""AFZ"", ""ANZ"", ""ASC"", ""ASE"", ""ASO"", ""BRA"", ""CAN"", ""CHL"", ""CHN"", ""ENE"", ""ENW"", ""EUE"", ""EUM"", ""EUW"", ""IDN"", ""IND"", ""JPN"", ""LAM"", ""MDA"", ""MEA"", ""MEX"", ""NIG"", ""RUS"", ""SKT"", ""USA""]",medce_eu,2,future,M–EU,Secondary production share,Secondary,36.55651870030946,%,context,"[""Production|Iron and Steel|Primary"", ""Production|Iron and Steel|Secondary""]",798.5546467681152,Mt/yr,2184.4384398707944,Mt/yr,100.0,0.0,ndc_medce_eu,2050.0
ndc_medce_eu,NDC,"Medium CE, EU",b,Global,Iron and steel,2050,"[""AFE"", ""AFN"", ""AFW"", ""AFZ"", ""ANZ"", ""ASC"", ""ASE"", ""ASO"", ""BRA"", ""CAN"", ""CHL"", ""CHN"", ""ENE"", ""ENW"", ""EUE"", ""EUM"", ""EUW"", ""IDN"", ""IND"", ""JPN"", ""LAM"", ""MDA"", ""MEA"", ""MEX"", ""NIG"", ""RUS"", ""SKT"", ""USA""]",medce_eu,2,future,M–EU,Production change from no CE,Total,-0.11391921427188834,%,context,"[""Production|Iron and Steel|Primary"", ""Production|Iron and Steel|Secondary""]",2184.4384398707944,Mt/yr,2186.9297730849707,Mt/yr,100.0,-100.0,ndc_noce,2050.0
ndc_highce_eu,NDC,"High CE, EU",b,Global,Iron and steel,2050,"[""AFE"", ""AFN"", ""AFW"", ""AFZ"", ""ANZ"", ""ASC"", ""ASE"", ""ASO"", ""BRA"", ""CAN"", ""CHL"", ""CHN"", ""ENE"", ""ENW"", ""EUE"", ""EUM"", ""EUW"", ""IDN"", ""IND"", ""JPN"", ""LAM"", ""MDA"", ""MEA"", ""MEX"", ""NIG"", ""RUS"", ""SKT"", ""USA""]",highce_eu,3,future,H–EU,Material production,Total,2183.3546198156414,Mt/yr,context,"[""Production|Iron and Steel|Primary"", ""Production|Iron and Steel|Secondary""]",2183.3546198156414,Mt/yr,,,1.0,0.0,,
ndc_highce_eu,NDC,"High CE, EU",b,Global,Iron and steel,2050,"[""AFE"", ""AFN"", ""AFW"", ""AFZ"", ""ANZ"", ""ASC"", ""ASE"", ""ASO"", ""BRA"", ""CAN"", ""CHL"", ""CHN"", ""ENE"", ""ENW"", ""EUE"", ""EUM"", ""EUW"", ""IDN"", ""IND"", ""JPN"", ""LAM"", ""MDA"", ""MEA"", ""MEX"", ""NIG"", ""RUS"", ""SKT"", ""USA""]",highce_eu,3,future,H–EU,Material production,Primary,1375.6270494325845,Mt/yr,plotted,"[""Production|Iron and Steel|Primary""]",1375.6270494325845,Mt/yr,,,1.0,0.0,,
ndc_highce_eu,NDC,"High CE, EU",b,Global,Iron and steel,2050,"[""AFE"", ""AFN"", ""AFW"", ""AFZ"", ""ANZ"", ""ASC"", ""ASE"", ""ASO"", ""BRA"", ""CAN"", ""CHL"", ""CHN"", ""ENE"", ""ENW"", ""EUE"", ""EUM"", ""EUW"", ""IDN"", ""IND"", ""JPN"", ""LAM"", ""MDA"", ""MEA"", ""MEX"", ""NIG"", ""RUS"", ""SKT"", ""USA""]",highce_eu,3,future,H–EU,Material production,Secondary,807.7275703830568,Mt/yr,plotted,"[""Production|Iron and Steel|Secondary""]",807.7275703830568,Mt/yr,,,1.0,0.0,,
ndc_highce_eu,NDC,"High CE, EU",b,Global,Iron and steel,2050,"[""AFE"", ""AFN"", ""AFW"", ""AFZ"", ""ANZ"", ""ASC"", ""ASE"", ""ASO"", ""BRA"", ""CAN"", ""CHL"", ""CHN"", ""ENE"", ""ENW"", ""EUE"", ""EUM"", ""EUW"", ""IDN"", ""IND"", ""JPN"", ""LAM"", ""MDA"", ""MEA"", ""MEX"", ""NIG"", ""RUS"", ""SKT"", ""USA""]",highce_eu,3,future,H–EU,Secondary production share,Secondary,36.99479521339781,%,context,"[""Production|Iron and Steel|Primary"", ""Production|Iron and Steel|Secondary""]",807.7275703830568,Mt/yr,2183.3546198156414,Mt/yr,100.0,0.0,ndc_highce_eu,2050.0
ndc_highce_eu,NDC,"High CE, EU",b,Global,Iron and steel,2050,"[""AFE"", ""AFN"", ""AFW"", ""AFZ"", ""ANZ"", ""ASC"", ""ASE"", ""ASO"", ""BRA"", ""CAN"", ""CHL"", ""CHN"", ""ENE"", ""ENW"", ""EUE"", ""EUM"", ""EUW"", ""IDN"", ""IND"", ""JPN"", ""LAM"", ""MDA"", ""MEA"", ""MEX"", ""NIG"", ""RUS"", ""SKT"", ""USA""]",highce_eu,3,future,H–EU,Production change from no CE,Total,-0.16347819273072162,%,context,"[""Production|Iron and Steel|Primary"", ""Production|Iron and Steel|Secondary""]",2183.3546198156414,Mt/yr,2186.9297730849707,Mt/yr,100.0,-100.0,ndc_noce,2050.0
ndc_medce_gbl,NDC,"Medium CE, EU + partners",b,Global,Iron and steel,2050,"[""AFE"", ""AFN"", ""AFW"", ""AFZ"", ""ANZ"", ""ASC"", ""ASE"", ""ASO"", ""BRA"", ""CAN"", ""CHL"", ""CHN"", ""ENE"", ""ENW"", ""EUE"", ""EUM"", ""EUW"", ""IDN"", ""IND"", ""JPN"", ""LAM"", ""MDA"", ""MEA"", ""MEX"", ""NIG"", ""RUS"", ""SKT"", ""USA""]",medce_gbl,4,future,M–EU+,Material production,Total,2124.152489639885,Mt/yr,context,"[""Production|Iron and Steel|Primary"", ""Production|Iron and Steel|Secondary""]",2124.152489639885,Mt/yr,,,1.0,0.0,,
ndc_medce_gbl,NDC,"Medium CE, EU + partners",b,Global,Iron and steel,2050,"[""AFE"", ""AFN"", ""AFW"", ""AFZ"", ""ANZ"", ""ASC"", ""ASE"", ""ASO"", ""BRA"", ""CAN"", ""CHL"", ""CHN"", ""ENE"", ""ENW"", ""EUE"", ""EUM"", ""EUW"", ""IDN"", ""IND"", ""JPN"", ""LAM"", ""MDA"", ""MEA"", ""MEX"", ""NIG"", ""RUS"", ""SKT"", ""USA""]",medce_gbl,4,future,M–EU+,Material production,Primary,1045.9689686843165,Mt/yr,plotted,"[""Production|Iron and Steel|Primary""]",1045.9689686843165,Mt/yr,,,1.0,0.0,,
ndc_medce_gbl,NDC,"Medium CE, EU + partners",b,Global,Iron and steel,2050,"[""AFE"", ""AFN"", ""AFW"", ""AFZ"", ""ANZ"", ""ASC"", ""ASE"", ""ASO"", ""BRA"", ""CAN"", ""CHL"", ""CHN"", ""ENE"", ""ENW"", ""EUE"", ""EUM"", ""EUW"", ""IDN"", ""IND"", ""JPN"", ""LAM"", ""MDA"", ""MEA"", ""MEX"", ""NIG"", ""RUS"", ""SKT"", ""USA""]",medce_gbl,4,future,M–EU+,Material production,Secondary,1078.1835209555684,Mt/yr,plotted,"[""Production|Iron and Steel|Secondary""]",1078.1835209555684,Mt/yr,,,1.0,0.0,,
ndc_medce_gbl,NDC,"Medium CE, EU + partners",b,Global,Iron and steel,2050,"[""AFE"", ""AFN"", ""AFW"", ""AFZ"", ""ANZ"", ""ASC"", ""ASE"", ""ASO"", ""BRA"", ""CAN"", ""CHL"", ""CHN"", ""ENE"", ""ENW"", ""EUE"", ""EUM"", ""EUW"", ""IDN"", ""IND"", ""JPN"", ""LAM"", ""MDA"", ""MEA"", ""MEX"", ""NIG"", ""RUS"", ""SKT"", ""USA""]",medce_gbl,4,future,M–EU+,Secondary production share,Secondary,50.75829189355217,%,context,"[""Production|Iron and Steel|Primary"", ""Production|Iron and Steel|Secondary""]",1078.1835209555684,Mt/yr,2124.152489639885,Mt/yr,100.0,0.0,ndc_medce_gbl,2050.0
ndc_medce_gbl,NDC,"Medium CE, EU + partners",b,Global,Iron and steel,2050,"[""AFE"", ""AFN"", ""AFW"", ""AFZ"", ""ANZ"", ""ASC"", ""ASE"", ""ASO"", ""BRA"", ""CAN"", ""CHL"", ""CHN"", ""ENE"", ""ENW"", ""EUE"", ""EUM"", ""EUW"", ""IDN"", ""IND"", ""JPN"", ""LAM"", ""MDA"", ""MEA"", ""MEX"", ""NIG"", ""RUS"", ""SKT"", ""USA""]",medce_gbl,4,future,M–EU+,Production change from no CE,Total,-2.87056695727955,%,context,"[""Production|Iron and Steel|Primary"", ""Production|Iron and Steel|Secondary""]",2124.152489639885,Mt/yr,2186.9297730849707,Mt/yr,100.0,-100.0,ndc_noce,2050.0
ndc_highce_gbl,NDC,"High CE, EU + partners",b,Global,Iron and steel,2050,"[""AFE"", ""AFN"", ""AFW"", ""AFZ"", ""ANZ"", ""ASC"", ""ASE"", ""ASO"", ""BRA"", ""CAN"", ""CHL"", ""CHN"", ""ENE"", ""ENW"", ""EUE"", ""EUM"", ""EUW"", ""IDN"", ""IND"", ""JPN"", ""LAM"", ""MDA"", ""MEA"", ""MEX"", ""NIG"", ""RUS"", ""SKT"", ""USA""]",highce_gbl,5,future,H–EU+,Material production,Total,2095.1975670819306,Mt/yr,context,"[""Production|Iron and Steel|Primary"", ""Production|Iron and Steel|Secondary""]",2095.1975670819306,Mt/yr,,,1.0,0.0,,
ndc_highce_gbl,NDC,"High CE, EU + partners",b,Global,Iron and steel,2050,"[""AFE"", ""AFN"", ""AFW"", ""AFZ"", ""ANZ"", ""ASC"", ""ASE"", ""ASO"", ""BRA"", ""CAN"", ""CHL"", ""CHN"", ""ENE"", ""ENW"", ""EUE"", ""EUM"", ""EUW"", ""IDN"", ""IND"", ""JPN"", ""LAM"", ""MDA"", ""MEA"", ""MEX"", ""NIG"", ""RUS"", ""SKT"", ""USA""]",highce_gbl,5,future,H–EU+,Material production,Primary,781.125238259651,Mt/yr,plotted,"[""Production|Iron and Steel|Primary""]",781.125238259651,Mt/yr,,,1.0,0.0,,
ndc_highce_gbl,NDC,"High CE, EU + partners",b,Global,Iron and steel,2050,"[""AFE"", ""AFN"", ""AFW"", ""AFZ"", ""ANZ"", ""ASC"", ""ASE"", ""ASO"", ""BRA"", ""CAN"", ""CHL"", ""CHN"", ""ENE"", ""ENW"", ""EUE"", ""EUM"", ""EUW"", ""IDN"", ""IND"", ""JPN"", ""LAM"", ""MDA"", ""MEA"", ""MEX"", ""NIG"", ""RUS"", ""SKT"", ""USA""]",highce_gbl,5,future,H–EU+,Material production,Secondary,1314.0723288222796,Mt/yr,plotted,"[""Production|Iron and Steel|Secondary""]",1314.0723288222796,Mt/yr,,,1.0,0.0,,
ndc_highce_gbl,NDC,"High CE, EU + partners",b,Global,Iron and steel,2050,"[""AFE"", ""AFN"", ""AFW"", ""AFZ"", ""ANZ"", ""ASC"", ""ASE"", ""ASO"", ""BRA"", ""CAN"", ""CHL"", ""CHN"", ""ENE"", ""ENW"", ""EUE"", ""EUM"", ""EUW"", ""IDN"", ""IND"", ""JPN"", ""LAM"", ""MDA"", ""MEA"", ""MEX"", ""NIG"", ""RUS"", ""SKT"", ""USA""]",highce_gbl,5,future,H–EU+,Secondary production share,Secondary,62.71830158014373,%,context,"[""Production|Iron and Steel|Primary"", ""Production|Iron and Steel|Secondary""]",1314.0723288222796,Mt/yr,2095.1975670819306,Mt/yr,100.0,0.0,ndc_highce_gbl,2050.0
ndc_highce_gbl,NDC,"High CE, EU + partners",b,Global,Iron and steel,2050,"[""AFE"", ""AFN"", ""AFW"", ""AFZ"", ""ANZ"", ""ASC"", ""ASE"", ""ASO"", ""BRA"", ""CAN"", ""CHL"", ""CHN"", ""ENE"", ""ENW"", ""EUE"", ""EUM"", ""EUW"", ""IDN"", ""IND"", ""JPN"", ""LAM"", ""MDA"", ""MEA"", ""MEX"", ""NIG"", ""RUS"", ""SKT"", ""USA""]",highce_gbl,5,future,H–EU+,Production change from no CE,Total,-4.194565693512828,%,context,"[""Production|Iron and Steel|Primary"", ""Production|Iron and Steel|Secondary""]",2095.1975670819306,Mt/yr,2186.9297730849707,Mt/yr,100.0,-100.0,ndc_noce,2050.0
ndc_noce,NDC,No CE,c,Global,Aluminium,2019,"[""AFE"", ""AFN"", ""AFW"", ""AFZ"", ""ANZ"", ""ASC"", ""ASE"", ""ASO"", ""BRA"", ""CAN"", ""CHL"", ""CHN"", ""ENE"", ""ENW"", ""EUE"", ""EUM"", ""EUW"", ""IDN"", ""IND"", ""JPN"", ""LAM"", ""MDA"", ""MEA"", ""MEX"", ""NIG"", ""RUS"", ""SKT"", ""USA""]",noce,0,historical,2019,Material production,Total,94.49997372278058,Mt/yr,context,"[""Production|Non-Ferrous Metals|Aluminum|Primary"", ""Production|Non-Ferrous Metals|Aluminum|Secondary""]",94.49997372278058,Mt/yr,,,1.0,0.0,,
ndc_noce,NDC,No CE,c,Global,Aluminium,2019,"[""AFE"", ""AFN"", ""AFW"", ""AFZ"", ""ANZ"", ""ASC"", ""ASE"", ""ASO"", ""BRA"", ""CAN"", ""CHL"", ""CHN"", ""ENE"", ""ENW"", ""EUE"", ""EUM"", ""EUW"", ""IDN"", ""IND"", ""JPN"", ""LAM"", ""MDA"", ""MEA"", ""MEX"", ""NIG"", ""RUS"", ""SKT"", ""USA""]",noce,0,historical,2019,Material production,Primary,62.749973727086626,Mt/yr,plotted,"[""Production|Non-Ferrous Metals|Aluminum|Primary""]",62.749973727086626,Mt/yr,,,1.0,0.0,,
ndc_noce,NDC,No CE,c,Global,Aluminium,2019,"[""AFE"", ""AFN"", ""AFW"", ""AFZ"", ""ANZ"", ""ASC"", ""ASE"", ""ASO"", ""BRA"", ""CAN"", ""CHL"", ""CHN"", ""ENE"", ""ENW"", ""EUE"", ""EUM"", ""EUW"", ""IDN"", ""IND"", ""JPN"", ""LAM"", ""MDA"", ""MEA"", ""MEX"", ""NIG"", ""RUS"", ""SKT"", ""USA""]",noce,0,historical,2019,Material production,Secondary,31.74999999569395,Mt/yr,plotted,"[""Production|Non-Ferrous Metals|Aluminum|Secondary""]",31.74999999569395,Mt/yr,,,1.0,0.0,,
ndc_noce,NDC,No CE,c,Global,Aluminium,2019,"[""AFE"", ""AFN"", ""AFW"", ""AFZ"", ""ANZ"", ""ASC"", ""ASE"", ""ASO"", ""BRA"", ""CAN"", ""CHL"", ""CHN"", ""ENE"", ""ENW"", ""EUE"", ""EUM"", ""EUW"", ""IDN"", ""IND"", ""JPN"", ""LAM"", ""MDA"", ""MEA"", ""MEX"", ""NIG"", ""RUS"", ""SKT"", ""USA""]",noce,0,historical,2019,Secondary production share,Secondary,33.59789293575238,%,context,"[""Production|Non-Ferrous Metals|Aluminum|Primary"", ""Production|Non-Ferrous Metals|Aluminum|Secondary""]",31.74999999569395,Mt/yr,94.49997372278058,Mt/yr,100.0,0.0,ndc_noce,2019.0
ndc_noce,NDC,No CE,c,Global,Aluminium,2050,"[""AFE"", ""AFN"", ""AFW"", ""AFZ"", ""ANZ"", ""ASC"", ""ASE"", ""ASO"", ""BRA"", ""CAN"", ""CHL"", ""CHN"", ""ENE"", ""ENW"", ""EUE"", ""EUM"", ""EUW"", ""IDN"", ""IND"", ""JPN"", ""LAM"", ""MDA"", ""MEA"", ""MEX"", ""NIG"", ""RUS"", ""SKT"", ""USA""]",noce,1,future,No CE,Material production,Total,133.0141126535924,Mt/yr,context,"[""Production|Non-Ferrous Metals|Aluminum|Primary"", ""Production|Non-Ferrous Metals|Aluminum|Secondary""]",133.0141126535924,Mt/yr,,,1.0,0.0,,
ndc_noce,NDC,No CE,c,Global,Aluminium,2050,"[""AFE"", ""AFN"", ""AFW"", ""AFZ"", ""ANZ"", ""ASC"", ""ASE"", ""ASO"", ""BRA"", ""CAN"", ""CHL"", ""CHN"", ""ENE"", ""ENW"", ""EUE"", ""EUM"", ""EUW"", ""IDN"", ""IND"", ""JPN"", ""LAM"", ""MDA"", ""MEA"", ""MEX"", ""NIG"", ""RUS"", ""SKT"", ""USA""]",noce,1,future,No CE,Material production,Primary,68.45860254240496,Mt/yr,plotted,"[""Production|Non-Ferrous Metals|Aluminum|Primary""]",68.45860254240496,Mt/yr,,,1.0,0.0,,
ndc_noce,NDC,No CE,c,Global,Aluminium,2050,"[""AFE"", ""AFN"", ""AFW"", ""AFZ"", ""ANZ"", ""ASC"", ""ASE"", ""ASO"", ""BRA"", ""CAN"", ""CHL"", ""CHN"", ""ENE"", ""ENW"", ""EUE"", ""EUM"", ""EUW"", ""IDN"", ""IND"", ""JPN"", ""LAM"", ""MDA"", ""MEA"", ""MEX"", ""NIG"", ""RUS"", ""SKT"", ""USA""]",noce,1,future,No CE,Material production,Secondary,64.55551011118743,Mt/yr,plotted,"[""Production|Non-Ferrous Metals|Aluminum|Secondary""]",64.55551011118743,Mt/yr,,,1.0,0.0,,
ndc_noce,NDC,No CE,c,Global,Aluminium,2050,"[""AFE"", ""AFN"", ""AFW"", ""AFZ"", ""ANZ"", ""ASC"", ""ASE"", ""ASO"", ""BRA"", ""CAN"", ""CHL"", ""CHN"", ""ENE"", ""ENW"", ""EUE"", ""EUM"", ""EUW"", ""IDN"", ""IND"", ""JPN"", ""LAM"", ""MDA"", ""MEA"", ""MEX"", ""NIG"", ""RUS"", ""SKT"", ""USA""]",noce,1,future,No CE,Secondary production share,Secondary,48.532827700252255,%,context,"[""Production|Non-Ferrous Metals|Aluminum|Primary"", ""Production|Non-Ferrous Metals|Aluminum|Secondary""]",64.55551011118743,Mt/yr,133.0141126535924,Mt/yr,100.0,0.0,ndc_noce,2050.0
ndc_noce,NDC,No CE,c,Global,Aluminium,2050,"[""AFE"", ""AFN"", ""AFW"", ""AFZ"", ""ANZ"", ""ASC"", ""ASE"", ""ASO"", ""BRA"", ""CAN"", ""CHL"", ""CHN"", ""ENE"", ""ENW"", ""EUE"", ""EUM"", ""EUW"", ""IDN"", ""IND"", ""JPN"", ""LAM"", ""MDA"", ""MEA"", ""MEX"", ""NIG"", ""RUS"", ""SKT"", ""USA""]",noce,1,future,No CE,Production change from no CE,Total,0.0,%,context,"[""Production|Non-Ferrous Metals|Aluminum|Primary"", ""Production|Non-Ferrous Metals|Aluminum|Secondary""]",133.0141126535924,Mt/yr,133.0141126535924,Mt/yr,100.0,-100.0,ndc_noce,2050.0
ndc_medce_eu,NDC,"Medium CE, EU",c,Global,Aluminium,2050,"[""AFE"", ""AFN"", ""AFW"", ""AFZ"", ""ANZ"", ""ASC"", ""ASE"", ""ASO"", ""BRA"", ""CAN"", ""CHL"", ""CHN"", ""ENE"", ""ENW"", ""EUE"", ""EUM"", ""EUW"", ""IDN"", ""IND"", ""JPN"", ""LAM"", ""MDA"", ""MEA"", ""MEX"", ""NIG"", ""RUS"", ""SKT"", ""USA""]",medce_eu,2,future,M–EU,Material production,Total,131.7829466759616,Mt/yr,context,"[""Production|Non-Ferrous Metals|Aluminum|Primary"", ""Production|Non-Ferrous Metals|Aluminum|Secondary""]",131.7829466759616,Mt/yr,,,1.0,0.0,,
ndc_medce_eu,NDC,"Medium CE, EU",c,Global,Aluminium,2050,"[""AFE"", ""AFN"", ""AFW"", ""AFZ"", ""ANZ"", ""ASC"", ""ASE"", ""ASO"", ""BRA"", ""CAN"", ""CHL"", ""CHN"", ""ENE"", ""ENW"", ""EUE"", ""EUM"", ""EUW"", ""IDN"", ""IND"", ""JPN"", ""LAM"", ""MDA"", ""MEA"", ""MEX"", ""NIG"", ""RUS"", ""SKT"", ""USA""]",medce_eu,2,future,M–EU,Material production,Primary,66.91987715242247,Mt/yr,plotted,"[""Production|Non-Ferrous Metals|Aluminum|Primary""]",66.91987715242247,Mt/yr,,,1.0,0.0,,
ndc_medce_eu,NDC,"Medium CE, EU",c,Global,Aluminium,2050,"[""AFE"", ""AFN"", ""AFW"", ""AFZ"", ""ANZ"", ""ASC"", ""ASE"", ""ASO"", ""BRA"", ""CAN"", ""CHL"", ""CHN"", ""ENE"", ""ENW"", ""EUE"", ""EUM"", ""EUW"", ""IDN"", ""IND"", ""JPN"", ""LAM"", ""MDA"", ""MEA"", ""MEX"", ""NIG"", ""RUS"", ""SKT"", ""USA""]",medce_eu,2,future,M–EU,Material production,Secondary,64.86306952353912,Mt/yr,plotted,"[""Production|Non-Ferrous Metals|Aluminum|Secondary""]",64.86306952353912,Mt/yr,,,1.0,0.0,,
ndc_medce_eu,NDC,"Medium CE, EU",c,Global,Aluminium,2050,"[""AFE"", ""AFN"", ""AFW"", ""AFZ"", ""ANZ"", ""ASC"", ""ASE"", ""ASO"", ""BRA"", ""CAN"", ""CHL"", ""CHN"", ""ENE"", ""ENW"", ""EUE"", ""EUM"", ""EUW"", ""IDN"", ""IND"", ""JPN"", ""LAM"", ""MDA"", ""MEA"", ""MEX"", ""NIG"", ""RUS"", ""SKT"", ""USA""]",medce_eu,2,future,M–EU,Secondary production share,Secondary,49.21962299342843,%,context,"[""Production|Non-Ferrous Metals|Aluminum|Primary"", ""Production|Non-Ferrous Metals|Aluminum|Secondary""]",64.86306952353912,Mt/yr,131.7829466759616,Mt/yr,100.0,0.0,ndc_medce_eu,2050.0
ndc_medce_eu,NDC,"Medium CE, EU",c,Global,Aluminium,2050,"[""AFE"", ""AFN"", ""AFW"", ""AFZ"", ""ANZ"", ""ASC"", ""ASE"", ""ASO"", ""BRA"", ""CAN"", ""CHL"", ""CHN"", ""ENE"", ""ENW"", ""EUE"", ""EUM"", ""EUW"", ""IDN"", ""IND"", ""JPN"", ""LAM"", ""MDA"", ""MEA"", ""MEX"", ""NIG"", ""RUS"", ""SKT"", ""USA""]",medce_eu,2,future,M–EU,Production change from no CE,Total,-0.9255904904144501,%,context,"[""Production|Non-Ferrous Metals|Aluminum|Primary"", ""Production|Non-Ferrous Metals|Aluminum|Secondary""]",131.7829466759616,Mt/yr,133.0141126535924,Mt/yr,100.0,-100.0,ndc_noce,2050.0
ndc_highce_eu,NDC,"High CE, EU",c,Global,Aluminium,2050,"[""AFE"", ""AFN"", ""AFW"", ""AFZ"", ""ANZ"", ""ASC"", ""ASE"", ""ASO"", ""BRA"", ""CAN"", ""CHL"", ""CHN"", ""ENE"", ""ENW"", ""EUE"", ""EUM"", ""EUW"", ""IDN"", ""IND"", ""JPN"", ""LAM"", ""MDA"", ""MEA"", ""MEX"", ""NIG"", ""RUS"", ""SKT"", ""USA""]",highce_eu,3,future,H–EU,Material production,Total,131.0235267484698,Mt/yr,context,"[""Production|Non-Ferrous Metals|Aluminum|Primary"", ""Production|Non-Ferrous Metals|Aluminum|Secondary""]",131.0235267484698,Mt/yr,,,1.0,0.0,,
ndc_highce_eu,NDC,"High CE, EU",c,Global,Aluminium,2050,"[""AFE"", ""AFN"", ""AFW"", ""AFZ"", ""ANZ"", ""ASC"", ""ASE"", ""ASO"", ""BRA"", ""CAN"", ""CHL"", ""CHN"", ""ENE"", ""ENW"", ""EUE"", ""EUM"", ""EUW"", ""IDN"", ""IND"", ""JPN"", ""LAM"", ""MDA"", ""MEA"", ""MEX"", ""NIG"", ""RUS"", ""SKT"", ""USA""]",highce_eu,3,future,H–EU,Material production,Primary,65.6003526424434,Mt/yr,plotted,"[""Production|Non-Ferrous Metals|Aluminum|Primary""]",65.6003526424434,Mt/yr,,,1.0,0.0,,
ndc_highce_eu,NDC,"High CE, EU",c,Global,Aluminium,2050,"[""AFE"", ""AFN"", ""AFW"", ""AFZ"", ""ANZ"", ""ASC"", ""ASE"", ""ASO"", ""BRA"", ""CAN"", ""CHL"", ""CHN"", ""ENE"", ""ENW"", ""EUE"", ""EUM"", ""EUW"", ""IDN"", ""IND"", ""JPN"", ""LAM"", ""MDA"", ""MEA"", ""MEX"", ""NIG"", ""RUS"", ""SKT"", ""USA""]",highce_eu,3,future,H–EU,Material production,Secondary,65.4231741060264,Mt/yr,plotted,"[""Production|Non-Ferrous Metals|Aluminum|Secondary""]",65.4231741060264,Mt/yr,,,1.0,0.0,,
ndc_highce_eu,NDC,"High CE, EU",c,Global,Aluminium,2050,"[""AFE"", ""AFN"", ""AFW"", ""AFZ"", ""ANZ"", ""ASC"", ""ASE"", ""ASO"", ""BRA"", ""CAN"", ""CHL"", ""CHN"", ""ENE"", ""ENW"", ""EUE"", ""EUM"", ""EUW"", ""IDN"", ""IND"", ""JPN"", ""LAM"", ""MDA"", ""MEA"", ""MEX"", ""NIG"", ""RUS"", ""SKT"", ""USA""]",highce_eu,3,future,H–EU,Secondary production share,Secondary,49.932386747321665,%,context,"[""Production|Non-Ferrous Metals|Aluminum|Primary"", ""Production|Non-Ferrous Metals|Aluminum|Secondary""]",65.4231741060264,Mt/yr,131.0235267484698,Mt/yr,100.0,0.0,ndc_highce_eu,2050.0
ndc_highce_eu,NDC,"High CE, EU",c,Global,Aluminium,2050,"[""AFE"", ""AFN"", ""AFW"", ""AFZ"", ""ANZ"", ""ASC"", ""ASE"", ""ASO"", ""BRA"", ""CAN"", ""CHL"", ""CHN"", ""ENE"", ""ENW"", ""EUE"", ""EUM"", ""EUW"", ""IDN"", ""IND"", ""JPN"", ""LAM"", ""MDA"", ""MEA"", ""MEX"", ""NIG"", ""RUS"", ""SKT"", ""USA""]",highce_eu,3,future,H–EU,Production change from no CE,Total,-1.49652233542065,%,context,"[""Production|Non-Ferrous Metals|Aluminum|Primary"", ""Production|Non-Ferrous Metals|Aluminum|Secondary""]",131.0235267484698,Mt/yr,133.0141126535924,Mt/yr,100.0,-100.0,ndc_noce,2050.0
ndc_medce_gbl,NDC,"Medium CE, EU + partners",c,Global,Aluminium,2050,"[""AFE"", ""AFN"", ""AFW"", ""AFZ"", ""ANZ"", ""ASC"", ""ASE"", ""ASO"", ""BRA"", ""CAN"", ""CHL"", ""CHN"", ""ENE"", ""ENW"", ""EUE"", ""EUM"", ""EUW"", ""IDN"", ""IND"", ""JPN"", ""LAM"", ""MDA"", ""MEA"", ""MEX"", ""NIG"", ""RUS"", ""SKT"", ""USA""]",medce_gbl,4,future,M–EU+,Material production,Total,121.67389275652519,Mt/yr,context,"[""Production|Non-Ferrous Metals|Aluminum|Primary"", ""Production|Non-Ferrous Metals|Aluminum|Secondary""]",121.67389275652519,Mt/yr,,,1.0,0.0,,
ndc_medce_gbl,NDC,"Medium CE, EU + partners",c,Global,Aluminium,2050,"[""AFE"", ""AFN"", ""AFW"", ""AFZ"", ""ANZ"", ""ASC"", ""ASE"", ""ASO"", ""BRA"", ""CAN"", ""CHL"", ""CHN"", ""ENE"", ""ENW"", ""EUE"", ""EUM"", ""EUW"", ""IDN"", ""IND"", ""JPN"", ""LAM"", ""MDA"", ""MEA"", ""MEX"", ""NIG"", ""RUS"", ""SKT"", ""USA""]",medce_gbl,4,future,M–EU+,Material production,Primary,54.269379063176316,Mt/yr,plotted,"[""Production|Non-Ferrous Metals|Aluminum|Primary""]",54.269379063176316,Mt/yr,,,1.0,0.0,,
ndc_medce_gbl,NDC,"Medium CE, EU + partners",c,Global,Aluminium,2050,"[""AFE"", ""AFN"", ""AFW"", ""AFZ"", ""ANZ"", ""ASC"", ""ASE"", ""ASO"", ""BRA"", ""CAN"", ""CHL"", ""CHN"", ""ENE"", ""ENW"", ""EUE"", ""EUM"", ""EUW"", ""IDN"", ""IND"", ""JPN"", ""LAM"", ""MDA"", ""MEA"", ""MEX"", ""NIG"", ""RUS"", ""SKT"", ""USA""]",medce_gbl,4,future,M–EU+,Material production,Secondary,67.40451369334887,Mt/yr,plotted,"[""Production|Non-Ferrous Metals|Aluminum|Secondary""]",67.40451369334887,Mt/yr,,,1.0,0.0,,
ndc_medce_gbl,NDC,"Medium CE, EU + partners",c,Global,Aluminium,2050,"[""AFE"", ""AFN"", ""AFW"", ""AFZ"", ""ANZ"", ""ASC"", ""ASE"", ""ASO"", ""BRA"", ""CAN"", ""CHL"", ""CHN"", ""ENE"", ""ENW"", ""EUE"", ""EUM"", ""EUW"", ""IDN"", ""IND"", ""JPN"", ""LAM"", ""MDA"", ""MEA"", ""MEX"", ""NIG"", ""RUS"", ""SKT"", ""USA""]",medce_gbl,4,future,M–EU+,Secondary production share,Secondary,55.39767995113649,%,context,"[""Production|Non-Ferrous Metals|Aluminum|Primary"", ""Production|Non-Ferrous Metals|Aluminum|Secondary""]",67.40451369334887,Mt/yr,121.67389275652519,Mt/yr,100.0,0.0,ndc_medce_gbl,2050.0
ndc_medce_gbl,NDC,"Medium CE, EU + partners",c,Global,Aluminium,2050,"[""AFE"", ""AFN"", ""AFW"", ""AFZ"", ""ANZ"", ""ASC"", ""ASE"", ""ASO"", ""BRA"", ""CAN"", ""CHL"", ""CHN"", ""ENE"", ""ENW"", ""EUE"", ""EUM"", ""EUW"", ""IDN"", ""IND"", ""JPN"", ""LAM"", ""MDA"", ""MEA"", ""MEX"", ""NIG"", ""RUS"", ""SKT"", ""USA""]",medce_gbl,4,future,M–EU+,Production change from no CE,Total,-8.525576475182348,%,context,"[""Production|Non-Ferrous Metals|Aluminum|Primary"", ""Production|Non-Ferrous Metals|Aluminum|Secondary""]",121.67389275652519,Mt/yr,133.0141126535924,Mt/yr,100.0,-100.0,ndc_noce,2050.0
ndc_highce_gbl,NDC,"High CE, EU + partners",c,Global,Aluminium,2050,"[""AFE"", ""AFN"", ""AFW"", ""AFZ"", ""ANZ"", ""ASC"", ""ASE"", ""ASO"", ""BRA"", ""CAN"", ""CHL"", ""CHN"", ""ENE"", ""ENW"", ""EUE"", ""EUM"", ""EUW"", ""IDN"", ""IND"", ""JPN"", ""LAM"", ""MDA"", ""MEA"", ""MEX"", ""NIG"", ""RUS"", ""SKT"", ""USA""]",highce_gbl,5,future,H–EU+,Material production,Total,114.6589936931592,Mt/yr,context,"[""Production|Non-Ferrous Metals|Aluminum|Primary"", ""Production|Non-Ferrous Metals|Aluminum|Secondary""]",114.6589936931592,Mt/yr,,,1.0,0.0,,
ndc_highce_gbl,NDC,"High CE, EU + partners",c,Global,Aluminium,2050,"[""AFE"", ""AFN"", ""AFW"", ""AFZ"", ""ANZ"", ""ASC"", ""ASE"", ""ASO"", ""BRA"", ""CAN"", ""CHL"", ""CHN"", ""ENE"", ""ENW"", ""EUE"", ""EUM"", ""EUW"", ""IDN"", ""IND"", ""JPN"", ""LAM"", ""MDA"", ""MEA"", ""MEX"", ""NIG"", ""RUS"", ""SKT"", ""USA""]",highce_gbl,5,future,H–EU+,Material production,Primary,42.089621022059724,Mt/yr,plotted,"[""Production|Non-Ferrous Metals|Aluminum|Primary""]",42.089621022059724,Mt/yr,,,1.0,0.0,,
ndc_highce_gbl,NDC,"High CE, EU + partners",c,Global,Aluminium,2050,"[""AFE"", ""AFN"", ""AFW"", ""AFZ"", ""ANZ"", ""ASC"", ""ASE"", ""ASO"", ""BRA"", ""CAN"", ""CHL"", ""CHN"", ""ENE"", ""ENW"", ""EUE"", ""EUM"", ""EUW"", ""IDN"", ""IND"", ""JPN"", ""LAM"", ""MDA"", ""MEA"", ""MEX"", ""NIG"", ""RUS"", ""SKT"", ""USA""]",highce_gbl,5,future,H–EU+,Material production,Secondary,72.56937267109947,Mt/yr,plotted,"[""Production|Non-Ferrous Metals|Aluminum|Secondary""]",72.56937267109947,Mt/yr,,,1.0,0.0,,
ndc_highce_gbl,NDC,"High CE, EU + partners",c,Global,Aluminium,2050,"[""AFE"", ""AFN"", ""AFW"", ""AFZ"", ""ANZ"", ""ASC"", ""ASE"", ""ASO"", ""BRA"", ""CAN"", ""CHL"", ""CHN"", ""ENE"", ""ENW"", ""EUE"", ""EUM"", ""EUW"", ""IDN"", ""IND"", ""JPN"", ""LAM"", ""MDA"", ""MEA"", ""MEX"", ""NIG"", ""RUS"", ""SKT"", ""USA""]",highce_gbl,5,future,H–EU+,Secondary production share,Secondary,63.291478787354045,%,context,"[""Production|Non-Ferrous Metals|Aluminum|Primary"", ""Production|Non-Ferrous Metals|Aluminum|Secondary""]",72.56937267109947,Mt/yr,114.6589936931592,Mt/yr,100.0,0.0,ndc_highce_gbl,2050.0
ndc_highce_gbl,NDC,"High CE, EU + partners",c,Global,Aluminium,2050,"[""AFE"", ""AFN"", ""AFW"", ""AFZ"", ""ANZ"", ""ASC"", ""ASE"", ""ASO"", ""BRA"", ""CAN"", ""CHL"", ""CHN"", ""ENE"", ""ENW"", ""EUE"", ""EUM"", ""EUW"", ""IDN"", ""IND"", ""JPN"", ""LAM"", ""MDA"", ""MEA"", ""MEX"", ""NIG"", ""RUS"", ""SKT"", ""USA""]",highce_gbl,5,future,H–EU+,Production change from no CE,Total,-13.799377069285342,%,context,"[""Production|Non-Ferrous Metals|Aluminum|Primary"", ""Production|Non-Ferrous Metals|Aluminum|Secondary""]",114.6589936931592,Mt/yr,133.0141126535924,Mt/yr,100.0,-100.0,ndc_noce,2050.0
baseline_noce,NDC+LTT,No CE,d,Global,Cement,2019,"[""AFE"", ""AFN"", ""AFW"", ""AFZ"", ""ANZ"", ""ASC"", ""ASE"", ""ASO"", ""BRA"", ""CAN"", ""CHL"", ""CHN"", ""ENE"", ""ENW"", ""EUE"", ""EUM"", ""EUW"", ""IDN"", ""IND"", ""JPN"", ""LAM"", ""MDA"", ""MEA"", ""MEX"", ""NIG"", ""RUS"", ""SKT"", ""USA""]",noce,0,historical,2019,Material production,Cement,4201.409299940433,Mt/yr,plotted,"[""Production|Non-Metallic Minerals|Cement""]",4201.409299940433,Mt/yr,,,1.0,0.0,,
baseline_noce,NDC+LTT,No CE,d,Global,Cement,2019,"[""AFE"", ""AFN"", ""AFW"", ""AFZ"", ""ANZ"", ""ASC"", ""ASE"", ""ASO"", ""BRA"", ""CAN"", ""CHL"", ""CHN"", ""ENE"", ""ENW"", ""EUE"", ""EUM"", ""EUW"", ""IDN"", ""IND"", ""JPN"", ""LAM"", ""MDA"", ""MEA"", ""MEX"", ""NIG"", ""RUS"", ""SKT"", ""USA""]",noce,0,historical,2019,Material production,Clinker,3030.4398866528886,Mt/yr,plotted,"[""Production|Non-Metallic Minerals|Cement Clinker""]",3030.4398866528886,Mt/yr,,,1.0,0.0,,
baseline_noce,NDC+LTT,No CE,d,Global,Cement,2050,"[""AFE"", ""AFN"", ""AFW"", ""AFZ"", ""ANZ"", ""ASC"", ""ASE"", ""ASO"", ""BRA"", ""CAN"", ""CHL"", ""CHN"", ""ENE"", ""ENW"", ""EUE"", ""EUM"", ""EUW"", ""IDN"", ""IND"", ""JPN"", ""LAM"", ""MDA"", ""MEA"", ""MEX"", ""NIG"", ""RUS"", ""SKT"", ""USA""]",noce,1,future,No CE,Material production,Cement,3660.135942423824,Mt/yr,plotted,"[""Production|Non-Metallic Minerals|Cement""]",3660.135942423824,Mt/yr,,,1.0,0.0,,
baseline_noce,NDC+LTT,No CE,d,Global,Cement,2050,"[""AFE"", ""AFN"", ""AFW"", ""AFZ"", ""ANZ"", ""ASC"", ""ASE"", ""ASO"", ""BRA"", ""CAN"", ""CHL"", ""CHN"", ""ENE"", ""ENW"", ""EUE"", ""EUM"", ""EUW"", ""IDN"", ""IND"", ""JPN"", ""LAM"", ""MDA"", ""MEA"", ""MEX"", ""NIG"", ""RUS"", ""SKT"", ""USA""]",noce,1,future,No CE,Material production,Clinker,2599.115827280662,Mt/yr,plotted,"[""Production|Non-Metallic Minerals|Cement Clinker""]",2599.115827280662,Mt/yr,,,1.0,0.0,,
baseline_noce,NDC+LTT,No CE,d,Global,Cement,2050,"[""AFE"", ""AFN"", ""AFW"", ""AFZ"", ""ANZ"", ""ASC"", ""ASE"", ""ASO"", ""BRA"", ""CAN"", ""CHL"", ""CHN"", ""ENE"", ""ENW"", ""EUE"", ""EUM"", ""EUW"", ""IDN"", ""IND"", ""JPN"", ""LAM"", ""MDA"", ""MEA"", ""MEX"", ""NIG"", ""RUS"", ""SKT"", ""USA""]",noce,1,future,No CE,Production change from no CE,Cement,0.0,%,context,"[""Production|Non-Metallic Minerals|Cement""]",3660.135942423824,Mt/yr,3660.135942423824,Mt/yr,100.0,-100.0,baseline_noce,2050.0
baseline_medce_eu,NDC+LTT,"Medium CE, EU",d,Global,Cement,2050,"[""AFE"", ""AFN"", ""AFW"", ""AFZ"", ""ANZ"", ""ASC"", ""ASE"", ""ASO"", ""BRA"", ""CAN"", ""CHL"", ""CHN"", ""ENE"", ""ENW"", ""EUE"", ""EUM"", ""EUW"", ""IDN"", ""IND"", ""JPN"", ""LAM"", ""MDA"", ""MEA"", ""MEX"", ""NIG"", ""RUS"", ""SKT"", ""USA""]",medce_eu,2,future,M–EU,Material production,Cement,3627.5339251320734,Mt/yr,plotted,"[""Production|Non-Metallic Minerals|Cement""]",3627.5339251320734,Mt/yr,,,1.0,0.0,,
baseline_medce_eu,NDC+LTT,"Medium CE, EU",d,Global,Cement,2050,"[""AFE"", ""AFN"", ""AFW"", ""AFZ"", ""ANZ"", ""ASC"", ""ASE"", ""ASO"", ""BRA"", ""CAN"", ""CHL"", ""CHN"", ""ENE"", ""ENW"", ""EUE"", ""EUM"", ""EUW"", ""IDN"", ""IND"", ""JPN"", ""LAM"", ""MDA"", ""MEA"", ""MEX"", ""NIG"", ""RUS"", ""SKT"", ""USA""]",medce_eu,2,future,M–EU,Material production,Clinker,2559.3808613365522,Mt/yr,plotted,"[""Production|Non-Metallic Minerals|Cement Clinker""]",2559.3808613365522,Mt/yr,,,1.0,0.0,,
baseline_medce_eu,NDC+LTT,"Medium CE, EU",d,Global,Cement,2050,"[""AFE"", ""AFN"", ""AFW"", ""AFZ"", ""ANZ"", ""ASC"", ""ASE"", ""ASO"", ""BRA"", ""CAN"", ""CHL"", ""CHN"", ""ENE"", ""ENW"", ""EUE"", ""EUM"", ""EUW"", ""IDN"", ""IND"", ""JPN"", ""LAM"", ""MDA"", ""MEA"", ""MEX"", ""NIG"", ""RUS"", ""SKT"", ""USA""]",medce_eu,2,future,M–EU,Production change from no CE,Cement,-0.8907324155332077,%,context,"[""Production|Non-Metallic Minerals|Cement""]",3627.5339251320734,Mt/yr,3660.135942423824,Mt/yr,100.0,-100.0,baseline_noce,2050.0
baseline_highce_eu,NDC+LTT,"High CE, EU",d,Global,Cement,2050,"[""AFE"", ""AFN"", ""AFW"", ""AFZ"", ""ANZ"", ""ASC"", ""ASE"", ""ASO"", ""BRA"", ""CAN"", ""CHL"", ""CHN"", ""ENE"", ""ENW"", ""EUE"", ""EUM"", ""EUW"", ""IDN"", ""IND"", ""JPN"", ""LAM"", ""MDA"", ""MEA"", ""MEX"", ""NIG"", ""RUS"", ""SKT"", ""USA""]",highce_eu,3,future,H–EU,Material production,Cement,3613.749391624557,Mt/yr,plotted,"[""Production|Non-Metallic Minerals|Cement""]",3613.749391624557,Mt/yr,,,1.0,0.0,,
baseline_highce_eu,NDC+LTT,"High CE, EU",d,Global,Cement,2050,"[""AFE"", ""AFN"", ""AFW"", ""AFZ"", ""ANZ"", ""ASC"", ""ASE"", ""ASO"", ""BRA"", ""CAN"", ""CHL"", ""CHN"", ""ENE"", ""ENW"", ""EUE"", ""EUM"", ""EUW"", ""IDN"", ""IND"", ""JPN"", ""LAM"", ""MDA"", ""MEA"", ""MEX"", ""NIG"", ""RUS"", ""SKT"", ""USA""]",highce_eu,3,future,H–EU,Material production,Clinker,2546.3916428762786,Mt/yr,plotted,"[""Production|Non-Metallic Minerals|Cement Clinker""]",2546.3916428762786,Mt/yr,,,1.0,0.0,,
baseline_highce_eu,NDC+LTT,"High CE, EU",d,Global,Cement,2050,"[""AFE"", ""AFN"", ""AFW"", ""AFZ"", ""ANZ"", ""ASC"", ""ASE"", ""ASO"", ""BRA"", ""CAN"", ""CHL"", ""CHN"", ""ENE"", ""ENW"", ""EUE"", ""EUM"", ""EUW"", ""IDN"", ""IND"", ""JPN"", ""LAM"", ""MDA"", ""MEA"", ""MEX"", ""NIG"", ""RUS"", ""SKT"", ""USA""]",highce_eu,3,future,H–EU,Production change from no CE,Cement,-1.267345025675425,%,context,"[""Production|Non-Metallic Minerals|Cement""]",3613.749391624557,Mt/yr,3660.135942423824,Mt/yr,100.0,-100.0,baseline_noce,2050.0
baseline_medce_gbl,NDC+LTT,"Medium CE, EU + partners",d,Global,Cement,2050,"[""AFE"", ""AFN"", ""AFW"", ""AFZ"", ""ANZ"", ""ASC"", ""ASE"", ""ASO"", ""BRA"", ""CAN"", ""CHL"", ""CHN"", ""ENE"", ""ENW"", ""EUE"", ""EUM"", ""EUW"", ""IDN"", ""IND"", ""JPN"", ""LAM"", ""MDA"", ""MEA"", ""MEX"", ""NIG"", ""RUS"", ""SKT"", ""USA""]",medce_gbl,4,future,M–EU+,Material production,Cement,3158.8859851059724,Mt/yr,plotted,"[""Production|Non-Metallic Minerals|Cement""]",3158.8859851059724,Mt/yr,,,1.0,0.0,,
baseline_medce_gbl,NDC+LTT,"Medium CE, EU + partners",d,Global,Cement,2050,"[""AFE"", ""AFN"", ""AFW"", ""AFZ"", ""ANZ"", ""ASC"", ""ASE"", ""ASO"", ""BRA"", ""CAN"", ""CHL"", ""CHN"", ""ENE"", ""ENW"", ""EUE"", ""EUM"", ""EUW"", ""IDN"", ""IND"", ""JPN"", ""LAM"", ""MDA"", ""MEA"", ""MEX"", ""NIG"", ""RUS"", ""SKT"", ""USA""]",medce_gbl,4,future,M–EU+,Material production,Clinker,2083.6904822764113,Mt/yr,plotted,"[""Production|Non-Metallic Minerals|Cement Clinker""]",2083.6904822764113,Mt/yr,,,1.0,0.0,,
baseline_medce_gbl,NDC+LTT,"Medium CE, EU + partners",d,Global,Cement,2050,"[""AFE"", ""AFN"", ""AFW"", ""AFZ"", ""ANZ"", ""ASC"", ""ASE"", ""ASO"", ""BRA"", ""CAN"", ""CHL"", ""CHN"", ""ENE"", ""ENW"", ""EUE"", ""EUM"", ""EUW"", ""IDN"", ""IND"", ""JPN"", ""LAM"", ""MDA"", ""MEA"", ""MEX"", ""NIG"", ""RUS"", ""SKT"", ""USA""]",medce_gbl,4,future,M–EU+,Production change from no CE,Cement,-13.694845361014444,%,context,"[""Production|Non-Metallic Minerals|Cement""]",3158.8859851059724,Mt/yr,3660.135942423824,Mt/yr,100.0,-100.0,baseline_noce,2050.0
baseline_highce_gbl,NDC+LTT,"High CE, EU + partners",d,Global,Cement,2050,"[""AFE"", ""AFN"", ""AFW"", ""AFZ"", ""ANZ"", ""ASC"", ""ASE"", ""ASO"", ""BRA"", ""CAN"", ""CHL"", ""CHN"", ""ENE"", ""ENW"", ""EUE"", ""EUM"", ""EUW"", ""IDN"", ""IND"", ""JPN"", ""LAM"", ""MDA"", ""MEA"", ""MEX"", ""NIG"", ""RUS"", ""SKT"", ""USA""]",highce_gbl,5,future,H–EU+,Material production,Cement,2947.2179553016663,Mt/yr,plotted,"[""Production|Non-Metallic Minerals|Cement""]",2947.2179553016663,Mt/yr,,,1.0,0.0,,
baseline_highce_gbl,NDC+LTT,"High CE, EU + partners",d,Global,Cement,2050,"[""AFE"", ""AFN"", ""AFW"", ""AFZ"", ""ANZ"", ""ASC"", ""ASE"", ""ASO"", ""BRA"", ""CAN"", ""CHL"", ""CHN"", ""ENE"", ""ENW"", ""EUE"", ""EUM"", ""EUW"", ""IDN"", ""IND"", ""JPN"", ""LAM"", ""MDA"", ""MEA"", ""MEX"", ""NIG"", ""RUS"", ""SKT"", ""USA""]",highce_gbl,5,future,H–EU+,Material production,Clinker,1884.2030146186078,Mt/yr,plotted,"[""Production|Non-Metallic Minerals|Cement Clinker""]",1884.2030146186078,Mt/yr,,,1.0,0.0,,
baseline_highce_gbl,NDC+LTT,"High CE, EU + partners",d,Global,Cement,2050,"[""AFE"", ""AFN"", ""AFW"", ""AFZ"", ""ANZ"", ""ASC"", ""ASE"", ""ASO"", ""BRA"", ""CAN"", ""CHL"", ""CHN"", ""ENE"", ""ENW"", ""EUE"", ""EUM"", ""EUW"", ""IDN"", ""IND"", ""JPN"", ""LAM"", ""MDA"", ""MEA"", ""MEX"", ""NIG"", ""RUS"", ""SKT"", ""USA""]",highce_gbl,5,future,H–EU+,Production change from no CE,Cement,-19.47791006500286,%,context,"[""Production|Non-Metallic Minerals|Cement""]",2947.2179553016663,Mt/yr,3660.135942423824,Mt/yr,100.0,-100.0,baseline_noce,2050.0
baseline_noce,NDC+LTT,No CE,e,Global,Iron and steel,2019,"[""AFE"", ""AFN"", ""AFW"", ""AFZ"", ""ANZ"", ""ASC"", ""ASE"", ""ASO"", ""BRA"", ""CAN"", ""CHL"", ""CHN"", ""ENE"", ""ENW"", ""EUE"", ""EUM"", ""EUW"", ""IDN"", ""IND"", ""JPN"", ""LAM"", ""MDA"", ""MEA"", ""MEX"", ""NIG"", ""RUS"", ""SKT"", ""USA""]",noce,0,historical,2019,Material production,Total,1754.711551232852,Mt/yr,context,"[""Production|Iron and Steel|Primary"", ""Production|Iron and Steel|Secondary""]",1754.711551232852,Mt/yr,,,1.0,0.0,,
baseline_noce,NDC+LTT,No CE,e,Global,Iron and steel,2019,"[""AFE"", ""AFN"", ""AFW"", ""AFZ"", ""ANZ"", ""ASC"", ""ASE"", ""ASO"", ""BRA"", ""CAN"", ""CHL"", ""CHN"", ""ENE"", ""ENW"", ""EUE"", ""EUM"", ""EUW"", ""IDN"", ""IND"", ""JPN"", ""LAM"", ""MDA"", ""MEA"", ""MEX"", ""NIG"", ""RUS"", ""SKT"", ""USA""]",noce,0,historical,2019,Material production,Primary,1409.4021422034127,Mt/yr,plotted,"[""Production|Iron and Steel|Primary""]",1409.4021422034127,Mt/yr,,,1.0,0.0,,
baseline_noce,NDC+LTT,No CE,e,Global,Iron and steel,2019,"[""AFE"", ""AFN"", ""AFW"", ""AFZ"", ""ANZ"", ""ASC"", ""ASE"", ""ASO"", ""BRA"", ""CAN"", ""CHL"", ""CHN"", ""ENE"", ""ENW"", ""EUE"", ""EUM"", ""EUW"", ""IDN"", ""IND"", ""JPN"", ""LAM"", ""MDA"", ""MEA"", ""MEX"", ""NIG"", ""RUS"", ""SKT"", ""USA""]",noce,0,historical,2019,Material production,Secondary,345.30940902943917,Mt/yr,plotted,"[""Production|Iron and Steel|Secondary""]",345.30940902943917,Mt/yr,,,1.0,0.0,,
baseline_noce,NDC+LTT,No CE,e,Global,Iron and steel,2019,"[""AFE"", ""AFN"", ""AFW"", ""AFZ"", ""ANZ"", ""ASC"", ""ASE"", ""ASO"", ""BRA"", ""CAN"", ""CHL"", ""CHN"", ""ENE"", ""ENW"", ""EUE"", ""EUM"", ""EUW"", ""IDN"", ""IND"", ""JPN"", ""LAM"", ""MDA"", ""MEA"", ""MEX"", ""NIG"", ""RUS"", ""SKT"", ""USA""]",noce,0,historical,2019,Secondary production share,Secondary,19.678984206083697,%,context,"[""Production|Iron and Steel|Primary"", ""Production|Iron and Steel|Secondary""]",345.30940902943917,Mt/yr,1754.711551232852,Mt/yr,100.0,0.0,baseline_noce,2019.0
baseline_noce,NDC+LTT,No CE,e,Global,Iron and steel,2050,"[""AFE"", ""AFN"", ""AFW"", ""AFZ"", ""ANZ"", ""ASC"", ""ASE"", ""ASO"", ""BRA"", ""CAN"", ""CHL"", ""CHN"", ""ENE"", ""ENW"", ""EUE"", ""EUM"", ""EUW"", ""IDN"", ""IND"", ""JPN"", ""LAM"", ""MDA"", ""MEA"", ""MEX"", ""NIG"", ""RUS"", ""SKT"", ""USA""]",noce,1,future,No CE,Material production,Total,2186.929691103253,Mt/yr,context,"[""Production|Iron and Steel|Primary"", ""Production|Iron and Steel|Secondary""]",2186.929691103253,Mt/yr,,,1.0,0.0,,
baseline_noce,NDC+LTT,No CE,e,Global,Iron and steel,2050,"[""AFE"", ""AFN"", ""AFW"", ""AFZ"", ""ANZ"", ""ASC"", ""ASE"", ""ASO"", ""BRA"", ""CAN"", ""CHL"", ""CHN"", ""ENE"", ""ENW"", ""EUE"", ""EUM"", ""EUW"", ""IDN"", ""IND"", ""JPN"", ""LAM"", ""MDA"", ""MEA"", ""MEX"", ""NIG"", ""RUS"", ""SKT"", ""USA""]",noce,1,future,No CE,Material production,Primary,1399.6350022548183,Mt/yr,plotted,"[""Production|Iron and Steel|Primary""]",1399.6350022548183,Mt/yr,,,1.0,0.0,,
baseline_noce,NDC+LTT,No CE,e,Global,Iron and steel,2050,"[""AFE"", ""AFN"", ""AFW"", ""AFZ"", ""ANZ"", ""ASC"", ""ASE"", ""ASO"", ""BRA"", ""CAN"", ""CHL"", ""CHN"", ""ENE"", ""ENW"", ""EUE"", ""EUM"", ""EUW"", ""IDN"", ""IND"", ""JPN"", ""LAM"", ""MDA"", ""MEA"", ""MEX"", ""NIG"", ""RUS"", ""SKT"", ""USA""]",noce,1,future,No CE,Material production,Secondary,787.2946888484346,Mt/yr,plotted,"[""Production|Iron and Steel|Secondary""]",787.2946888484346,Mt/yr,,,1.0,0.0,,
baseline_noce,NDC+LTT,No CE,e,Global,Iron and steel,2050,"[""AFE"", ""AFN"", ""AFW"", ""AFZ"", ""ANZ"", ""ASC"", ""ASE"", ""ASO"", ""BRA"", ""CAN"", ""CHL"", ""CHN"", ""ENE"", ""ENW"", ""EUE"", ""EUM"", ""EUW"", ""IDN"", ""IND"", ""JPN"", ""LAM"", ""MDA"", ""MEA"", ""MEX"", ""NIG"", ""RUS"", ""SKT"", ""USA""]",noce,1,future,No CE,Secondary production share,Secondary,36.00000000234409,%,context,"[""Production|Iron and Steel|Primary"", ""Production|Iron and Steel|Secondary""]",787.2946888484346,Mt/yr,2186.929691103253,Mt/yr,100.0,0.0,baseline_noce,2050.0
baseline_noce,NDC+LTT,No CE,e,Global,Iron and steel,2050,"[""AFE"", ""AFN"", ""AFW"", ""AFZ"", ""ANZ"", ""ASC"", ""ASE"", ""ASO"", ""BRA"", ""CAN"", ""CHL"", ""CHN"", ""ENE"", ""ENW"", ""EUE"", ""EUM"", ""EUW"", ""IDN"", ""IND"", ""JPN"", ""LAM"", ""MDA"", ""MEA"", ""MEX"", ""NIG"", ""RUS"", ""SKT"", ""USA""]",noce,1,future,No CE,Production change from no CE,Total,0.0,%,context,"[""Production|Iron and Steel|Primary"", ""Production|Iron and Steel|Secondary""]",2186.929691103253,Mt/yr,2186.929691103253,Mt/yr,100.0,-100.0,baseline_noce,2050.0
baseline_medce_eu,NDC+LTT,"Medium CE, EU",e,Global,Iron and steel,2050,"[""AFE"", ""AFN"", ""AFW"", ""AFZ"", ""ANZ"", ""ASC"", ""ASE"", ""ASO"", ""BRA"", ""CAN"", ""CHL"", ""CHN"", ""ENE"", ""ENW"", ""EUE"", ""EUM"", ""EUW"", ""IDN"", ""IND"", ""JPN"", ""LAM"", ""MDA"", ""MEA"", ""MEX"", ""NIG"", ""RUS"", ""SKT"", ""USA""]",medce_eu,2,future,M–EU,Material production,Total,2184.438439804528,Mt/yr,context,"[""Production|Iron and Steel|Primary"", ""Production|Iron and Steel|Secondary""]",2184.438439804528,Mt/yr,,,1.0,0.0,,
baseline_medce_eu,NDC+LTT,"Medium CE, EU",e,Global,Iron and steel,2050,"[""AFE"", ""AFN"", ""AFW"", ""AFZ"", ""ANZ"", ""ASC"", ""ASE"", ""ASO"", ""BRA"", ""CAN"", ""CHL"", ""CHN"", ""ENE"", ""ENW"", ""EUE"", ""EUM"", ""EUW"", ""IDN"", ""IND"", ""JPN"", ""LAM"", ""MDA"", ""MEA"", ""MEX"", ""NIG"", ""RUS"", ""SKT"", ""USA""]",medce_eu,2,future,M–EU,Material production,Primary,1385.8837930535244,Mt/yr,plotted,"[""Production|Iron and Steel|Primary""]",1385.8837930535244,Mt/yr,,,1.0,0.0,,
baseline_medce_eu,NDC+LTT,"Medium CE, EU",e,Global,Iron and steel,2050,"[""AFE"", ""AFN"", ""AFW"", ""AFZ"", ""ANZ"", ""ASC"", ""ASE"", ""ASO"", ""BRA"", ""CAN"", ""CHL"", ""CHN"", ""ENE"", ""ENW"", ""EUE"", ""EUM"", ""EUW"", ""IDN"", ""IND"", ""JPN"", ""LAM"", ""MDA"", ""MEA"", ""MEX"", ""NIG"", ""RUS"", ""SKT"", ""USA""]",medce_eu,2,future,M–EU,Material production,Secondary,798.5546467510037,Mt/yr,plotted,"[""Production|Iron and Steel|Secondary""]",798.5546467510037,Mt/yr,,,1.0,0.0,,
baseline_medce_eu,NDC+LTT,"Medium CE, EU",e,Global,Iron and steel,2050,"[""AFE"", ""AFN"", ""AFW"", ""AFZ"", ""ANZ"", ""ASC"", ""ASE"", ""ASO"", ""BRA"", ""CAN"", ""CHL"", ""CHN"", ""ENE"", ""ENW"", ""EUE"", ""EUM"", ""EUW"", ""IDN"", ""IND"", ""JPN"", ""LAM"", ""MDA"", ""MEA"", ""MEX"", ""NIG"", ""RUS"", ""SKT"", ""USA""]",medce_eu,2,future,M–EU,Secondary production share,Secondary,36.55651870063509,%,context,"[""Production|Iron and Steel|Primary"", ""Production|Iron and Steel|Secondary""]",798.5546467510037,Mt/yr,2184.438439804528,Mt/yr,100.0,0.0,baseline_medce_eu,2050.0
baseline_medce_eu,NDC+LTT,"Medium CE, EU",e,Global,Iron and steel,2050,"[""AFE"", ""AFN"", ""AFW"", ""AFZ"", ""ANZ"", ""ASC"", ""ASE"", ""ASO"", ""BRA"", ""CAN"", ""CHL"", ""CHN"", ""ENE"", ""ENW"", ""EUE"", ""EUM"", ""EUW"", ""IDN"", ""IND"", ""JPN"", ""LAM"", ""MDA"", ""MEA"", ""MEX"", ""NIG"", ""RUS"", ""SKT"", ""USA""]",medce_eu,2,future,M–EU,Production change from no CE,Total,-0.11391547285948889,%,context,"[""Production|Iron and Steel|Primary"", ""Production|Iron and Steel|Secondary""]",2184.438439804528,Mt/yr,2186.929691103253,Mt/yr,100.0,-100.0,baseline_noce,2050.0
baseline_highce_eu,NDC+LTT,"High CE, EU",e,Global,Iron and steel,2050,"[""AFE"", ""AFN"", ""AFW"", ""AFZ"", ""ANZ"", ""ASC"", ""ASE"", ""ASO"", ""BRA"", ""CAN"", ""CHL"", ""CHN"", ""ENE"", ""ENW"", ""EUE"", ""EUM"", ""EUW"", ""IDN"", ""IND"", ""JPN"", ""LAM"", ""MDA"", ""MEA"", ""MEX"", ""NIG"", ""RUS"", ""SKT"", ""USA""]",highce_eu,3,future,H–EU,Material production,Total,2183.3546196545976,Mt/yr,context,"[""Production|Iron and Steel|Primary"", ""Production|Iron and Steel|Secondary""]",2183.3546196545976,Mt/yr,,,1.0,0.0,,
baseline_highce_eu,NDC+LTT,"High CE, EU",e,Global,Iron and steel,2050,"[""AFE"", ""AFN"", ""AFW"", ""AFZ"", ""ANZ"", ""ASC"", ""ASE"", ""ASO"", ""BRA"", ""CAN"", ""CHL"", ""CHN"", ""ENE"", ""ENW"", ""EUE"", ""EUM"", ""EUW"", ""IDN"", ""IND"", ""JPN"", ""LAM"", ""MDA"", ""MEA"", ""MEX"", ""NIG"", ""RUS"", ""SKT"", ""USA""]",highce_eu,3,future,H–EU,Material production,Primary,1375.6270491499063,Mt/yr,plotted,"[""Production|Iron and Steel|Primary""]",1375.6270491499063,Mt/yr,,,1.0,0.0,,
baseline_highce_eu,NDC+LTT,"High CE, EU",e,Global,Iron and steel,2050,"[""AFE"", ""AFN"", ""AFW"", ""AFZ"", ""ANZ"", ""ASC"", ""ASE"", ""ASO"", ""BRA"", ""CAN"", ""CHL"", ""CHN"", ""ENE"", ""ENW"", ""EUE"", ""EUM"", ""EUW"", ""IDN"", ""IND"", ""JPN"", ""LAM"", ""MDA"", ""MEA"", ""MEX"", ""NIG"", ""RUS"", ""SKT"", ""USA""]",highce_eu,3,future,H–EU,Material production,Secondary,807.7275705046911,Mt/yr,plotted,"[""Production|Iron and Steel|Secondary""]",807.7275705046911,Mt/yr,,,1.0,0.0,,
baseline_highce_eu,NDC+LTT,"High CE, EU",e,Global,Iron and steel,2050,"[""AFE"", ""AFN"", ""AFW"", ""AFZ"", ""ANZ"", ""ASC"", ""ASE"", ""ASO"", ""BRA"", ""CAN"", ""CHL"", ""CHN"", ""ENE"", ""ENW"", ""EUE"", ""EUM"", ""EUW"", ""IDN"", ""IND"", ""JPN"", ""LAM"", ""MDA"", ""MEA"", ""MEX"", ""NIG"", ""RUS"", ""SKT"", ""USA""]",highce_eu,3,future,H–EU,Secondary production share,Secondary,36.994795221697515,%,context,"[""Production|Iron and Steel|Primary"", ""Production|Iron and Steel|Secondary""]",807.7275705046911,Mt/yr,2183.3546196545976,Mt/yr,100.0,0.0,baseline_highce_eu,2050.0
baseline_highce_eu,NDC+LTT,"High CE, EU",e,Global,Iron and steel,2050,"[""AFE"", ""AFN"", ""AFW"", ""AFZ"", ""ANZ"", ""ASC"", ""ASE"", ""ASO"", ""BRA"", ""CAN"", ""CHL"", ""CHN"", ""ENE"", ""ENW"", ""EUE"", ""EUM"", ""EUW"", ""IDN"", ""IND"", ""JPN"", ""LAM"", ""MDA"", ""MEA"", ""MEX"", ""NIG"", ""RUS"", ""SKT"", ""USA""]",highce_eu,3,future,H–EU,Production change from no CE,Total,-0.16347445750996314,%,context,"[""Production|Iron and Steel|Primary"", ""Production|Iron and Steel|Secondary""]",2183.3546196545976,Mt/yr,2186.929691103253,Mt/yr,100.0,-100.0,baseline_noce,2050.0
baseline_medce_gbl,NDC+LTT,"Medium CE, EU + partners",e,Global,Iron and steel,2050,"[""AFE"", ""AFN"", ""AFW"", ""AFZ"", ""ANZ"", ""ASC"", ""ASE"", ""ASO"", ""BRA"", ""CAN"", ""CHL"", ""CHN"", ""ENE"", ""ENW"", ""EUE"", ""EUM"", ""EUW"", ""IDN"", ""IND"", ""JPN"", ""LAM"", ""MDA"", ""MEA"", ""MEX"", ""NIG"", ""RUS"", ""SKT"", ""USA""]",medce_gbl,4,future,M–EU+,Material production,Total,2124.1524894719405,Mt/yr,context,"[""Production|Iron and Steel|Primary"", ""Production|Iron and Steel|Secondary""]",2124.1524894719405,Mt/yr,,,1.0,0.0,,
baseline_medce_gbl,NDC+LTT,"Medium CE, EU + partners",e,Global,Iron and steel,2050,"[""AFE"", ""AFN"", ""AFW"", ""AFZ"", ""ANZ"", ""ASC"", ""ASE"", ""ASO"", ""BRA"", ""CAN"", ""CHL"", ""CHN"", ""ENE"", ""ENW"", ""EUE"", ""EUM"", ""EUW"", ""IDN"", ""IND"", ""JPN"", ""LAM"", ""MDA"", ""MEA"", ""MEX"", ""NIG"", ""RUS"", ""SKT"", ""USA""]",medce_gbl,4,future,M–EU+,Material production,Primary,1045.9689685715605,Mt/yr,plotted,"[""Production|Iron and Steel|Primary""]",1045.9689685715605,Mt/yr,,,1.0,0.0,,
baseline_medce_gbl,NDC+LTT,"Medium CE, EU + partners",e,Global,Iron and steel,2050,"[""AFE"", ""AFN"", ""AFW"", ""AFZ"", ""ANZ"", ""ASC"", ""ASE"", ""ASO"", ""BRA"", ""CAN"", ""CHL"", ""CHN"", ""ENE"", ""ENW"", ""EUE"", ""EUM"", ""EUW"", ""IDN"", ""IND"", ""JPN"", ""LAM"", ""MDA"", ""MEA"", ""MEX"", ""NIG"", ""RUS"", ""SKT"", ""USA""]",medce_gbl,4,future,M–EU+,Material production,Secondary,1078.1835209003798,Mt/yr,plotted,"[""Production|Iron and Steel|Secondary""]",1078.1835209003798,Mt/yr,,,1.0,0.0,,
baseline_medce_gbl,NDC+LTT,"Medium CE, EU + partners",e,Global,Iron and steel,2050,"[""AFE"", ""AFN"", ""AFW"", ""AFZ"", ""ANZ"", ""ASC"", ""ASE"", ""ASO"", ""BRA"", ""CAN"", ""CHL"", ""CHN"", ""ENE"", ""ENW"", ""EUE"", ""EUM"", ""EUW"", ""IDN"", ""IND"", ""JPN"", ""LAM"", ""MDA"", ""MEA"", ""MEX"", ""NIG"", ""RUS"", ""SKT"", ""USA""]",medce_gbl,4,future,M–EU+,Secondary production share,Secondary,50.75829189496719,%,context,"[""Production|Iron and Steel|Primary"", ""Production|Iron and Steel|Secondary""]",1078.1835209003798,Mt/yr,2124.1524894719405,Mt/yr,100.0,0.0,baseline_medce_gbl,2050.0
baseline_medce_gbl,NDC+LTT,"Medium CE, EU + partners",e,Global,Iron and steel,2050,"[""AFE"", ""AFN"", ""AFW"", ""AFZ"", ""ANZ"", ""ASC"", ""ASE"", ""ASO"", ""BRA"", ""CAN"", ""CHL"", ""CHN"", ""ENE"", ""ENW"", ""EUE"", ""EUM"", ""EUW"", ""IDN"", ""IND"", ""JPN"", ""LAM"", ""MDA"", ""MEA"", ""MEX"", ""NIG"", ""RUS"", ""SKT"", ""USA""]",medce_gbl,4,future,M–EU+,Production change from no CE,Total,-2.870563323855322,%,context,"[""Production|Iron and Steel|Primary"", ""Production|Iron and Steel|Secondary""]",2124.1524894719405,Mt/yr,2186.929691103253,Mt/yr,100.0,-100.0,baseline_noce,2050.0
baseline_highce_gbl,NDC+LTT,"High CE, EU + partners",e,Global,Iron and steel,2050,"[""AFE"", ""AFN"", ""AFW"", ""AFZ"", ""ANZ"", ""ASC"", ""ASE"", ""ASO"", ""BRA"", ""CAN"", ""CHL"", ""CHN"", ""ENE"", ""ENW"", ""EUE"", ""EUM"", ""EUW"", ""IDN"", ""IND"", ""JPN"", ""LAM"", ""MDA"", ""MEA"", ""MEX"", ""NIG"", ""RUS"", ""SKT"", ""USA""]",highce_gbl,5,future,H–EU+,Material production,Total,2095.1975670216607,Mt/yr,context,"[""Production|Iron and Steel|Primary"", ""Production|Iron and Steel|Secondary""]",2095.1975670216607,Mt/yr,,,1.0,0.0,,
baseline_highce_gbl,NDC+LTT,"High CE, EU + partners",e,Global,Iron and steel,2050,"[""AFE"", ""AFN"", ""AFW"", ""AFZ"", ""ANZ"", ""ASC"", ""ASE"", ""ASO"", ""BRA"", ""CAN"", ""CHL"", ""CHN"", ""ENE"", ""ENW"", ""EUE"", ""EUM"", ""EUW"", ""IDN"", ""IND"", ""JPN"", ""LAM"", ""MDA"", ""MEA"", ""MEX"", ""NIG"", ""RUS"", ""SKT"", ""USA""]",highce_gbl,5,future,H–EU+,Material production,Primary,781.125238175271,Mt/yr,plotted,"[""Production|Iron and Steel|Primary""]",781.125238175271,Mt/yr,,,1.0,0.0,,
baseline_highce_gbl,NDC+LTT,"High CE, EU + partners",e,Global,Iron and steel,2050,"[""AFE"", ""AFN"", ""AFW"", ""AFZ"", ""ANZ"", ""ASC"", ""ASE"", ""ASO"", ""BRA"", ""CAN"", ""CHL"", ""CHN"", ""ENE"", ""ENW"", ""EUE"", ""EUM"", ""EUW"", ""IDN"", ""IND"", ""JPN"", ""LAM"", ""MDA"", ""MEA"", ""MEX"", ""NIG"", ""RUS"", ""SKT"", ""USA""]",highce_gbl,5,future,H–EU+,Material production,Secondary,1314.0723288463896,Mt/yr,plotted,"[""Production|Iron and Steel|Secondary""]",1314.0723288463896,Mt/yr,,,1.0,0.0,,
baseline_highce_gbl,NDC+LTT,"High CE, EU + partners",e,Global,Iron and steel,2050,"[""AFE"", ""AFN"", ""AFW"", ""AFZ"", ""ANZ"", ""ASC"", ""ASE"", ""ASO"", ""BRA"", ""CAN"", ""CHL"", ""CHN"", ""ENE"", ""ENW"", ""EUE"", ""EUM"", ""EUW"", ""IDN"", ""IND"", ""JPN"", ""LAM"", ""MDA"", ""MEA"", ""MEX"", ""NIG"", ""RUS"", ""SKT"", ""USA""]",highce_gbl,5,future,H–EU+,Secondary production share,Secondary,62.71830158309861,%,context,"[""Production|Iron and Steel|Primary"", ""Production|Iron and Steel|Secondary""]",1314.0723288463896,Mt/yr,2095.1975670216607,Mt/yr,100.0,0.0,baseline_highce_gbl,2050.0
baseline_highce_gbl,NDC+LTT,"High CE, EU + partners",e,Global,Iron and steel,2050,"[""AFE"", ""AFN"", ""AFW"", ""AFZ"", ""ANZ"", ""ASC"", ""ASE"", ""ASO"", ""BRA"", ""CAN"", ""CHL"", ""CHN"", ""ENE"", ""ENW"", ""EUE"", ""EUM"", ""EUW"", ""IDN"", ""IND"", ""JPN"", ""LAM"", ""MDA"", ""MEA"", ""MEX"", ""NIG"", ""RUS"", ""SKT"", ""USA""]",highce_gbl,5,future,H–EU+,Production change from no CE,Total,-4.194562104797967,%,context,"[""Production|Iron and Steel|Primary"", ""Production|Iron and Steel|Secondary""]",2095.1975670216607,Mt/yr,2186.929691103253,Mt/yr,100.0,-100.0,baseline_noce,2050.0
baseline_noce,NDC+LTT,No CE,f,Global,Aluminium,2019,"[""AFE"", ""AFN"", ""AFW"", ""AFZ"", ""ANZ"", ""ASC"", ""ASE"", ""ASO"", ""BRA"", ""CAN"", ""CHL"", ""CHN"", ""ENE"", ""ENW"", ""EUE"", ""EUM"", ""EUW"", ""IDN"", ""IND"", ""JPN"", ""LAM"", ""MDA"", ""MEA"", ""MEX"", ""NIG"", ""RUS"", ""SKT"", ""USA""]",noce,0,historical,2019,Material production,Total,94.49997372278058,Mt/yr,context,"[""Production|Non-Ferrous Metals|Aluminum|Primary"", ""Production|Non-Ferrous Metals|Aluminum|Secondary""]",94.49997372278058,Mt/yr,,,1.0,0.0,,
baseline_noce,NDC+LTT,No CE,f,Global,Aluminium,2019,"[""AFE"", ""AFN"", ""AFW"", ""AFZ"", ""ANZ"", ""ASC"", ""ASE"", ""ASO"", ""BRA"", ""CAN"", ""CHL"", ""CHN"", ""ENE"", ""ENW"", ""EUE"", ""EUM"", ""EUW"", ""IDN"", ""IND"", ""JPN"", ""LAM"", ""MDA"", ""MEA"", ""MEX"", ""NIG"", ""RUS"", ""SKT"", ""USA""]",noce,0,historical,2019,Material production,Primary,62.749973727086626,Mt/yr,plotted,"[""Production|Non-Ferrous Metals|Aluminum|Primary""]",62.749973727086626,Mt/yr,,,1.0,0.0,,
baseline_noce,NDC+LTT,No CE,f,Global,Aluminium,2019,"[""AFE"", ""AFN"", ""AFW"", ""AFZ"", ""ANZ"", ""ASC"", ""ASE"", ""ASO"", ""BRA"", ""CAN"", ""CHL"", ""CHN"", ""ENE"", ""ENW"", ""EUE"", ""EUM"", ""EUW"", ""IDN"", ""IND"", ""JPN"", ""LAM"", ""MDA"", ""MEA"", ""MEX"", ""NIG"", ""RUS"", ""SKT"", ""USA""]",noce,0,historical,2019,Material production,Secondary,31.74999999569395,Mt/yr,plotted,"[""Production|Non-Ferrous Metals|Aluminum|Secondary""]",31.74999999569395,Mt/yr,,,1.0,0.0,,
baseline_noce,NDC+LTT,No CE,f,Global,Aluminium,2019,"[""AFE"", ""AFN"", ""AFW"", ""AFZ"", ""ANZ"", ""ASC"", ""ASE"", ""ASO"", ""BRA"", ""CAN"", ""CHL"", ""CHN"", ""ENE"", ""ENW"", ""EUE"", ""EUM"", ""EUW"", ""IDN"", ""IND"", ""JPN"", ""LAM"", ""MDA"", ""MEA"", ""MEX"", ""NIG"", ""RUS"", ""SKT"", ""USA""]",noce,0,historical,2019,Secondary production share,Secondary,33.59789293575238,%,context,"[""Production|Non-Ferrous Metals|Aluminum|Primary"", ""Production|Non-Ferrous Metals|Aluminum|Secondary""]",31.74999999569395,Mt/yr,94.49997372278058,Mt/yr,100.0,0.0,baseline_noce,2019.0
baseline_noce,NDC+LTT,No CE,f,Global,Aluminium,2050,"[""AFE"", ""AFN"", ""AFW"", ""AFZ"", ""ANZ"", ""ASC"", ""ASE"", ""ASO"", ""BRA"", ""CAN"", ""CHL"", ""CHN"", ""ENE"", ""ENW"", ""EUE"", ""EUM"", ""EUW"", ""IDN"", ""IND"", ""JPN"", ""LAM"", ""MDA"", ""MEA"", ""MEX"", ""NIG"", ""RUS"", ""SKT"", ""USA""]",noce,1,future,No CE,Material production,Total,133.01408676120656,Mt/yr,context,"[""Production|Non-Ferrous Metals|Aluminum|Primary"", ""Production|Non-Ferrous Metals|Aluminum|Secondary""]",133.01408676120656,Mt/yr,,,1.0,0.0,,
baseline_noce,NDC+LTT,No CE,f,Global,Aluminium,2050,"[""AFE"", ""AFN"", ""AFW"", ""AFZ"", ""ANZ"", ""ASC"", ""ASE"", ""ASO"", ""BRA"", ""CAN"", ""CHL"", ""CHN"", ""ENE"", ""ENW"", ""EUE"", ""EUM"", ""EUW"", ""IDN"", ""IND"", ""JPN"", ""LAM"", ""MDA"", ""MEA"", ""MEX"", ""NIG"", ""RUS"", ""SKT"", ""USA""]",noce,1,future,No CE,Material production,Primary,68.45857888402483,Mt/yr,plotted,"[""Production|Non-Ferrous Metals|Aluminum|Primary""]",68.45857888402483,Mt/yr,,,1.0,0.0,,
baseline_noce,NDC+LTT,No CE,f,Global,Aluminium,2050,"[""AFE"", ""AFN"", ""AFW"", ""AFZ"", ""ANZ"", ""ASC"", ""ASE"", ""ASO"", ""BRA"", ""CAN"", ""CHL"", ""CHN"", ""ENE"", ""ENW"", ""EUE"", ""EUM"", ""EUW"", ""IDN"", ""IND"", ""JPN"", ""LAM"", ""MDA"", ""MEA"", ""MEX"", ""NIG"", ""RUS"", ""SKT"", ""USA""]",noce,1,future,No CE,Material production,Secondary,64.55550787718173,Mt/yr,plotted,"[""Production|Non-Ferrous Metals|Aluminum|Secondary""]",64.55550787718173,Mt/yr,,,1.0,0.0,,
baseline_noce,NDC+LTT,No CE,f,Global,Aluminium,2050,"[""AFE"", ""AFN"", ""AFW"", ""AFZ"", ""ANZ"", ""ASC"", ""ASE"", ""ASO"", ""BRA"", ""CAN"", ""CHL"", ""CHN"", ""ENE"", ""ENW"", ""EUE"", ""EUM"", ""EUW"", ""IDN"", ""IND"", ""JPN"", ""LAM"", ""MDA"", ""MEA"", ""MEX"", ""NIG"", ""RUS"", ""SKT"", ""USA""]",noce,1,future,No CE,Secondary production share,Secondary,48.53283546807712,%,context,"[""Production|Non-Ferrous Metals|Aluminum|Primary"", ""Production|Non-Ferrous Metals|Aluminum|Secondary""]",64.55550787718173,Mt/yr,133.01408676120656,Mt/yr,100.0,0.0,baseline_noce,2050.0
baseline_noce,NDC+LTT,No CE,f,Global,Aluminium,2050,"[""AFE"", ""AFN"", ""AFW"", ""AFZ"", ""ANZ"", ""ASC"", ""ASE"", ""ASO"", ""BRA"", ""CAN"", ""CHL"", ""CHN"", ""ENE"", ""ENW"", ""EUE"", ""EUM"", ""EUW"", ""IDN"", ""IND"", ""JPN"", ""LAM"", ""MDA"", ""MEA"", ""MEX"", ""NIG"", ""RUS"", ""SKT"", ""USA""]",noce,1,future,No CE,Production change from no CE,Total,0.0,%,context,"[""Production|Non-Ferrous Metals|Aluminum|Primary"", ""Production|Non-Ferrous Metals|Aluminum|Secondary""]",133.01408676120656,Mt/yr,133.01408676120656,Mt/yr,100.0,-100.0,baseline_noce,2050.0
baseline_medce_eu,NDC+LTT,"Medium CE, EU",f,Global,Aluminium,2050,"[""AFE"", ""AFN"", ""AFW"", ""AFZ"", ""ANZ"", ""ASC"", ""ASE"", ""ASO"", ""BRA"", ""CAN"", ""CHL"", ""CHN"", ""ENE"", ""ENW"", ""EUE"", ""EUM"", ""EUW"", ""IDN"", ""IND"", ""JPN"", ""LAM"", ""MDA"", ""MEA"", ""MEX"", ""NIG"", ""RUS"", ""SKT"", ""USA""]",medce_eu,2,future,M–EU,Material production,Total,131.7829467643458,Mt/yr,context,"[""Production|Non-Ferrous Metals|Aluminum|Primary"", ""Production|Non-Ferrous Metals|Aluminum|Secondary""]",131.7829467643458,Mt/yr,,,1.0,0.0,,
baseline_medce_eu,NDC+LTT,"Medium CE, EU",f,Global,Aluminium,2050,"[""AFE"", ""AFN"", ""AFW"", ""AFZ"", ""ANZ"", ""ASC"", ""ASE"", ""ASO"", ""BRA"", ""CAN"", ""CHL"", ""CHN"", ""ENE"", ""ENW"", ""EUE"", ""EUM"", ""EUW"", ""IDN"", ""IND"", ""JPN"", ""LAM"", ""MDA"", ""MEA"", ""MEX"", ""NIG"", ""RUS"", ""SKT"", ""USA""]",medce_eu,2,future,M–EU,Material production,Primary,66.91987726060664,Mt/yr,plotted,"[""Production|Non-Ferrous Metals|Aluminum|Primary""]",66.91987726060664,Mt/yr,,,1.0,0.0,,
baseline_medce_eu,NDC+LTT,"Medium CE, EU",f,Global,Aluminium,2050,"[""AFE"", ""AFN"", ""AFW"", ""AFZ"", ""ANZ"", ""ASC"", ""ASE"", ""ASO"", ""BRA"", ""CAN"", ""CHL"", ""CHN"", ""ENE"", ""ENW"", ""EUE"", ""EUM"", ""EUW"", ""IDN"", ""IND"", ""JPN"", ""LAM"", ""MDA"", ""MEA"", ""MEX"", ""NIG"", ""RUS"", ""SKT"", ""USA""]",medce_eu,2,future,M–EU,Material production,Secondary,64.86306950373917,Mt/yr,plotted,"[""Production|Non-Ferrous Metals|Aluminum|Secondary""]",64.86306950373917,Mt/yr,,,1.0,0.0,,
baseline_medce_eu,NDC+LTT,"Medium CE, EU",f,Global,Aluminium,2050,"[""AFE"", ""AFN"", ""AFW"", ""AFZ"", ""ANZ"", ""ASC"", ""ASE"", ""ASO"", ""BRA"", ""CAN"", ""CHL"", ""CHN"", ""ENE"", ""ENW"", ""EUE"", ""EUM"", ""EUW"", ""IDN"", ""IND"", ""JPN"", ""LAM"", ""MDA"", ""MEA"", ""MEX"", ""NIG"", ""RUS"", ""SKT"", ""USA""]",medce_eu,2,future,M–EU,Secondary production share,Secondary,49.219622945393134,%,context,"[""Production|Non-Ferrous Metals|Aluminum|Primary"", ""Production|Non-Ferrous Metals|Aluminum|Secondary""]",64.86306950373917,Mt/yr,131.7829467643458,Mt/yr,100.0,0.0,baseline_medce_eu,2050.0
baseline_medce_eu,NDC+LTT,"Medium CE, EU",f,Global,Aluminium,2050,"[""AFE"", ""AFN"", ""AFW"", ""AFZ"", ""ANZ"", ""ASC"", ""ASE"", ""ASO"", ""BRA"", ""CAN"", ""CHL"", ""CHN"", ""ENE"", ""ENW"", ""EUE"", ""EUM"", ""EUW"", ""IDN"", ""IND"", ""JPN"", ""LAM"", ""MDA"", ""MEA"", ""MEX"", ""NIG"", ""RUS"", ""SKT"", ""USA""]",medce_eu,2,future,M–EU,Production change from no CE,Total,-0.9255711382441376,%,context,"[""Production|Non-Ferrous Metals|Aluminum|Primary"", ""Production|Non-Ferrous Metals|Aluminum|Secondary""]",131.7829467643458,Mt/yr,133.01408676120656,Mt/yr,100.0,-100.0,baseline_noce,2050.0
baseline_highce_eu,NDC+LTT,"High CE, EU",f,Global,Aluminium,2050,"[""AFE"", ""AFN"", ""AFW"", ""AFZ"", ""ANZ"", ""ASC"", ""ASE"", ""ASO"", ""BRA"", ""CAN"", ""CHL"", ""CHN"", ""ENE"", ""ENW"", ""EUE"", ""EUM"", ""EUW"", ""IDN"", ""IND"", ""JPN"", ""LAM"", ""MDA"", ""MEA"", ""MEX"", ""NIG"", ""RUS"", ""SKT"", ""USA""]",highce_eu,3,future,H–EU,Material production,Total,131.0235267868248,Mt/yr,context,"[""Production|Non-Ferrous Metals|Aluminum|Primary"", ""Production|Non-Ferrous Metals|Aluminum|Secondary""]",131.0235267868248,Mt/yr,,,1.0,0.0,,
baseline_highce_eu,NDC+LTT,"High CE, EU",f,Global,Aluminium,2050,"[""AFE"", ""AFN"", ""AFW"", ""AFZ"", ""ANZ"", ""ASC"", ""ASE"", ""ASO"", ""BRA"", ""CAN"", ""CHL"", ""CHN"", ""ENE"", ""ENW"", ""EUE"", ""EUM"", ""EUW"", ""IDN"", ""IND"", ""JPN"", ""LAM"", ""MDA"", ""MEA"", ""MEX"", ""NIG"", ""RUS"", ""SKT"", ""USA""]",highce_eu,3,future,H–EU,Material production,Primary,65.60035267542978,Mt/yr,plotted,"[""Production|Non-Ferrous Metals|Aluminum|Primary""]",65.60035267542978,Mt/yr,,,1.0,0.0,,
baseline_highce_eu,NDC+LTT,"High CE, EU",f,Global,Aluminium,2050,"[""AFE"", ""AFN"", ""AFW"", ""AFZ"", ""ANZ"", ""ASC"", ""ASE"", ""ASO"", ""BRA"", ""CAN"", ""CHL"", ""CHN"", ""ENE"", ""ENW"", ""EUE"", ""EUM"", ""EUW"", ""IDN"", ""IND"", ""JPN"", ""LAM"", ""MDA"", ""MEA"", ""MEX"", ""NIG"", ""RUS"", ""SKT"", ""USA""]",highce_eu,3,future,H–EU,Material production,Secondary,65.423174111395,Mt/yr,plotted,"[""Production|Non-Ferrous Metals|Aluminum|Secondary""]",65.423174111395,Mt/yr,,,1.0,0.0,,
baseline_highce_eu,NDC+LTT,"High CE, EU",f,Global,Aluminium,2050,"[""AFE"", ""AFN"", ""AFW"", ""AFZ"", ""ANZ"", ""ASC"", ""ASE"", ""ASO"", ""BRA"", ""CAN"", ""CHL"", ""CHN"", ""ENE"", ""ENW"", ""EUE"", ""EUM"", ""EUW"", ""IDN"", ""IND"", ""JPN"", ""LAM"", ""MDA"", ""MEA"", ""MEX"", ""NIG"", ""RUS"", ""SKT"", ""USA""]",highce_eu,3,future,H–EU,Secondary production share,Secondary,49.932386736802215,%,context,"[""Production|Non-Ferrous Metals|Aluminum|Primary"", ""Production|Non-Ferrous Metals|Aluminum|Secondary""]",65.423174111395,Mt/yr,131.0235267868248,Mt/yr,100.0,0.0,baseline_highce_eu,2050.0
baseline_highce_eu,NDC+LTT,"High CE, EU",f,Global,Aluminium,2050,"[""AFE"", ""AFN"", ""AFW"", ""AFZ"", ""ANZ"", ""ASC"", ""ASE"", ""ASO"", ""BRA"", ""CAN"", ""CHL"", ""CHN"", ""ENE"", ""ENW"", ""EUE"", ""EUM"", ""EUW"", ""IDN"", ""IND"", ""JPN"", ""LAM"", ""MDA"", ""MEA"", ""MEX"", ""NIG"", ""RUS"", ""SKT"", ""USA""]",highce_eu,3,future,H–EU,Production change from no CE,Total,-1.496503131999333,%,context,"[""Production|Non-Ferrous Metals|Aluminum|Primary"", ""Production|Non-Ferrous Metals|Aluminum|Secondary""]",131.0235267868248,Mt/yr,133.01408676120656,Mt/yr,100.0,-100.0,baseline_noce,2050.0
baseline_medce_gbl,NDC+LTT,"Medium CE, EU + partners",f,Global,Aluminium,2050,"[""AFE"", ""AFN"", ""AFW"", ""AFZ"", ""ANZ"", ""ASC"", ""ASE"", ""ASO"", ""BRA"", ""CAN"", ""CHL"", ""CHN"", ""ENE"", ""ENW"", ""EUE"", ""EUM"", ""EUW"", ""IDN"", ""IND"", ""JPN"", ""LAM"", ""MDA"", ""MEA"", ""MEX"", ""NIG"", ""RUS"", ""SKT"", ""USA""]",medce_gbl,4,future,M–EU+,Material production,Total,121.67389276978787,Mt/yr,context,"[""Production|Non-Ferrous Metals|Aluminum|Primary"", ""Production|Non-Ferrous Metals|Aluminum|Secondary""]",121.67389276978787,Mt/yr,,,1.0,0.0,,
baseline_medce_gbl,NDC+LTT,"Medium CE, EU + partners",f,Global,Aluminium,2050,"[""AFE"", ""AFN"", ""AFW"", ""AFZ"", ""ANZ"", ""ASC"", ""ASE"", ""ASO"", ""BRA"", ""CAN"", ""CHL"", ""CHN"", ""ENE"", ""ENW"", ""EUE"", ""EUM"", ""EUW"", ""IDN"", ""IND"", ""JPN"", ""LAM"", ""MDA"", ""MEA"", ""MEX"", ""NIG"", ""RUS"", ""SKT"", ""USA""]",medce_gbl,4,future,M–EU+,Material production,Primary,54.269379130792395,Mt/yr,plotted,"[""Production|Non-Ferrous Metals|Aluminum|Primary""]",54.269379130792395,Mt/yr,,,1.0,0.0,,
baseline_medce_gbl,NDC+LTT,"Medium CE, EU + partners",f,Global,Aluminium,2050,"[""AFE"", ""AFN"", ""AFW"", ""AFZ"", ""ANZ"", ""ASC"", ""ASE"", ""ASO"", ""BRA"", ""CAN"", ""CHL"", ""CHN"", ""ENE"", ""ENW"", ""EUE"", ""EUM"", ""EUW"", ""IDN"", ""IND"", ""JPN"", ""LAM"", ""MDA"", ""MEA"", ""MEX"", ""NIG"", ""RUS"", ""SKT"", ""USA""]",medce_gbl,4,future,M–EU+,Material production,Secondary,67.40451363899548,Mt/yr,plotted,"[""Production|Non-Ferrous Metals|Aluminum|Secondary""]",67.40451363899548,Mt/yr,,,1.0,0.0,,
baseline_medce_gbl,NDC+LTT,"Medium CE, EU + partners",f,Global,Aluminium,2050,"[""AFE"", ""AFN"", ""AFW"", ""AFZ"", ""ANZ"", ""ASC"", ""ASE"", ""ASO"", ""BRA"", ""CAN"", ""CHL"", ""CHN"", ""ENE"", ""ENW"", ""EUE"", ""EUM"", ""EUW"", ""IDN"", ""IND"", ""JPN"", ""LAM"", ""MDA"", ""MEA"", ""MEX"", ""NIG"", ""RUS"", ""SKT"", ""USA""]",medce_gbl,4,future,M–EU+,Secondary production share,Secondary,55.39767990042668,%,context,"[""Production|Non-Ferrous Metals|Aluminum|Primary"", ""Production|Non-Ferrous Metals|Aluminum|Secondary""]",67.40451363899548,Mt/yr,121.67389276978787,Mt/yr,100.0,0.0,baseline_medce_gbl,2050.0
baseline_medce_gbl,NDC+LTT,"Medium CE, EU + partners",f,Global,Aluminium,2050,"[""AFE"", ""AFN"", ""AFW"", ""AFZ"", ""ANZ"", ""ASC"", ""ASE"", ""ASO"", ""BRA"", ""CAN"", ""CHL"", ""CHN"", ""ENE"", ""ENW"", ""EUE"", ""EUM"", ""EUW"", ""IDN"", ""IND"", ""JPN"", ""LAM"", ""MDA"", ""MEA"", ""MEX"", ""NIG"", ""RUS"", ""SKT"", ""USA""]",medce_gbl,4,future,M–EU+,Production change from no CE,Total,-8.5255586588939,%,context,"[""Production|Non-Ferrous Metals|Aluminum|Primary"", ""Production|Non-Ferrous Metals|Aluminum|Secondary""]",121.67389276978787,Mt/yr,133.01408676120656,Mt/yr,100.0,-100.0,baseline_noce,2050.0
baseline_highce_gbl,NDC+LTT,"High CE, EU + partners",f,Global,Aluminium,2050,"[""AFE"", ""AFN"", ""AFW"", ""AFZ"", ""ANZ"", ""ASC"", ""ASE"", ""ASO"", ""BRA"", ""CAN"", ""CHL"", ""CHN"", ""ENE"", ""ENW"", ""EUE"", ""EUM"", ""EUW"", ""IDN"", ""IND"", ""JPN"", ""LAM"", ""MDA"", ""MEA"", ""MEX"", ""NIG"", ""RUS"", ""SKT"", ""USA""]",highce_gbl,5,future,H–EU+,Material production,Total,114.65899376867615,Mt/yr,context,"[""Production|Non-Ferrous Metals|Aluminum|Primary"", ""Production|Non-Ferrous Metals|Aluminum|Secondary""]",114.65899376867615,Mt/yr,,,1.0,0.0,,
baseline_highce_gbl,NDC+LTT,"High CE, EU + partners",f,Global,Aluminium,2050,"[""AFE"", ""AFN"", ""AFW"", ""AFZ"", ""ANZ"", ""ASC"", ""ASE"", ""ASO"", ""BRA"", ""CAN"", ""CHL"", ""CHN"", ""ENE"", ""ENW"", ""EUE"", ""EUM"", ""EUW"", ""IDN"", ""IND"", ""JPN"", ""LAM"", ""MDA"", ""MEA"", ""MEX"", ""NIG"", ""RUS"", ""SKT"", ""USA""]",highce_gbl,5,future,H–EU+,Material production,Primary,42.08962112744827,Mt/yr,plotted,"[""Production|Non-Ferrous Metals|Aluminum|Primary""]",42.08962112744827,Mt/yr,,,1.0,0.0,,
baseline_highce_gbl,NDC+LTT,"High CE, EU + partners",f,Global,Aluminium,2050,"[""AFE"", ""AFN"", ""AFW"", ""AFZ"", ""ANZ"", ""ASC"", ""ASE"", ""ASO"", ""BRA"", ""CAN"", ""CHL"", ""CHN"", ""ENE"", ""ENW"", ""EUE"", ""EUM"", ""EUW"", ""IDN"", ""IND"", ""JPN"", ""LAM"", ""MDA"", ""MEA"", ""MEX"", ""NIG"", ""RUS"", ""SKT"", ""USA""]",highce_gbl,5,future,H–EU+,Material production,Secondary,72.56937264122789,Mt/yr,plotted,"[""Production|Non-Ferrous Metals|Aluminum|Secondary""]",72.56937264122789,Mt/yr,,,1.0,0.0,,
baseline_highce_gbl,NDC+LTT,"High CE, EU + partners",f,Global,Aluminium,2050,"[""AFE"", ""AFN"", ""AFW"", ""AFZ"", ""ANZ"", ""ASC"", ""ASE"", ""ASO"", ""BRA"", ""CAN"", ""CHL"", ""CHN"", ""ENE"", ""ENW"", ""EUE"", ""EUM"", ""EUW"", ""IDN"", ""IND"", ""JPN"", ""LAM"", ""MDA"", ""MEA"", ""MEX"", ""NIG"", ""RUS"", ""SKT"", ""USA""]",highce_gbl,5,future,H–EU+,Secondary production share,Secondary,63.29147871961633,%,context,"[""Production|Non-Ferrous Metals|Aluminum|Primary"", ""Production|Non-Ferrous Metals|Aluminum|Secondary""]",72.56937264122789,Mt/yr,114.65899376867615,Mt/yr,100.0,0.0,baseline_highce_gbl,2050.0
baseline_highce_gbl,NDC+LTT,"High CE, EU + partners",f,Global,Aluminium,2050,"[""AFE"", ""AFN"", ""AFW"", ""AFZ"", ""ANZ"", ""ASC"", ""ASE"", ""ASO"", ""BRA"", ""CAN"", ""CHL"", ""CHN"", ""ENE"", ""ENW"", ""EUE"", ""EUM"", ""EUW"", ""IDN"", ""IND"", ""JPN"", ""LAM"", ""MDA"", ""MEA"", ""MEX"", ""NIG"", ""RUS"", ""SKT"", ""USA""]",highce_gbl,5,future,H–EU+,Production change from no CE,Total,-13.799360232786753,%,context,"[""Production|Non-Ferrous Metals|Aluminum|Primary"", ""Production|Non-Ferrous Metals|Aluminum|Secondary""]",114.65899376867615,Mt/yr,133.01408676120656,Mt/yr,100.0,-100.0,baseline_noce,2050.0
