Scenario,ClimatePathway,CE,Policy,Panel,Scope,PolicyArea,Sector,Series,Year,ScenarioValue,ReferenceValue,ReferenceScenario,ReferenceYear,SourceRegions,RegionCount,SourceVariables,SourceCoefficients,Numerator,NumeratorUnit,Offset,Metric,Value,Unit,Role,Denominator,DenominatorUnit,ConversionFactor
ndc_medce_eu,NDC,"Medium CE, EU",medce_eu,a,Inside policy area,EU,Cement,Inside policy area,2050,0.3653155585580645,0.4759212107168591,ndc_noce,2050,"[""EUE"", ""EUM"", ""EUW""]",3,"[""Final Energy|Industry|Non-Metallic Minerals|Cement|Electricity"", ""Final Energy|Industry|Non-Metallic Minerals|Cement|Gases"", ""Final Energy|Industry|Non-Metallic Minerals|Cement|Liquids"", ""Final Energy|Industry|Non-Metallic Minerals|Cement|Solids""]","[1, 1, 1, 1]",-0.11060565215879459,EJ/yr,0,Final energy percentage change,-23.240328371201226,%,plotted,0.4759212107168591,EJ/yr,100
ndc_medce_eu,NDC,"Medium CE, EU",medce_eu,a,Inside policy area,EU,Cement,Inside policy area,2050,0.3653155585580645,0.4759212107168591,ndc_noce,2050,"[""EUE"", ""EUM"", ""EUW""]",3,"[""Final Energy|Industry|Non-Metallic Minerals|Cement|Electricity"", ""Final Energy|Industry|Non-Metallic Minerals|Cement|Gases"", ""Final Energy|Industry|Non-Metallic Minerals|Cement|Liquids"", ""Final Energy|Industry|Non-Metallic Minerals|Cement|Solids""]","[1, 1, 1, 1]",-0.11060565215879459,EJ/yr,0,Final energy absolute change,-0.11060565215879459,EJ/yr,context,,,1
ndc_medce_eu,NDC,"Medium CE, EU",medce_eu,a,Outside policy area,EU,Cement,Outside policy area,2050,9.883421298640528,9.703820436639068,ndc_noce,2050,"[""AFE"", ""AFN"", ""AFW"", ""AFZ"", ""ANZ"", ""ASC"", ""ASE"", ""ASO"", ""BRA"", ""CAN"", ""CHL"", ""CHN"", ""ENE"", ""ENW"", ""IDN"", ""IND"", ""JPN"", ""LAM"", ""MDA"", ""MEA"", ""MEX"", ""NIG"", ""RUS"", ""SKT"", ""USA""]",25,"[""Final Energy|Industry|Non-Metallic Minerals|Cement|Electricity"", ""Final Energy|Industry|Non-Metallic Minerals|Cement|Gases"", ""Final Energy|Industry|Non-Metallic Minerals|Cement|Liquids"", ""Final Energy|Industry|Non-Metallic Minerals|Cement|Solids""]","[1, 1, 1, 1]",0.1796008620014593,EJ/yr,0,Final energy percentage change,1.850826312936849,%,plotted,9.703820436639068,EJ/yr,100
ndc_medce_eu,NDC,"Medium CE, EU",medce_eu,a,Outside policy area,EU,Cement,Outside policy area,2050,9.883421298640528,9.703820436639068,ndc_noce,2050,"[""AFE"", ""AFN"", ""AFW"", ""AFZ"", ""ANZ"", ""ASC"", ""ASE"", ""ASO"", ""BRA"", ""CAN"", ""CHL"", ""CHN"", ""ENE"", ""ENW"", ""IDN"", ""IND"", ""JPN"", ""LAM"", ""MDA"", ""MEA"", ""MEX"", ""NIG"", ""RUS"", ""SKT"", ""USA""]",25,"[""Final Energy|Industry|Non-Metallic Minerals|Cement|Electricity"", ""Final Energy|Industry|Non-Metallic Minerals|Cement|Gases"", ""Final Energy|Industry|Non-Metallic Minerals|Cement|Liquids"", ""Final Energy|Industry|Non-Metallic Minerals|Cement|Solids""]","[1, 1, 1, 1]",0.1796008620014593,EJ/yr,0,Final energy absolute change,0.1796008620014593,EJ/yr,context,,,1
ndc_highce_eu,NDC,"High CE, EU",highce_eu,a,Inside policy area,EU,Cement,Inside policy area,2050,0.3259070054114439,0.4759212107168591,ndc_noce,2050,"[""EUE"", ""EUM"", ""EUW""]",3,"[""Final Energy|Industry|Non-Metallic Minerals|Cement|Electricity"", ""Final Energy|Industry|Non-Metallic Minerals|Cement|Gases"", ""Final Energy|Industry|Non-Metallic Minerals|Cement|Liquids"", ""Final Energy|Industry|Non-Metallic Minerals|Cement|Solids""]","[1, 1, 1, 1]",-0.1500142053054152,EJ/yr,0,Final energy percentage change,-31.52080679057263,%,plotted,0.4759212107168591,EJ/yr,100
ndc_highce_eu,NDC,"High CE, EU",highce_eu,a,Inside policy area,EU,Cement,Inside policy area,2050,0.3259070054114439,0.4759212107168591,ndc_noce,2050,"[""EUE"", ""EUM"", ""EUW""]",3,"[""Final Energy|Industry|Non-Metallic Minerals|Cement|Electricity"", ""Final Energy|Industry|Non-Metallic Minerals|Cement|Gases"", ""Final Energy|Industry|Non-Metallic Minerals|Cement|Liquids"", ""Final Energy|Industry|Non-Metallic Minerals|Cement|Solids""]","[1, 1, 1, 1]",-0.1500142053054152,EJ/yr,0,Final energy absolute change,-0.1500142053054152,EJ/yr,context,,,1
ndc_highce_eu,NDC,"High CE, EU",highce_eu,a,Outside policy area,EU,Cement,Outside policy area,2050,9.878966699281646,9.703820436639068,ndc_noce,2050,"[""AFE"", ""AFN"", ""AFW"", ""AFZ"", ""ANZ"", ""ASC"", ""ASE"", ""ASO"", ""BRA"", ""CAN"", ""CHL"", ""CHN"", ""ENE"", ""ENW"", ""IDN"", ""IND"", ""JPN"", ""LAM"", ""MDA"", ""MEA"", ""MEX"", ""NIG"", ""RUS"", ""SKT"", ""USA""]",25,"[""Final Energy|Industry|Non-Metallic Minerals|Cement|Electricity"", ""Final Energy|Industry|Non-Metallic Minerals|Cement|Gases"", ""Final Energy|Industry|Non-Metallic Minerals|Cement|Liquids"", ""Final Energy|Industry|Non-Metallic Minerals|Cement|Solids""]","[1, 1, 1, 1]",0.1751462626425777,EJ/yr,0,Final energy percentage change,1.8049206885699534,%,plotted,9.703820436639068,EJ/yr,100
ndc_highce_eu,NDC,"High CE, EU",highce_eu,a,Outside policy area,EU,Cement,Outside policy area,2050,9.878966699281646,9.703820436639068,ndc_noce,2050,"[""AFE"", ""AFN"", ""AFW"", ""AFZ"", ""ANZ"", ""ASC"", ""ASE"", ""ASO"", ""BRA"", ""CAN"", ""CHL"", ""CHN"", ""ENE"", ""ENW"", ""IDN"", ""IND"", ""JPN"", ""LAM"", ""MDA"", ""MEA"", ""MEX"", ""NIG"", ""RUS"", ""SKT"", ""USA""]",25,"[""Final Energy|Industry|Non-Metallic Minerals|Cement|Electricity"", ""Final Energy|Industry|Non-Metallic Minerals|Cement|Gases"", ""Final Energy|Industry|Non-Metallic Minerals|Cement|Liquids"", ""Final Energy|Industry|Non-Metallic Minerals|Cement|Solids""]","[1, 1, 1, 1]",0.1751462626425777,EJ/yr,0,Final energy absolute change,0.1751462626425777,EJ/yr,context,,,1
ndc_medce_gbl,NDC,"Medium CE, EU + partners",medce_gbl,a,Inside policy area,EU + partners,Cement,Inside policy area,2050,5.5688948261021185,6.7524437527044014,ndc_noce,2050,"[""ANZ"", ""BRA"", ""CAN"", ""CHL"", ""CHN"", ""ENE"", ""ENW"", ""EUE"", ""EUM"", ""EUW"", ""IDN"", ""IND"", ""JPN"", ""MEX"", ""RUS"", ""SKT"", ""USA""]",17,"[""Final Energy|Industry|Non-Metallic Minerals|Cement|Electricity"", ""Final Energy|Industry|Non-Metallic Minerals|Cement|Gases"", ""Final Energy|Industry|Non-Metallic Minerals|Cement|Liquids"", ""Final Energy|Industry|Non-Metallic Minerals|Cement|Solids""]","[1, 1, 1, 1]",-1.183548926602283,EJ/yr,0,Final energy percentage change,-17.5277124837695,%,plotted,6.7524437527044014,EJ/yr,100
ndc_medce_gbl,NDC,"Medium CE, EU + partners",medce_gbl,a,Inside policy area,EU + partners,Cement,Inside policy area,2050,5.5688948261021185,6.7524437527044014,ndc_noce,2050,"[""ANZ"", ""BRA"", ""CAN"", ""CHL"", ""CHN"", ""ENE"", ""ENW"", ""EUE"", ""EUM"", ""EUW"", ""IDN"", ""IND"", ""JPN"", ""MEX"", ""RUS"", ""SKT"", ""USA""]",17,"[""Final Energy|Industry|Non-Metallic Minerals|Cement|Electricity"", ""Final Energy|Industry|Non-Metallic Minerals|Cement|Gases"", ""Final Energy|Industry|Non-Metallic Minerals|Cement|Liquids"", ""Final Energy|Industry|Non-Metallic Minerals|Cement|Solids""]","[1, 1, 1, 1]",-1.183548926602283,EJ/yr,0,Final energy absolute change,-1.183548926602283,EJ/yr,context,,,1
ndc_medce_gbl,NDC,"Medium CE, EU + partners",medce_gbl,a,Outside policy area,EU + partners,Cement,Outside policy area,2050,3.4026002943018607,3.4272978946515273,ndc_noce,2050,"[""AFE"", ""AFN"", ""AFW"", ""AFZ"", ""ASC"", ""ASE"", ""ASO"", ""LAM"", ""MDA"", ""MEA"", ""NIG""]",11,"[""Final Energy|Industry|Non-Metallic Minerals|Cement|Electricity"", ""Final Energy|Industry|Non-Metallic Minerals|Cement|Gases"", ""Final Energy|Industry|Non-Metallic Minerals|Cement|Liquids"", ""Final Energy|Industry|Non-Metallic Minerals|Cement|Solids""]","[1, 1, 1, 1]",-0.024697600349666615,EJ/yr,0,Final energy percentage change,-0.7206143471861164,%,plotted,3.4272978946515273,EJ/yr,100
ndc_medce_gbl,NDC,"Medium CE, EU + partners",medce_gbl,a,Outside policy area,EU + partners,Cement,Outside policy area,2050,3.4026002943018607,3.4272978946515273,ndc_noce,2050,"[""AFE"", ""AFN"", ""AFW"", ""AFZ"", ""ASC"", ""ASE"", ""ASO"", ""LAM"", ""MDA"", ""MEA"", ""NIG""]",11,"[""Final Energy|Industry|Non-Metallic Minerals|Cement|Electricity"", ""Final Energy|Industry|Non-Metallic Minerals|Cement|Gases"", ""Final Energy|Industry|Non-Metallic Minerals|Cement|Liquids"", ""Final Energy|Industry|Non-Metallic Minerals|Cement|Solids""]","[1, 1, 1, 1]",-0.024697600349666615,EJ/yr,0,Final energy absolute change,-0.024697600349666615,EJ/yr,context,,,1
ndc_highce_gbl,NDC,"High CE, EU + partners",highce_gbl,a,Inside policy area,EU + partners,Cement,Inside policy area,2050,4.700240450132771,6.7524437527044014,ndc_noce,2050,"[""ANZ"", ""BRA"", ""CAN"", ""CHL"", ""CHN"", ""ENE"", ""ENW"", ""EUE"", ""EUM"", ""EUW"", ""IDN"", ""IND"", ""JPN"", ""MEX"", ""RUS"", ""SKT"", ""USA""]",17,"[""Final Energy|Industry|Non-Metallic Minerals|Cement|Electricity"", ""Final Energy|Industry|Non-Metallic Minerals|Cement|Gases"", ""Final Energy|Industry|Non-Metallic Minerals|Cement|Liquids"", ""Final Energy|Industry|Non-Metallic Minerals|Cement|Solids""]","[1, 1, 1, 1]",-2.0522033025716304,EJ/yr,0,Final energy percentage change,-30.392008844941632,%,plotted,6.7524437527044014,EJ/yr,100
ndc_highce_gbl,NDC,"High CE, EU + partners",highce_gbl,a,Inside policy area,EU + partners,Cement,Inside policy area,2050,4.700240450132771,6.7524437527044014,ndc_noce,2050,"[""ANZ"", ""BRA"", ""CAN"", ""CHL"", ""CHN"", ""ENE"", ""ENW"", ""EUE"", ""EUM"", ""EUW"", ""IDN"", ""IND"", ""JPN"", ""MEX"", ""RUS"", ""SKT"", ""USA""]",17,"[""Final Energy|Industry|Non-Metallic Minerals|Cement|Electricity"", ""Final Energy|Industry|Non-Metallic Minerals|Cement|Gases"", ""Final Energy|Industry|Non-Metallic Minerals|Cement|Liquids"", ""Final Energy|Industry|Non-Metallic Minerals|Cement|Solids""]","[1, 1, 1, 1]",-2.0522033025716304,EJ/yr,0,Final energy absolute change,-2.0522033025716304,EJ/yr,context,,,1
ndc_highce_gbl,NDC,"High CE, EU + partners",highce_gbl,a,Outside policy area,EU + partners,Cement,Outside policy area,2050,3.359814393477043,3.4272978946515273,ndc_noce,2050,"[""AFE"", ""AFN"", ""AFW"", ""AFZ"", ""ASC"", ""ASE"", ""ASO"", ""LAM"", ""MDA"", ""MEA"", ""NIG""]",11,"[""Final Energy|Industry|Non-Metallic Minerals|Cement|Electricity"", ""Final Energy|Industry|Non-Metallic Minerals|Cement|Gases"", ""Final Energy|Industry|Non-Metallic Minerals|Cement|Liquids"", ""Final Energy|Industry|Non-Metallic Minerals|Cement|Solids""]","[1, 1, 1, 1]",-0.06748350117448432,EJ/yr,0,Final energy percentage change,-1.9690001642342136,%,plotted,3.4272978946515273,EJ/yr,100
ndc_highce_gbl,NDC,"High CE, EU + partners",highce_gbl,a,Outside policy area,EU + partners,Cement,Outside policy area,2050,3.359814393477043,3.4272978946515273,ndc_noce,2050,"[""AFE"", ""AFN"", ""AFW"", ""AFZ"", ""ASC"", ""ASE"", ""ASO"", ""LAM"", ""MDA"", ""MEA"", ""NIG""]",11,"[""Final Energy|Industry|Non-Metallic Minerals|Cement|Electricity"", ""Final Energy|Industry|Non-Metallic Minerals|Cement|Gases"", ""Final Energy|Industry|Non-Metallic Minerals|Cement|Liquids"", ""Final Energy|Industry|Non-Metallic Minerals|Cement|Solids""]","[1, 1, 1, 1]",-0.06748350117448432,EJ/yr,0,Final energy absolute change,-0.06748350117448432,EJ/yr,context,,,1
ndc_medce_eu,NDC,"Medium CE, EU",medce_eu,b,Inside policy area,EU,Iron and steel,Inside policy area,2050,0.2090423797757578,0.3686986818175224,ndc_noce,2050,"[""EUE"", ""EUM"", ""EUW""]",3,"[""Final Energy|Industry|Iron and Steel|Electricity"", ""Final Energy|Industry|Iron and Steel|Gases"", ""Final Energy|Industry|Iron and Steel|Hydrogen"", ""Final Energy|Industry|Iron and Steel|Liquids"", ""Final Energy|Industry|Iron and Steel|Solids""]","[1, 1, 1, 1, 1]",-0.15965630204176462,EJ/yr,0,Final energy percentage change,-43.302650623736774,%,plotted,0.3686986818175224,EJ/yr,100
ndc_medce_eu,NDC,"Medium CE, EU",medce_eu,b,Inside policy area,EU,Iron and steel,Inside policy area,2050,0.2090423797757578,0.3686986818175224,ndc_noce,2050,"[""EUE"", ""EUM"", ""EUW""]",3,"[""Final Energy|Industry|Iron and Steel|Electricity"", ""Final Energy|Industry|Iron and Steel|Gases"", ""Final Energy|Industry|Iron and Steel|Hydrogen"", ""Final Energy|Industry|Iron and Steel|Liquids"", ""Final Energy|Industry|Iron and Steel|Solids""]","[1, 1, 1, 1, 1]",-0.15965630204176462,EJ/yr,0,Final energy absolute change,-0.15965630204176462,EJ/yr,context,,,1
ndc_medce_eu,NDC,"Medium CE, EU",medce_eu,b,Outside policy area,EU,Iron and steel,Outside policy area,2050,19.147259955592315,20.241576014383995,ndc_noce,2050,"[""AFE"", ""AFN"", ""AFW"", ""AFZ"", ""ANZ"", ""ASC"", ""ASE"", ""ASO"", ""BRA"", ""CAN"", ""CHL"", ""CHN"", ""ENE"", ""ENW"", ""IDN"", ""IND"", ""JPN"", ""LAM"", ""MDA"", ""MEA"", ""MEX"", ""NIG"", ""RUS"", ""SKT"", ""USA""]",25,"[""Final Energy|Industry|Iron and Steel|Electricity"", ""Final Energy|Industry|Iron and Steel|Gases"", ""Final Energy|Industry|Iron and Steel|Hydrogen"", ""Final Energy|Industry|Iron and Steel|Liquids"", ""Final Energy|Industry|Iron and Steel|Solids""]","[1, 1, 1, 1, 1]",-1.09431605879168,EJ/yr,0,Final energy percentage change,-5.406278928152833,%,plotted,20.241576014383995,EJ/yr,100
ndc_medce_eu,NDC,"Medium CE, EU",medce_eu,b,Outside policy area,EU,Iron and steel,Outside policy area,2050,19.147259955592315,20.241576014383995,ndc_noce,2050,"[""AFE"", ""AFN"", ""AFW"", ""AFZ"", ""ANZ"", ""ASC"", ""ASE"", ""ASO"", ""BRA"", ""CAN"", ""CHL"", ""CHN"", ""ENE"", ""ENW"", ""IDN"", ""IND"", ""JPN"", ""LAM"", ""MDA"", ""MEA"", ""MEX"", ""NIG"", ""RUS"", ""SKT"", ""USA""]",25,"[""Final Energy|Industry|Iron and Steel|Electricity"", ""Final Energy|Industry|Iron and Steel|Gases"", ""Final Energy|Industry|Iron and Steel|Hydrogen"", ""Final Energy|Industry|Iron and Steel|Liquids"", ""Final Energy|Industry|Iron and Steel|Solids""]","[1, 1, 1, 1, 1]",-1.09431605879168,EJ/yr,0,Final energy absolute change,-1.09431605879168,EJ/yr,context,,,1
ndc_highce_eu,NDC,"High CE, EU",highce_eu,b,Inside policy area,EU,Iron and steel,Inside policy area,2050,0.20910736739157304,0.3686986818175224,ndc_noce,2050,"[""EUE"", ""EUM"", ""EUW""]",3,"[""Final Energy|Industry|Iron and Steel|Electricity"", ""Final Energy|Industry|Iron and Steel|Gases"", ""Final Energy|Industry|Iron and Steel|Hydrogen"", ""Final Energy|Industry|Iron and Steel|Liquids"", ""Final Energy|Industry|Iron and Steel|Solids""]","[1, 1, 1, 1, 1]",-0.15959131442594937,EJ/yr,0,Final energy percentage change,-43.28502441051168,%,plotted,0.3686986818175224,EJ/yr,100
ndc_highce_eu,NDC,"High CE, EU",highce_eu,b,Inside policy area,EU,Iron and steel,Inside policy area,2050,0.20910736739157304,0.3686986818175224,ndc_noce,2050,"[""EUE"", ""EUM"", ""EUW""]",3,"[""Final Energy|Industry|Iron and Steel|Electricity"", ""Final Energy|Industry|Iron and Steel|Gases"", ""Final Energy|Industry|Iron and Steel|Hydrogen"", ""Final Energy|Industry|Iron and Steel|Liquids"", ""Final Energy|Industry|Iron and Steel|Solids""]","[1, 1, 1, 1, 1]",-0.15959131442594937,EJ/yr,0,Final energy absolute change,-0.15959131442594937,EJ/yr,context,,,1
ndc_highce_eu,NDC,"High CE, EU",highce_eu,b,Outside policy area,EU,Iron and steel,Outside policy area,2050,19.148609232306455,20.241576014383995,ndc_noce,2050,"[""AFE"", ""AFN"", ""AFW"", ""AFZ"", ""ANZ"", ""ASC"", ""ASE"", ""ASO"", ""BRA"", ""CAN"", ""CHL"", ""CHN"", ""ENE"", ""ENW"", ""IDN"", ""IND"", ""JPN"", ""LAM"", ""MDA"", ""MEA"", ""MEX"", ""NIG"", ""RUS"", ""SKT"", ""USA""]",25,"[""Final Energy|Industry|Iron and Steel|Electricity"", ""Final Energy|Industry|Iron and Steel|Gases"", ""Final Energy|Industry|Iron and Steel|Hydrogen"", ""Final Energy|Industry|Iron and Steel|Liquids"", ""Final Energy|Industry|Iron and Steel|Solids""]","[1, 1, 1, 1, 1]",-1.0929667820775393,EJ/yr,0,Final energy percentage change,-5.399613060271884,%,plotted,20.241576014383995,EJ/yr,100
ndc_highce_eu,NDC,"High CE, EU",highce_eu,b,Outside policy area,EU,Iron and steel,Outside policy area,2050,19.148609232306455,20.241576014383995,ndc_noce,2050,"[""AFE"", ""AFN"", ""AFW"", ""AFZ"", ""ANZ"", ""ASC"", ""ASE"", ""ASO"", ""BRA"", ""CAN"", ""CHL"", ""CHN"", ""ENE"", ""ENW"", ""IDN"", ""IND"", ""JPN"", ""LAM"", ""MDA"", ""MEA"", ""MEX"", ""NIG"", ""RUS"", ""SKT"", ""USA""]",25,"[""Final Energy|Industry|Iron and Steel|Electricity"", ""Final Energy|Industry|Iron and Steel|Gases"", ""Final Energy|Industry|Iron and Steel|Hydrogen"", ""Final Energy|Industry|Iron and Steel|Liquids"", ""Final Energy|Industry|Iron and Steel|Solids""]","[1, 1, 1, 1, 1]",-1.0929667820775393,EJ/yr,0,Final energy absolute change,-1.0929667820775393,EJ/yr,context,,,1
ndc_medce_gbl,NDC,"Medium CE, EU + partners",medce_gbl,b,Inside policy area,EU + partners,Iron and steel,Inside policy area,2050,12.766951610161287,19.254346950798777,ndc_noce,2050,"[""ANZ"", ""BRA"", ""CAN"", ""CHL"", ""CHN"", ""ENE"", ""ENW"", ""EUE"", ""EUM"", ""EUW"", ""IDN"", ""IND"", ""JPN"", ""MEX"", ""RUS"", ""SKT"", ""USA""]",17,"[""Final Energy|Industry|Iron and Steel|Electricity"", ""Final Energy|Industry|Iron and Steel|Gases"", ""Final Energy|Industry|Iron and Steel|Hydrogen"", ""Final Energy|Industry|Iron and Steel|Liquids"", ""Final Energy|Industry|Iron and Steel|Solids""]","[1, 1, 1, 1, 1]",-6.487395340637489,EJ/yr,0,Final energy percentage change,-33.693146577315396,%,plotted,19.254346950798777,EJ/yr,100
ndc_medce_gbl,NDC,"Medium CE, EU + partners",medce_gbl,b,Inside policy area,EU + partners,Iron and steel,Inside policy area,2050,12.766951610161287,19.254346950798777,ndc_noce,2050,"[""ANZ"", ""BRA"", ""CAN"", ""CHL"", ""CHN"", ""ENE"", ""ENW"", ""EUE"", ""EUM"", ""EUW"", ""IDN"", ""IND"", ""JPN"", ""MEX"", ""RUS"", ""SKT"", ""USA""]",17,"[""Final Energy|Industry|Iron and Steel|Electricity"", ""Final Energy|Industry|Iron and Steel|Gases"", ""Final Energy|Industry|Iron and Steel|Hydrogen"", ""Final Energy|Industry|Iron and Steel|Liquids"", ""Final Energy|Industry|Iron and Steel|Solids""]","[1, 1, 1, 1, 1]",-6.487395340637489,EJ/yr,0,Final energy absolute change,-6.487395340637489,EJ/yr,context,,,1
ndc_medce_gbl,NDC,"Medium CE, EU + partners",medce_gbl,b,Outside policy area,EU + partners,Iron and steel,Outside policy area,2050,1.6616832359009093,1.3559277454027414,ndc_noce,2050,"[""AFE"", ""AFN"", ""AFW"", ""AFZ"", ""ASC"", ""ASE"", ""ASO"", ""LAM"", ""MDA"", ""MEA"", ""NIG""]",11,"[""Final Energy|Industry|Iron and Steel|Electricity"", ""Final Energy|Industry|Iron and Steel|Gases"", ""Final Energy|Industry|Iron and Steel|Hydrogen"", ""Final Energy|Industry|Iron and Steel|Liquids"", ""Final Energy|Industry|Iron and Steel|Solids""]","[1, 1, 1, 1, 1]",0.30575549049816786,EJ/yr,0,Final energy percentage change,22.549541561844176,%,plotted,1.3559277454027414,EJ/yr,100
ndc_medce_gbl,NDC,"Medium CE, EU + partners",medce_gbl,b,Outside policy area,EU + partners,Iron and steel,Outside policy area,2050,1.6616832359009093,1.3559277454027414,ndc_noce,2050,"[""AFE"", ""AFN"", ""AFW"", ""AFZ"", ""ASC"", ""ASE"", ""ASO"", ""LAM"", ""MDA"", ""MEA"", ""NIG""]",11,"[""Final Energy|Industry|Iron and Steel|Electricity"", ""Final Energy|Industry|Iron and Steel|Gases"", ""Final Energy|Industry|Iron and Steel|Hydrogen"", ""Final Energy|Industry|Iron and Steel|Liquids"", ""Final Energy|Industry|Iron and Steel|Solids""]","[1, 1, 1, 1, 1]",0.30575549049816786,EJ/yr,0,Final energy absolute change,0.30575549049816786,EJ/yr,context,,,1
ndc_highce_gbl,NDC,"High CE, EU + partners",highce_gbl,b,Inside policy area,EU + partners,Iron and steel,Inside policy area,2050,9.150363298538561,19.254346950798777,ndc_noce,2050,"[""ANZ"", ""BRA"", ""CAN"", ""CHL"", ""CHN"", ""ENE"", ""ENW"", ""EUE"", ""EUM"", ""EUW"", ""IDN"", ""IND"", ""JPN"", ""MEX"", ""RUS"", ""SKT"", ""USA""]",17,"[""Final Energy|Industry|Iron and Steel|Electricity"", ""Final Energy|Industry|Iron and Steel|Gases"", ""Final Energy|Industry|Iron and Steel|Hydrogen"", ""Final Energy|Industry|Iron and Steel|Liquids"", ""Final Energy|Industry|Iron and Steel|Solids""]","[1, 1, 1, 1, 1]",-10.103983652260215,EJ/yr,0,Final energy percentage change,-52.47637677912024,%,plotted,19.254346950798777,EJ/yr,100
ndc_highce_gbl,NDC,"High CE, EU + partners",highce_gbl,b,Inside policy area,EU + partners,Iron and steel,Inside policy area,2050,9.150363298538561,19.254346950798777,ndc_noce,2050,"[""ANZ"", ""BRA"", ""CAN"", ""CHL"", ""CHN"", ""ENE"", ""ENW"", ""EUE"", ""EUM"", ""EUW"", ""IDN"", ""IND"", ""JPN"", ""MEX"", ""RUS"", ""SKT"", ""USA""]",17,"[""Final Energy|Industry|Iron and Steel|Electricity"", ""Final Energy|Industry|Iron and Steel|Gases"", ""Final Energy|Industry|Iron and Steel|Hydrogen"", ""Final Energy|Industry|Iron and Steel|Liquids"", ""Final Energy|Industry|Iron and Steel|Solids""]","[1, 1, 1, 1, 1]",-10.103983652260215,EJ/yr,0,Final energy absolute change,-10.103983652260215,EJ/yr,context,,,1
ndc_highce_gbl,NDC,"High CE, EU + partners",highce_gbl,b,Outside policy area,EU + partners,Iron and steel,Outside policy area,2050,1.7569637632870732,1.3559277454027414,ndc_noce,2050,"[""AFE"", ""AFN"", ""AFW"", ""AFZ"", ""ASC"", ""ASE"", ""ASO"", ""LAM"", ""MDA"", ""MEA"", ""NIG""]",11,"[""Final Energy|Industry|Iron and Steel|Electricity"", ""Final Energy|Industry|Iron and Steel|Gases"", ""Final Energy|Industry|Iron and Steel|Hydrogen"", ""Final Energy|Industry|Iron and Steel|Liquids"", ""Final Energy|Industry|Iron and Steel|Solids""]","[1, 1, 1, 1, 1]",0.40103601788433174,EJ/yr,0,Final energy percentage change,29.57650355957683,%,plotted,1.3559277454027414,EJ/yr,100
ndc_highce_gbl,NDC,"High CE, EU + partners",highce_gbl,b,Outside policy area,EU + partners,Iron and steel,Outside policy area,2050,1.7569637632870732,1.3559277454027414,ndc_noce,2050,"[""AFE"", ""AFN"", ""AFW"", ""AFZ"", ""ASC"", ""ASE"", ""ASO"", ""LAM"", ""MDA"", ""MEA"", ""NIG""]",11,"[""Final Energy|Industry|Iron and Steel|Electricity"", ""Final Energy|Industry|Iron and Steel|Gases"", ""Final Energy|Industry|Iron and Steel|Hydrogen"", ""Final Energy|Industry|Iron and Steel|Liquids"", ""Final Energy|Industry|Iron and Steel|Solids""]","[1, 1, 1, 1, 1]",0.40103601788433174,EJ/yr,0,Final energy absolute change,0.40103601788433174,EJ/yr,context,,,1
ndc_medce_eu,NDC,"Medium CE, EU",medce_eu,c,Inside policy area,EU,Aluminium,Inside policy area,2050,0.3550978081995508,0.22811029888986561,ndc_noce,2050,"[""EUE"", ""EUM"", ""EUW""]",3,"[""Final Energy|Industry|Non-Ferrous Metals|Aluminum|Electricity"", ""Final Energy|Industry|Non-Ferrous Metals|Aluminum|Gases"", ""Final Energy|Industry|Non-Ferrous Metals|Aluminum|Hydrogen"", ""Final Energy|Industry|Non-Ferrous Metals|Aluminum|Liquids"", ""Final Energy|Industry|Non-Ferrous Metals|Aluminum|Solids""]","[1, 1, 1, 1, 1]",0.12698750930968516,EJ/yr,0,Final energy percentage change,55.6693450176032,%,plotted,0.22811029888986561,EJ/yr,100
ndc_medce_eu,NDC,"Medium CE, EU",medce_eu,c,Inside policy area,EU,Aluminium,Inside policy area,2050,0.3550978081995508,0.22811029888986561,ndc_noce,2050,"[""EUE"", ""EUM"", ""EUW""]",3,"[""Final Energy|Industry|Non-Ferrous Metals|Aluminum|Electricity"", ""Final Energy|Industry|Non-Ferrous Metals|Aluminum|Gases"", ""Final Energy|Industry|Non-Ferrous Metals|Aluminum|Hydrogen"", ""Final Energy|Industry|Non-Ferrous Metals|Aluminum|Liquids"", ""Final Energy|Industry|Non-Ferrous Metals|Aluminum|Solids""]","[1, 1, 1, 1, 1]",0.12698750930968516,EJ/yr,0,Final energy absolute change,0.12698750930968516,EJ/yr,context,,,1
ndc_medce_eu,NDC,"Medium CE, EU",medce_eu,c,Outside policy area,EU,Aluminium,Outside policy area,2050,4.7826691314781025,4.960723366929654,ndc_noce,2050,"[""AFE"", ""AFN"", ""AFW"", ""AFZ"", ""ANZ"", ""ASC"", ""ASE"", ""ASO"", ""BRA"", ""CAN"", ""CHL"", ""CHN"", ""ENE"", ""ENW"", ""IDN"", ""IND"", ""JPN"", ""LAM"", ""MDA"", ""MEA"", ""MEX"", ""NIG"", ""RUS"", ""SKT"", ""USA""]",25,"[""Final Energy|Industry|Non-Ferrous Metals|Aluminum|Electricity"", ""Final Energy|Industry|Non-Ferrous Metals|Aluminum|Gases"", ""Final Energy|Industry|Non-Ferrous Metals|Aluminum|Hydrogen"", ""Final Energy|Industry|Non-Ferrous Metals|Aluminum|Liquids"", ""Final Energy|Industry|Non-Ferrous Metals|Aluminum|Solids""]","[1, 1, 1, 1, 1]",-0.17805423545155197,EJ/yr,0,Final energy percentage change,-3.5892796731730527,%,plotted,4.960723366929654,EJ/yr,100
ndc_medce_eu,NDC,"Medium CE, EU",medce_eu,c,Outside policy area,EU,Aluminium,Outside policy area,2050,4.7826691314781025,4.960723366929654,ndc_noce,2050,"[""AFE"", ""AFN"", ""AFW"", ""AFZ"", ""ANZ"", ""ASC"", ""ASE"", ""ASO"", ""BRA"", ""CAN"", ""CHL"", ""CHN"", ""ENE"", ""ENW"", ""IDN"", ""IND"", ""JPN"", ""LAM"", ""MDA"", ""MEA"", ""MEX"", ""NIG"", ""RUS"", ""SKT"", ""USA""]",25,"[""Final Energy|Industry|Non-Ferrous Metals|Aluminum|Electricity"", ""Final Energy|Industry|Non-Ferrous Metals|Aluminum|Gases"", ""Final Energy|Industry|Non-Ferrous Metals|Aluminum|Hydrogen"", ""Final Energy|Industry|Non-Ferrous Metals|Aluminum|Liquids"", ""Final Energy|Industry|Non-Ferrous Metals|Aluminum|Solids""]","[1, 1, 1, 1, 1]",-0.17805423545155197,EJ/yr,0,Final energy absolute change,-0.17805423545155197,EJ/yr,context,,,1
ndc_highce_eu,NDC,"High CE, EU",highce_eu,c,Inside policy area,EU,Aluminium,Inside policy area,2050,0.274699911311136,0.22811029888986561,ndc_noce,2050,"[""EUE"", ""EUM"", ""EUW""]",3,"[""Final Energy|Industry|Non-Ferrous Metals|Aluminum|Electricity"", ""Final Energy|Industry|Non-Ferrous Metals|Aluminum|Gases"", ""Final Energy|Industry|Non-Ferrous Metals|Aluminum|Hydrogen"", ""Final Energy|Industry|Non-Ferrous Metals|Aluminum|Liquids"", ""Final Energy|Industry|Non-Ferrous Metals|Aluminum|Solids""]","[1, 1, 1, 1, 1]",0.04658961242127041,EJ/yr,0,Final energy percentage change,20.42415999979222,%,plotted,0.22811029888986561,EJ/yr,100
ndc_highce_eu,NDC,"High CE, EU",highce_eu,c,Inside policy area,EU,Aluminium,Inside policy area,2050,0.274699911311136,0.22811029888986561,ndc_noce,2050,"[""EUE"", ""EUM"", ""EUW""]",3,"[""Final Energy|Industry|Non-Ferrous Metals|Aluminum|Electricity"", ""Final Energy|Industry|Non-Ferrous Metals|Aluminum|Gases"", ""Final Energy|Industry|Non-Ferrous Metals|Aluminum|Hydrogen"", ""Final Energy|Industry|Non-Ferrous Metals|Aluminum|Liquids"", ""Final Energy|Industry|Non-Ferrous Metals|Aluminum|Solids""]","[1, 1, 1, 1, 1]",0.04658961242127041,EJ/yr,0,Final energy absolute change,0.04658961242127041,EJ/yr,context,,,1
ndc_highce_eu,NDC,"High CE, EU",highce_eu,c,Outside policy area,EU,Aluminium,Outside policy area,2050,4.774650818349202,4.960723366929654,ndc_noce,2050,"[""AFE"", ""AFN"", ""AFW"", ""AFZ"", ""ANZ"", ""ASC"", ""ASE"", ""ASO"", ""BRA"", ""CAN"", ""CHL"", ""CHN"", ""ENE"", ""ENW"", ""IDN"", ""IND"", ""JPN"", ""LAM"", ""MDA"", ""MEA"", ""MEX"", ""NIG"", ""RUS"", ""SKT"", ""USA""]",25,"[""Final Energy|Industry|Non-Ferrous Metals|Aluminum|Electricity"", ""Final Energy|Industry|Non-Ferrous Metals|Aluminum|Gases"", ""Final Energy|Industry|Non-Ferrous Metals|Aluminum|Hydrogen"", ""Final Energy|Industry|Non-Ferrous Metals|Aluminum|Liquids"", ""Final Energy|Industry|Non-Ferrous Metals|Aluminum|Solids""]","[1, 1, 1, 1, 1]",-0.1860725485804524,EJ/yr,0,Final energy percentage change,-3.7509156390556497,%,plotted,4.960723366929654,EJ/yr,100
ndc_highce_eu,NDC,"High CE, EU",highce_eu,c,Outside policy area,EU,Aluminium,Outside policy area,2050,4.774650818349202,4.960723366929654,ndc_noce,2050,"[""AFE"", ""AFN"", ""AFW"", ""AFZ"", ""ANZ"", ""ASC"", ""ASE"", ""ASO"", ""BRA"", ""CAN"", ""CHL"", ""CHN"", ""ENE"", ""ENW"", ""IDN"", ""IND"", ""JPN"", ""LAM"", ""MDA"", ""MEA"", ""MEX"", ""NIG"", ""RUS"", ""SKT"", ""USA""]",25,"[""Final Energy|Industry|Non-Ferrous Metals|Aluminum|Electricity"", ""Final Energy|Industry|Non-Ferrous Metals|Aluminum|Gases"", ""Final Energy|Industry|Non-Ferrous Metals|Aluminum|Hydrogen"", ""Final Energy|Industry|Non-Ferrous Metals|Aluminum|Liquids"", ""Final Energy|Industry|Non-Ferrous Metals|Aluminum|Solids""]","[1, 1, 1, 1, 1]",-0.1860725485804524,EJ/yr,0,Final energy absolute change,-0.1860725485804524,EJ/yr,context,,,1
ndc_medce_gbl,NDC,"Medium CE, EU + partners",medce_gbl,c,Inside policy area,EU + partners,Aluminium,Inside policy area,2050,3.3751805851160026,3.8981218699654976,ndc_noce,2050,"[""ANZ"", ""BRA"", ""CAN"", ""CHL"", ""CHN"", ""ENE"", ""ENW"", ""EUE"", ""EUM"", ""EUW"", ""IDN"", ""IND"", ""JPN"", ""MEX"", ""RUS"", ""SKT"", ""USA""]",17,"[""Final Energy|Industry|Non-Ferrous Metals|Aluminum|Electricity"", ""Final Energy|Industry|Non-Ferrous Metals|Aluminum|Gases"", ""Final Energy|Industry|Non-Ferrous Metals|Aluminum|Hydrogen"", ""Final Energy|Industry|Non-Ferrous Metals|Aluminum|Liquids"", ""Final Energy|Industry|Non-Ferrous Metals|Aluminum|Solids""]","[1, 1, 1, 1, 1]",-0.522941284849495,EJ/yr,0,Final energy percentage change,-13.415211281070686,%,plotted,3.8981218699654976,EJ/yr,100
ndc_medce_gbl,NDC,"Medium CE, EU + partners",medce_gbl,c,Inside policy area,EU + partners,Aluminium,Inside policy area,2050,3.3751805851160026,3.8981218699654976,ndc_noce,2050,"[""ANZ"", ""BRA"", ""CAN"", ""CHL"", ""CHN"", ""ENE"", ""ENW"", ""EUE"", ""EUM"", ""EUW"", ""IDN"", ""IND"", ""JPN"", ""MEX"", ""RUS"", ""SKT"", ""USA""]",17,"[""Final Energy|Industry|Non-Ferrous Metals|Aluminum|Electricity"", ""Final Energy|Industry|Non-Ferrous Metals|Aluminum|Gases"", ""Final Energy|Industry|Non-Ferrous Metals|Aluminum|Hydrogen"", ""Final Energy|Industry|Non-Ferrous Metals|Aluminum|Liquids"", ""Final Energy|Industry|Non-Ferrous Metals|Aluminum|Solids""]","[1, 1, 1, 1, 1]",-0.522941284849495,EJ/yr,0,Final energy absolute change,-0.522941284849495,EJ/yr,context,,,1
ndc_medce_gbl,NDC,"Medium CE, EU + partners",medce_gbl,c,Outside policy area,EU + partners,Aluminium,Outside policy area,2050,0.8326244038639067,1.2907117958540217,ndc_noce,2050,"[""AFE"", ""AFN"", ""AFW"", ""AFZ"", ""ASC"", ""ASE"", ""ASO"", ""LAM"", ""MDA"", ""MEA"", ""NIG""]",11,"[""Final Energy|Industry|Non-Ferrous Metals|Aluminum|Electricity"", ""Final Energy|Industry|Non-Ferrous Metals|Aluminum|Gases"", ""Final Energy|Industry|Non-Ferrous Metals|Aluminum|Hydrogen"", ""Final Energy|Industry|Non-Ferrous Metals|Aluminum|Liquids"", ""Final Energy|Industry|Non-Ferrous Metals|Aluminum|Solids""]","[1, 1, 1, 1, 1]",-0.45808739199011506,EJ/yr,0,Final energy percentage change,-35.491067290278664,%,plotted,1.2907117958540217,EJ/yr,100
ndc_medce_gbl,NDC,"Medium CE, EU + partners",medce_gbl,c,Outside policy area,EU + partners,Aluminium,Outside policy area,2050,0.8326244038639067,1.2907117958540217,ndc_noce,2050,"[""AFE"", ""AFN"", ""AFW"", ""AFZ"", ""ASC"", ""ASE"", ""ASO"", ""LAM"", ""MDA"", ""MEA"", ""NIG""]",11,"[""Final Energy|Industry|Non-Ferrous Metals|Aluminum|Electricity"", ""Final Energy|Industry|Non-Ferrous Metals|Aluminum|Gases"", ""Final Energy|Industry|Non-Ferrous Metals|Aluminum|Hydrogen"", ""Final Energy|Industry|Non-Ferrous Metals|Aluminum|Liquids"", ""Final Energy|Industry|Non-Ferrous Metals|Aluminum|Solids""]","[1, 1, 1, 1, 1]",-0.45808739199011506,EJ/yr,0,Final energy absolute change,-0.45808739199011506,EJ/yr,context,,,1
ndc_highce_gbl,NDC,"High CE, EU + partners",highce_gbl,c,Inside policy area,EU + partners,Aluminium,Inside policy area,2050,2.4664817697504113,3.8981218699654976,ndc_noce,2050,"[""ANZ"", ""BRA"", ""CAN"", ""CHL"", ""CHN"", ""ENE"", ""ENW"", ""EUE"", ""EUM"", ""EUW"", ""IDN"", ""IND"", ""JPN"", ""MEX"", ""RUS"", ""SKT"", ""USA""]",17,"[""Final Energy|Industry|Non-Ferrous Metals|Aluminum|Electricity"", ""Final Energy|Industry|Non-Ferrous Metals|Aluminum|Gases"", ""Final Energy|Industry|Non-Ferrous Metals|Aluminum|Hydrogen"", ""Final Energy|Industry|Non-Ferrous Metals|Aluminum|Liquids"", ""Final Energy|Industry|Non-Ferrous Metals|Aluminum|Solids""]","[1, 1, 1, 1, 1]",-1.4316401002150863,EJ/yr,0,Final energy percentage change,-36.72640692036028,%,plotted,3.8981218699654976,EJ/yr,100
ndc_highce_gbl,NDC,"High CE, EU + partners",highce_gbl,c,Inside policy area,EU + partners,Aluminium,Inside policy area,2050,2.4664817697504113,3.8981218699654976,ndc_noce,2050,"[""ANZ"", ""BRA"", ""CAN"", ""CHL"", ""CHN"", ""ENE"", ""ENW"", ""EUE"", ""EUM"", ""EUW"", ""IDN"", ""IND"", ""JPN"", ""MEX"", ""RUS"", ""SKT"", ""USA""]",17,"[""Final Energy|Industry|Non-Ferrous Metals|Aluminum|Electricity"", ""Final Energy|Industry|Non-Ferrous Metals|Aluminum|Gases"", ""Final Energy|Industry|Non-Ferrous Metals|Aluminum|Hydrogen"", ""Final Energy|Industry|Non-Ferrous Metals|Aluminum|Liquids"", ""Final Energy|Industry|Non-Ferrous Metals|Aluminum|Solids""]","[1, 1, 1, 1, 1]",-1.4316401002150863,EJ/yr,0,Final energy absolute change,-1.4316401002150863,EJ/yr,context,,,1
ndc_highce_gbl,NDC,"High CE, EU + partners",highce_gbl,c,Outside policy area,EU + partners,Aluminium,Outside policy area,2050,0.7629449176307447,1.2907117958540217,ndc_noce,2050,"[""AFE"", ""AFN"", ""AFW"", ""AFZ"", ""ASC"", ""ASE"", ""ASO"", ""LAM"", ""MDA"", ""MEA"", ""NIG""]",11,"[""Final Energy|Industry|Non-Ferrous Metals|Aluminum|Electricity"", ""Final Energy|Industry|Non-Ferrous Metals|Aluminum|Gases"", ""Final Energy|Industry|Non-Ferrous Metals|Aluminum|Hydrogen"", ""Final Energy|Industry|Non-Ferrous Metals|Aluminum|Liquids"", ""Final Energy|Industry|Non-Ferrous Metals|Aluminum|Solids""]","[1, 1, 1, 1, 1]",-0.5277668782232771,EJ/yr,0,Final energy percentage change,-40.889599050582085,%,plotted,1.2907117958540217,EJ/yr,100
ndc_highce_gbl,NDC,"High CE, EU + partners",highce_gbl,c,Outside policy area,EU + partners,Aluminium,Outside policy area,2050,0.7629449176307447,1.2907117958540217,ndc_noce,2050,"[""AFE"", ""AFN"", ""AFW"", ""AFZ"", ""ASC"", ""ASE"", ""ASO"", ""LAM"", ""MDA"", ""MEA"", ""NIG""]",11,"[""Final Energy|Industry|Non-Ferrous Metals|Aluminum|Electricity"", ""Final Energy|Industry|Non-Ferrous Metals|Aluminum|Gases"", ""Final Energy|Industry|Non-Ferrous Metals|Aluminum|Hydrogen"", ""Final Energy|Industry|Non-Ferrous Metals|Aluminum|Liquids"", ""Final Energy|Industry|Non-Ferrous Metals|Aluminum|Solids""]","[1, 1, 1, 1, 1]",-0.5277668782232771,EJ/yr,0,Final energy absolute change,-0.5277668782232771,EJ/yr,context,,,1
baseline_medce_eu,NDC+LTT,"Medium CE, EU",medce_eu,d,Inside policy area,EU,Cement,Inside policy area,2050,0.35950974498483335,0.467677548053915,baseline_noce,2050,"[""EUE"", ""EUM"", ""EUW""]",3,"[""Final Energy|Industry|Non-Metallic Minerals|Cement|Electricity"", ""Final Energy|Industry|Non-Metallic Minerals|Cement|Gases"", ""Final Energy|Industry|Non-Metallic Minerals|Cement|Liquids"", ""Final Energy|Industry|Non-Metallic Minerals|Cement|Solids""]","[1, 1, 1, 1]",-0.10816780306908164,EJ/yr,0,Final energy percentage change,-23.12871411492514,%,plotted,0.467677548053915,EJ/yr,100
baseline_medce_eu,NDC+LTT,"Medium CE, EU",medce_eu,d,Inside policy area,EU,Cement,Inside policy area,2050,0.35950974498483335,0.467677548053915,baseline_noce,2050,"[""EUE"", ""EUM"", ""EUW""]",3,"[""Final Energy|Industry|Non-Metallic Minerals|Cement|Electricity"", ""Final Energy|Industry|Non-Metallic Minerals|Cement|Gases"", ""Final Energy|Industry|Non-Metallic Minerals|Cement|Liquids"", ""Final Energy|Industry|Non-Metallic Minerals|Cement|Solids""]","[1, 1, 1, 1]",-0.10816780306908164,EJ/yr,0,Final energy absolute change,-0.10816780306908164,EJ/yr,context,,,1
baseline_medce_eu,NDC+LTT,"Medium CE, EU",medce_eu,d,Outside policy area,EU,Cement,Outside policy area,2050,9.90613335151492,9.726552049235552,baseline_noce,2050,"[""AFE"", ""AFN"", ""AFW"", ""AFZ"", ""ANZ"", ""ASC"", ""ASE"", ""ASO"", ""BRA"", ""CAN"", ""CHL"", ""CHN"", ""ENE"", ""ENW"", ""IDN"", ""IND"", ""JPN"", ""LAM"", ""MDA"", ""MEA"", ""MEX"", ""NIG"", ""RUS"", ""SKT"", ""USA""]",25,"[""Final Energy|Industry|Non-Metallic Minerals|Cement|Electricity"", ""Final Energy|Industry|Non-Metallic Minerals|Cement|Gases"", ""Final Energy|Industry|Non-Metallic Minerals|Cement|Liquids"", ""Final Energy|Industry|Non-Metallic Minerals|Cement|Solids""]","[1, 1, 1, 1]",0.17958130227936842,EJ/yr,0,Final energy percentage change,1.8462997100137084,%,plotted,9.726552049235552,EJ/yr,100
baseline_medce_eu,NDC+LTT,"Medium CE, EU",medce_eu,d,Outside policy area,EU,Cement,Outside policy area,2050,9.90613335151492,9.726552049235552,baseline_noce,2050,"[""AFE"", ""AFN"", ""AFW"", ""AFZ"", ""ANZ"", ""ASC"", ""ASE"", ""ASO"", ""BRA"", ""CAN"", ""CHL"", ""CHN"", ""ENE"", ""ENW"", ""IDN"", ""IND"", ""JPN"", ""LAM"", ""MDA"", ""MEA"", ""MEX"", ""NIG"", ""RUS"", ""SKT"", ""USA""]",25,"[""Final Energy|Industry|Non-Metallic Minerals|Cement|Electricity"", ""Final Energy|Industry|Non-Metallic Minerals|Cement|Gases"", ""Final Energy|Industry|Non-Metallic Minerals|Cement|Liquids"", ""Final Energy|Industry|Non-Metallic Minerals|Cement|Solids""]","[1, 1, 1, 1]",0.17958130227936842,EJ/yr,0,Final energy absolute change,0.17958130227936842,EJ/yr,context,,,1
baseline_highce_eu,NDC+LTT,"High CE, EU",highce_eu,d,Inside policy area,EU,Cement,Inside policy area,2050,0.3208545021554904,0.467677548053915,baseline_noce,2050,"[""EUE"", ""EUM"", ""EUW""]",3,"[""Final Energy|Industry|Non-Metallic Minerals|Cement|Electricity"", ""Final Energy|Industry|Non-Metallic Minerals|Cement|Gases"", ""Final Energy|Industry|Non-Metallic Minerals|Cement|Liquids"", ""Final Energy|Industry|Non-Metallic Minerals|Cement|Solids""]","[1, 1, 1, 1]",-0.1468230458984246,EJ/yr,0,Final energy percentage change,-31.39407621969026,%,plotted,0.467677548053915,EJ/yr,100
baseline_highce_eu,NDC+LTT,"High CE, EU",highce_eu,d,Inside policy area,EU,Cement,Inside policy area,2050,0.3208545021554904,0.467677548053915,baseline_noce,2050,"[""EUE"", ""EUM"", ""EUW""]",3,"[""Final Energy|Industry|Non-Metallic Minerals|Cement|Electricity"", ""Final Energy|Industry|Non-Metallic Minerals|Cement|Gases"", ""Final Energy|Industry|Non-Metallic Minerals|Cement|Liquids"", ""Final Energy|Industry|Non-Metallic Minerals|Cement|Solids""]","[1, 1, 1, 1]",-0.1468230458984246,EJ/yr,0,Final energy absolute change,-0.1468230458984246,EJ/yr,context,,,1
baseline_highce_eu,NDC+LTT,"High CE, EU",highce_eu,d,Outside policy area,EU,Cement,Outside policy area,2050,9.90181987544041,9.726552049235552,baseline_noce,2050,"[""AFE"", ""AFN"", ""AFW"", ""AFZ"", ""ANZ"", ""ASC"", ""ASE"", ""ASO"", ""BRA"", ""CAN"", ""CHL"", ""CHN"", ""ENE"", ""ENW"", ""IDN"", ""IND"", ""JPN"", ""LAM"", ""MDA"", ""MEA"", ""MEX"", ""NIG"", ""RUS"", ""SKT"", ""USA""]",25,"[""Final Energy|Industry|Non-Metallic Minerals|Cement|Electricity"", ""Final Energy|Industry|Non-Metallic Minerals|Cement|Gases"", ""Final Energy|Industry|Non-Metallic Minerals|Cement|Liquids"", ""Final Energy|Industry|Non-Metallic Minerals|Cement|Solids""]","[1, 1, 1, 1]",0.17526782620485726,EJ/yr,0,Final energy percentage change,1.8019522778231802,%,plotted,9.726552049235552,EJ/yr,100
baseline_highce_eu,NDC+LTT,"High CE, EU",highce_eu,d,Outside policy area,EU,Cement,Outside policy area,2050,9.90181987544041,9.726552049235552,baseline_noce,2050,"[""AFE"", ""AFN"", ""AFW"", ""AFZ"", ""ANZ"", ""ASC"", ""ASE"", ""ASO"", ""BRA"", ""CAN"", ""CHL"", ""CHN"", ""ENE"", ""ENW"", ""IDN"", ""IND"", ""JPN"", ""LAM"", ""MDA"", ""MEA"", ""MEX"", ""NIG"", ""RUS"", ""SKT"", ""USA""]",25,"[""Final Energy|Industry|Non-Metallic Minerals|Cement|Electricity"", ""Final Energy|Industry|Non-Metallic Minerals|Cement|Gases"", ""Final Energy|Industry|Non-Metallic Minerals|Cement|Liquids"", ""Final Energy|Industry|Non-Metallic Minerals|Cement|Solids""]","[1, 1, 1, 1]",0.17526782620485726,EJ/yr,0,Final energy absolute change,0.17526782620485726,EJ/yr,context,,,1
baseline_medce_gbl,NDC+LTT,"Medium CE, EU + partners",medce_gbl,d,Inside policy area,EU + partners,Cement,Inside policy area,2050,5.553472320976304,6.746006649221857,baseline_noce,2050,"[""ANZ"", ""BRA"", ""CAN"", ""CHL"", ""CHN"", ""ENE"", ""ENW"", ""EUE"", ""EUM"", ""EUW"", ""IDN"", ""IND"", ""JPN"", ""MEX"", ""RUS"", ""SKT"", ""USA""]",17,"[""Final Energy|Industry|Non-Metallic Minerals|Cement|Electricity"", ""Final Energy|Industry|Non-Metallic Minerals|Cement|Gases"", ""Final Energy|Industry|Non-Metallic Minerals|Cement|Liquids"", ""Final Energy|Industry|Non-Metallic Minerals|Cement|Solids""]","[1, 1, 1, 1]",-1.1925343282455527,EJ/yr,0,Final energy percentage change,-17.677633454202272,%,plotted,6.746006649221857,EJ/yr,100
baseline_medce_gbl,NDC+LTT,"Medium CE, EU + partners",medce_gbl,d,Inside policy area,EU + partners,Cement,Inside policy area,2050,5.553472320976304,6.746006649221857,baseline_noce,2050,"[""ANZ"", ""BRA"", ""CAN"", ""CHL"", ""CHN"", ""ENE"", ""ENW"", ""EUE"", ""EUM"", ""EUW"", ""IDN"", ""IND"", ""JPN"", ""MEX"", ""RUS"", ""SKT"", ""USA""]",17,"[""Final Energy|Industry|Non-Metallic Minerals|Cement|Electricity"", ""Final Energy|Industry|Non-Metallic Minerals|Cement|Gases"", ""Final Energy|Industry|Non-Metallic Minerals|Cement|Liquids"", ""Final Energy|Industry|Non-Metallic Minerals|Cement|Solids""]","[1, 1, 1, 1]",-1.1925343282455527,EJ/yr,0,Final energy absolute change,-1.1925343282455527,EJ/yr,context,,,1
baseline_medce_gbl,NDC+LTT,"Medium CE, EU + partners",medce_gbl,d,Outside policy area,EU + partners,Cement,Outside policy area,2050,3.427691582179973,3.4482229480676123,baseline_noce,2050,"[""AFE"", ""AFN"", ""AFW"", ""AFZ"", ""ASC"", ""ASE"", ""ASO"", ""LAM"", ""MDA"", ""MEA"", ""NIG""]",11,"[""Final Energy|Industry|Non-Metallic Minerals|Cement|Electricity"", ""Final Energy|Industry|Non-Metallic Minerals|Cement|Gases"", ""Final Energy|Industry|Non-Metallic Minerals|Cement|Liquids"", ""Final Energy|Industry|Non-Metallic Minerals|Cement|Solids""]","[1, 1, 1, 1]",-0.020531365887639375,EJ/yr,0,Final energy percentage change,-0.5954187474781807,%,plotted,3.4482229480676123,EJ/yr,100
baseline_medce_gbl,NDC+LTT,"Medium CE, EU + partners",medce_gbl,d,Outside policy area,EU + partners,Cement,Outside policy area,2050,3.427691582179973,3.4482229480676123,baseline_noce,2050,"[""AFE"", ""AFN"", ""AFW"", ""AFZ"", ""ASC"", ""ASE"", ""ASO"", ""LAM"", ""MDA"", ""MEA"", ""NIG""]",11,"[""Final Energy|Industry|Non-Metallic Minerals|Cement|Electricity"", ""Final Energy|Industry|Non-Metallic Minerals|Cement|Gases"", ""Final Energy|Industry|Non-Metallic Minerals|Cement|Liquids"", ""Final Energy|Industry|Non-Metallic Minerals|Cement|Solids""]","[1, 1, 1, 1]",-0.020531365887639375,EJ/yr,0,Final energy absolute change,-0.020531365887639375,EJ/yr,context,,,1
baseline_highce_gbl,NDC+LTT,"High CE, EU + partners",highce_gbl,d,Inside policy area,EU + partners,Cement,Inside policy area,2050,4.691834847643705,6.746006649221857,baseline_noce,2050,"[""ANZ"", ""BRA"", ""CAN"", ""CHL"", ""CHN"", ""ENE"", ""ENW"", ""EUE"", ""EUM"", ""EUW"", ""IDN"", ""IND"", ""JPN"", ""MEX"", ""RUS"", ""SKT"", ""USA""]",17,"[""Final Energy|Industry|Non-Metallic Minerals|Cement|Electricity"", ""Final Energy|Industry|Non-Metallic Minerals|Cement|Gases"", ""Final Energy|Industry|Non-Metallic Minerals|Cement|Liquids"", ""Final Energy|Industry|Non-Metallic Minerals|Cement|Solids""]","[1, 1, 1, 1]",-2.0541718015781525,EJ/yr,0,Final energy percentage change,-30.45018939931075,%,plotted,6.746006649221857,EJ/yr,100
baseline_highce_gbl,NDC+LTT,"High CE, EU + partners",highce_gbl,d,Inside policy area,EU + partners,Cement,Inside policy area,2050,4.691834847643705,6.746006649221857,baseline_noce,2050,"[""ANZ"", ""BRA"", ""CAN"", ""CHL"", ""CHN"", ""ENE"", ""ENW"", ""EUE"", ""EUM"", ""EUW"", ""IDN"", ""IND"", ""JPN"", ""MEX"", ""RUS"", ""SKT"", ""USA""]",17,"[""Final Energy|Industry|Non-Metallic Minerals|Cement|Electricity"", ""Final Energy|Industry|Non-Metallic Minerals|Cement|Gases"", ""Final Energy|Industry|Non-Metallic Minerals|Cement|Liquids"", ""Final Energy|Industry|Non-Metallic Minerals|Cement|Solids""]","[1, 1, 1, 1]",-2.0541718015781525,EJ/yr,0,Final energy absolute change,-2.0541718015781525,EJ/yr,context,,,1
baseline_highce_gbl,NDC+LTT,"High CE, EU + partners",highce_gbl,d,Outside policy area,EU + partners,Cement,Outside policy area,2050,3.3820752148403503,3.4482229480676123,baseline_noce,2050,"[""AFE"", ""AFN"", ""AFW"", ""AFZ"", ""ASC"", ""ASE"", ""ASO"", ""LAM"", ""MDA"", ""MEA"", ""NIG""]",11,"[""Final Energy|Industry|Non-Metallic Minerals|Cement|Electricity"", ""Final Energy|Industry|Non-Metallic Minerals|Cement|Gases"", ""Final Energy|Industry|Non-Metallic Minerals|Cement|Liquids"", ""Final Energy|Industry|Non-Metallic Minerals|Cement|Solids""]","[1, 1, 1, 1]",-0.06614773322726197,EJ/yr,0,Final energy percentage change,-1.918313700230179,%,plotted,3.4482229480676123,EJ/yr,100
baseline_highce_gbl,NDC+LTT,"High CE, EU + partners",highce_gbl,d,Outside policy area,EU + partners,Cement,Outside policy area,2050,3.3820752148403503,3.4482229480676123,baseline_noce,2050,"[""AFE"", ""AFN"", ""AFW"", ""AFZ"", ""ASC"", ""ASE"", ""ASO"", ""LAM"", ""MDA"", ""MEA"", ""NIG""]",11,"[""Final Energy|Industry|Non-Metallic Minerals|Cement|Electricity"", ""Final Energy|Industry|Non-Metallic Minerals|Cement|Gases"", ""Final Energy|Industry|Non-Metallic Minerals|Cement|Liquids"", ""Final Energy|Industry|Non-Metallic Minerals|Cement|Solids""]","[1, 1, 1, 1]",-0.06614773322726197,EJ/yr,0,Final energy absolute change,-0.06614773322726197,EJ/yr,context,,,1
baseline_medce_eu,NDC+LTT,"Medium CE, EU",medce_eu,e,Inside policy area,EU,Iron and steel,Inside policy area,2050,0.20798202097435642,0.5499976063931478,baseline_noce,2050,"[""EUE"", ""EUM"", ""EUW""]",3,"[""Final Energy|Industry|Iron and Steel|Electricity"", ""Final Energy|Industry|Iron and Steel|Gases"", ""Final Energy|Industry|Iron and Steel|Hydrogen"", ""Final Energy|Industry|Iron and Steel|Liquids"", ""Final Energy|Industry|Iron and Steel|Solids""]","[1, 1, 1, 1, 1]",-0.34201558541879135,EJ/yr,0,Final energy percentage change,-62.18492252388326,%,plotted,0.5499976063931478,EJ/yr,100
baseline_medce_eu,NDC+LTT,"Medium CE, EU",medce_eu,e,Inside policy area,EU,Iron and steel,Inside policy area,2050,0.20798202097435642,0.5499976063931478,baseline_noce,2050,"[""EUE"", ""EUM"", ""EUW""]",3,"[""Final Energy|Industry|Iron and Steel|Electricity"", ""Final Energy|Industry|Iron and Steel|Gases"", ""Final Energy|Industry|Iron and Steel|Hydrogen"", ""Final Energy|Industry|Iron and Steel|Liquids"", ""Final Energy|Industry|Iron and Steel|Solids""]","[1, 1, 1, 1, 1]",-0.34201558541879135,EJ/yr,0,Final energy absolute change,-0.34201558541879135,EJ/yr,context,,,1
baseline_medce_eu,NDC+LTT,"Medium CE, EU",medce_eu,e,Outside policy area,EU,Iron and steel,Outside policy area,2050,13.964606200781073,14.16359903223367,baseline_noce,2050,"[""AFE"", ""AFN"", ""AFW"", ""AFZ"", ""ANZ"", ""ASC"", ""ASE"", ""ASO"", ""BRA"", ""CAN"", ""CHL"", ""CHN"", ""ENE"", ""ENW"", ""IDN"", ""IND"", ""JPN"", ""LAM"", ""MDA"", ""MEA"", ""MEX"", ""NIG"", ""RUS"", ""SKT"", ""USA""]",25,"[""Final Energy|Industry|Iron and Steel|Electricity"", ""Final Energy|Industry|Iron and Steel|Gases"", ""Final Energy|Industry|Iron and Steel|Hydrogen"", ""Final Energy|Industry|Iron and Steel|Liquids"", ""Final Energy|Industry|Iron and Steel|Solids""]","[1, 1, 1, 1, 1]",-0.19899283145259616,EJ/yr,0,Final energy percentage change,-1.4049595092301481,%,plotted,14.16359903223367,EJ/yr,100
baseline_medce_eu,NDC+LTT,"Medium CE, EU",medce_eu,e,Outside policy area,EU,Iron and steel,Outside policy area,2050,13.964606200781073,14.16359903223367,baseline_noce,2050,"[""AFE"", ""AFN"", ""AFW"", ""AFZ"", ""ANZ"", ""ASC"", ""ASE"", ""ASO"", ""BRA"", ""CAN"", ""CHL"", ""CHN"", ""ENE"", ""ENW"", ""IDN"", ""IND"", ""JPN"", ""LAM"", ""MDA"", ""MEA"", ""MEX"", ""NIG"", ""RUS"", ""SKT"", ""USA""]",25,"[""Final Energy|Industry|Iron and Steel|Electricity"", ""Final Energy|Industry|Iron and Steel|Gases"", ""Final Energy|Industry|Iron and Steel|Hydrogen"", ""Final Energy|Industry|Iron and Steel|Liquids"", ""Final Energy|Industry|Iron and Steel|Solids""]","[1, 1, 1, 1, 1]",-0.19899283145259616,EJ/yr,0,Final energy absolute change,-0.19899283145259616,EJ/yr,context,,,1
baseline_highce_eu,NDC+LTT,"High CE, EU",highce_eu,e,Inside policy area,EU,Iron and steel,Inside policy area,2050,0.20798251538500298,0.5499976063931478,baseline_noce,2050,"[""EUE"", ""EUM"", ""EUW""]",3,"[""Final Energy|Industry|Iron and Steel|Electricity"", ""Final Energy|Industry|Iron and Steel|Gases"", ""Final Energy|Industry|Iron and Steel|Hydrogen"", ""Final Energy|Industry|Iron and Steel|Liquids"", ""Final Energy|Industry|Iron and Steel|Solids""]","[1, 1, 1, 1, 1]",-0.34201509100814476,EJ/yr,0,Final energy percentage change,-62.184832630647215,%,plotted,0.5499976063931478,EJ/yr,100
baseline_highce_eu,NDC+LTT,"High CE, EU",highce_eu,e,Inside policy area,EU,Iron and steel,Inside policy area,2050,0.20798251538500298,0.5499976063931478,baseline_noce,2050,"[""EUE"", ""EUM"", ""EUW""]",3,"[""Final Energy|Industry|Iron and Steel|Electricity"", ""Final Energy|Industry|Iron and Steel|Gases"", ""Final Energy|Industry|Iron and Steel|Hydrogen"", ""Final Energy|Industry|Iron and Steel|Liquids"", ""Final Energy|Industry|Iron and Steel|Solids""]","[1, 1, 1, 1, 1]",-0.34201509100814476,EJ/yr,0,Final energy absolute change,-0.34201509100814476,EJ/yr,context,,,1
baseline_highce_eu,NDC+LTT,"High CE, EU",highce_eu,e,Outside policy area,EU,Iron and steel,Outside policy area,2050,13.96489905355134,14.16359903223367,baseline_noce,2050,"[""AFE"", ""AFN"", ""AFW"", ""AFZ"", ""ANZ"", ""ASC"", ""ASE"", ""ASO"", ""BRA"", ""CAN"", ""CHL"", ""CHN"", ""ENE"", ""ENW"", ""IDN"", ""IND"", ""JPN"", ""LAM"", ""MDA"", ""MEA"", ""MEX"", ""NIG"", ""RUS"", ""SKT"", ""USA""]",25,"[""Final Energy|Industry|Iron and Steel|Electricity"", ""Final Energy|Industry|Iron and Steel|Gases"", ""Final Energy|Industry|Iron and Steel|Hydrogen"", ""Final Energy|Industry|Iron and Steel|Liquids"", ""Final Energy|Industry|Iron and Steel|Solids""]","[1, 1, 1, 1, 1]",-0.19869997868232936,EJ/yr,0,Final energy percentage change,-1.4028918654794296,%,plotted,14.16359903223367,EJ/yr,100
baseline_highce_eu,NDC+LTT,"High CE, EU",highce_eu,e,Outside policy area,EU,Iron and steel,Outside policy area,2050,13.96489905355134,14.16359903223367,baseline_noce,2050,"[""AFE"", ""AFN"", ""AFW"", ""AFZ"", ""ANZ"", ""ASC"", ""ASE"", ""ASO"", ""BRA"", ""CAN"", ""CHL"", ""CHN"", ""ENE"", ""ENW"", ""IDN"", ""IND"", ""JPN"", ""LAM"", ""MDA"", ""MEA"", ""MEX"", ""NIG"", ""RUS"", ""SKT"", ""USA""]",25,"[""Final Energy|Industry|Iron and Steel|Electricity"", ""Final Energy|Industry|Iron and Steel|Gases"", ""Final Energy|Industry|Iron and Steel|Hydrogen"", ""Final Energy|Industry|Iron and Steel|Liquids"", ""Final Energy|Industry|Iron and Steel|Solids""]","[1, 1, 1, 1, 1]",-0.19869997868232936,EJ/yr,0,Final energy absolute change,-0.19869997868232936,EJ/yr,context,,,1
baseline_medce_gbl,NDC+LTT,"Medium CE, EU + partners",medce_gbl,e,Inside policy area,EU + partners,Iron and steel,Inside policy area,2050,9.264671678720198,14.102435795562116,baseline_noce,2050,"[""ANZ"", ""BRA"", ""CAN"", ""CHL"", ""CHN"", ""ENE"", ""ENW"", ""EUE"", ""EUM"", ""EUW"", ""IDN"", ""IND"", ""JPN"", ""MEX"", ""RUS"", ""SKT"", ""USA""]",17,"[""Final Energy|Industry|Iron and Steel|Electricity"", ""Final Energy|Industry|Iron and Steel|Gases"", ""Final Energy|Industry|Iron and Steel|Hydrogen"", ""Final Energy|Industry|Iron and Steel|Liquids"", ""Final Energy|Industry|Iron and Steel|Solids""]","[1, 1, 1, 1, 1]",-4.837764116841917,EJ/yr,0,Final energy percentage change,-34.30445766230192,%,plotted,14.102435795562116,EJ/yr,100
baseline_medce_gbl,NDC+LTT,"Medium CE, EU + partners",medce_gbl,e,Inside policy area,EU + partners,Iron and steel,Inside policy area,2050,9.264671678720198,14.102435795562116,baseline_noce,2050,"[""ANZ"", ""BRA"", ""CAN"", ""CHL"", ""CHN"", ""ENE"", ""ENW"", ""EUE"", ""EUM"", ""EUW"", ""IDN"", ""IND"", ""JPN"", ""MEX"", ""RUS"", ""SKT"", ""USA""]",17,"[""Final Energy|Industry|Iron and Steel|Electricity"", ""Final Energy|Industry|Iron and Steel|Gases"", ""Final Energy|Industry|Iron and Steel|Hydrogen"", ""Final Energy|Industry|Iron and Steel|Liquids"", ""Final Energy|Industry|Iron and Steel|Solids""]","[1, 1, 1, 1, 1]",-4.837764116841917,EJ/yr,0,Final energy absolute change,-4.837764116841917,EJ/yr,context,,,1
baseline_medce_gbl,NDC+LTT,"Medium CE, EU + partners",medce_gbl,e,Outside policy area,EU + partners,Iron and steel,Outside policy area,2050,1.021247578959536,0.6111608430647009,baseline_noce,2050,"[""AFE"", ""AFN"", ""AFW"", ""AFZ"", ""ASC"", ""ASE"", ""ASO"", ""LAM"", ""MDA"", ""MEA"", ""NIG""]",11,"[""Final Energy|Industry|Iron and Steel|Electricity"", ""Final Energy|Industry|Iron and Steel|Gases"", ""Final Energy|Industry|Iron and Steel|Hydrogen"", ""Final Energy|Industry|Iron and Steel|Liquids"", ""Final Energy|Industry|Iron and Steel|Solids""]","[1, 1, 1, 1, 1]",0.41008673589483524,EJ/yr,0,Final energy percentage change,67.09964169799099,%,plotted,0.6111608430647009,EJ/yr,100
baseline_medce_gbl,NDC+LTT,"Medium CE, EU + partners",medce_gbl,e,Outside policy area,EU + partners,Iron and steel,Outside policy area,2050,1.021247578959536,0.6111608430647009,baseline_noce,2050,"[""AFE"", ""AFN"", ""AFW"", ""AFZ"", ""ASC"", ""ASE"", ""ASO"", ""LAM"", ""MDA"", ""MEA"", ""NIG""]",11,"[""Final Energy|Industry|Iron and Steel|Electricity"", ""Final Energy|Industry|Iron and Steel|Gases"", ""Final Energy|Industry|Iron and Steel|Hydrogen"", ""Final Energy|Industry|Iron and Steel|Liquids"", ""Final Energy|Industry|Iron and Steel|Solids""]","[1, 1, 1, 1, 1]",0.41008673589483524,EJ/yr,0,Final energy absolute change,0.41008673589483524,EJ/yr,context,,,1
baseline_highce_gbl,NDC+LTT,"High CE, EU + partners",highce_gbl,e,Inside policy area,EU + partners,Iron and steel,Inside policy area,2050,6.155701316924402,14.102435795562116,baseline_noce,2050,"[""ANZ"", ""BRA"", ""CAN"", ""CHL"", ""CHN"", ""ENE"", ""ENW"", ""EUE"", ""EUM"", ""EUW"", ""IDN"", ""IND"", ""JPN"", ""MEX"", ""RUS"", ""SKT"", ""USA""]",17,"[""Final Energy|Industry|Iron and Steel|Electricity"", ""Final Energy|Industry|Iron and Steel|Gases"", ""Final Energy|Industry|Iron and Steel|Hydrogen"", ""Final Energy|Industry|Iron and Steel|Liquids"", ""Final Energy|Industry|Iron and Steel|Solids""]","[1, 1, 1, 1, 1]",-7.946734478637714,EJ/yr,0,Final energy percentage change,-56.350084438168224,%,plotted,14.102435795562116,EJ/yr,100
baseline_highce_gbl,NDC+LTT,"High CE, EU + partners",highce_gbl,e,Inside policy area,EU + partners,Iron and steel,Inside policy area,2050,6.155701316924402,14.102435795562116,baseline_noce,2050,"[""ANZ"", ""BRA"", ""CAN"", ""CHL"", ""CHN"", ""ENE"", ""ENW"", ""EUE"", ""EUM"", ""EUW"", ""IDN"", ""IND"", ""JPN"", ""MEX"", ""RUS"", ""SKT"", ""USA""]",17,"[""Final Energy|Industry|Iron and Steel|Electricity"", ""Final Energy|Industry|Iron and Steel|Gases"", ""Final Energy|Industry|Iron and Steel|Hydrogen"", ""Final Energy|Industry|Iron and Steel|Liquids"", ""Final Energy|Industry|Iron and Steel|Solids""]","[1, 1, 1, 1, 1]",-7.946734478637714,EJ/yr,0,Final energy absolute change,-7.946734478637714,EJ/yr,context,,,1
baseline_highce_gbl,NDC+LTT,"High CE, EU + partners",highce_gbl,e,Outside policy area,EU + partners,Iron and steel,Outside policy area,2050,1.0930227903915892,0.6111608430647009,baseline_noce,2050,"[""AFE"", ""AFN"", ""AFW"", ""AFZ"", ""ASC"", ""ASE"", ""ASO"", ""LAM"", ""MDA"", ""MEA"", ""NIG""]",11,"[""Final Energy|Industry|Iron and Steel|Electricity"", ""Final Energy|Industry|Iron and Steel|Gases"", ""Final Energy|Industry|Iron and Steel|Hydrogen"", ""Final Energy|Industry|Iron and Steel|Liquids"", ""Final Energy|Industry|Iron and Steel|Solids""]","[1, 1, 1, 1, 1]",0.48186194732688836,EJ/yr,0,Final energy percentage change,78.84372056798735,%,plotted,0.6111608430647009,EJ/yr,100
baseline_highce_gbl,NDC+LTT,"High CE, EU + partners",highce_gbl,e,Outside policy area,EU + partners,Iron and steel,Outside policy area,2050,1.0930227903915892,0.6111608430647009,baseline_noce,2050,"[""AFE"", ""AFN"", ""AFW"", ""AFZ"", ""ASC"", ""ASE"", ""ASO"", ""LAM"", ""MDA"", ""MEA"", ""NIG""]",11,"[""Final Energy|Industry|Iron and Steel|Electricity"", ""Final Energy|Industry|Iron and Steel|Gases"", ""Final Energy|Industry|Iron and Steel|Hydrogen"", ""Final Energy|Industry|Iron and Steel|Liquids"", ""Final Energy|Industry|Iron and Steel|Solids""]","[1, 1, 1, 1, 1]",0.48186194732688836,EJ/yr,0,Final energy absolute change,0.48186194732688836,EJ/yr,context,,,1
baseline_medce_eu,NDC+LTT,"Medium CE, EU",medce_eu,f,Inside policy area,EU,Aluminium,Inside policy area,2050,0.3494868176902376,0.49125529831202963,baseline_noce,2050,"[""EUE"", ""EUM"", ""EUW""]",3,"[""Final Energy|Industry|Non-Ferrous Metals|Aluminum|Electricity"", ""Final Energy|Industry|Non-Ferrous Metals|Aluminum|Gases"", ""Final Energy|Industry|Non-Ferrous Metals|Aluminum|Hydrogen"", ""Final Energy|Industry|Non-Ferrous Metals|Aluminum|Liquids"", ""Final Energy|Industry|Non-Ferrous Metals|Aluminum|Solids""]","[1, 1, 1, 1, 1]",-0.14176848062179204,EJ/yr,0,Final energy percentage change,-28.85841254209644,%,plotted,0.49125529831202963,EJ/yr,100
baseline_medce_eu,NDC+LTT,"Medium CE, EU",medce_eu,f,Inside policy area,EU,Aluminium,Inside policy area,2050,0.3494868176902376,0.49125529831202963,baseline_noce,2050,"[""EUE"", ""EUM"", ""EUW""]",3,"[""Final Energy|Industry|Non-Ferrous Metals|Aluminum|Electricity"", ""Final Energy|Industry|Non-Ferrous Metals|Aluminum|Gases"", ""Final Energy|Industry|Non-Ferrous Metals|Aluminum|Hydrogen"", ""Final Energy|Industry|Non-Ferrous Metals|Aluminum|Liquids"", ""Final Energy|Industry|Non-Ferrous Metals|Aluminum|Solids""]","[1, 1, 1, 1, 1]",-0.14176848062179204,EJ/yr,0,Final energy absolute change,-0.14176848062179204,EJ/yr,context,,,1
baseline_medce_eu,NDC+LTT,"Medium CE, EU",medce_eu,f,Outside policy area,EU,Aluminium,Outside policy area,2050,4.7527643699609685,4.655566231115584,baseline_noce,2050,"[""AFE"", ""AFN"", ""AFW"", ""AFZ"", ""ANZ"", ""ASC"", ""ASE"", ""ASO"", ""BRA"", ""CAN"", ""CHL"", ""CHN"", ""ENE"", ""ENW"", ""IDN"", ""IND"", ""JPN"", ""LAM"", ""MDA"", ""MEA"", ""MEX"", ""NIG"", ""RUS"", ""SKT"", ""USA""]",25,"[""Final Energy|Industry|Non-Ferrous Metals|Aluminum|Electricity"", ""Final Energy|Industry|Non-Ferrous Metals|Aluminum|Gases"", ""Final Energy|Industry|Non-Ferrous Metals|Aluminum|Hydrogen"", ""Final Energy|Industry|Non-Ferrous Metals|Aluminum|Liquids"", ""Final Energy|Industry|Non-Ferrous Metals|Aluminum|Solids""]","[1, 1, 1, 1, 1]",0.09719813884538464,EJ/yr,0,Final energy percentage change,2.0877833977692903,%,plotted,4.655566231115584,EJ/yr,100
baseline_medce_eu,NDC+LTT,"Medium CE, EU",medce_eu,f,Outside policy area,EU,Aluminium,Outside policy area,2050,4.7527643699609685,4.655566231115584,baseline_noce,2050,"[""AFE"", ""AFN"", ""AFW"", ""AFZ"", ""ANZ"", ""ASC"", ""ASE"", ""ASO"", ""BRA"", ""CAN"", ""CHL"", ""CHN"", ""ENE"", ""ENW"", ""IDN"", ""IND"", ""JPN"", ""LAM"", ""MDA"", ""MEA"", ""MEX"", ""NIG"", ""RUS"", ""SKT"", ""USA""]",25,"[""Final Energy|Industry|Non-Ferrous Metals|Aluminum|Electricity"", ""Final Energy|Industry|Non-Ferrous Metals|Aluminum|Gases"", ""Final Energy|Industry|Non-Ferrous Metals|Aluminum|Hydrogen"", ""Final Energy|Industry|Non-Ferrous Metals|Aluminum|Liquids"", ""Final Energy|Industry|Non-Ferrous Metals|Aluminum|Solids""]","[1, 1, 1, 1, 1]",0.09719813884538464,EJ/yr,0,Final energy absolute change,0.09719813884538464,EJ/yr,context,,,1
baseline_highce_eu,NDC+LTT,"High CE, EU",highce_eu,f,Inside policy area,EU,Aluminium,Inside policy area,2050,0.2695545131780839,0.49125529831202963,baseline_noce,2050,"[""EUE"", ""EUM"", ""EUW""]",3,"[""Final Energy|Industry|Non-Ferrous Metals|Aluminum|Electricity"", ""Final Energy|Industry|Non-Ferrous Metals|Aluminum|Gases"", ""Final Energy|Industry|Non-Ferrous Metals|Aluminum|Hydrogen"", ""Final Energy|Industry|Non-Ferrous Metals|Aluminum|Liquids"", ""Final Energy|Industry|Non-Ferrous Metals|Aluminum|Solids""]","[1, 1, 1, 1, 1]",-0.22170078513394575,EJ/yr,0,Final energy percentage change,-45.12944407840839,%,plotted,0.49125529831202963,EJ/yr,100
baseline_highce_eu,NDC+LTT,"High CE, EU",highce_eu,f,Inside policy area,EU,Aluminium,Inside policy area,2050,0.2695545131780839,0.49125529831202963,baseline_noce,2050,"[""EUE"", ""EUM"", ""EUW""]",3,"[""Final Energy|Industry|Non-Ferrous Metals|Aluminum|Electricity"", ""Final Energy|Industry|Non-Ferrous Metals|Aluminum|Gases"", ""Final Energy|Industry|Non-Ferrous Metals|Aluminum|Hydrogen"", ""Final Energy|Industry|Non-Ferrous Metals|Aluminum|Liquids"", ""Final Energy|Industry|Non-Ferrous Metals|Aluminum|Solids""]","[1, 1, 1, 1, 1]",-0.22170078513394575,EJ/yr,0,Final energy absolute change,-0.22170078513394575,EJ/yr,context,,,1
baseline_highce_eu,NDC+LTT,"High CE, EU",highce_eu,f,Outside policy area,EU,Aluminium,Outside policy area,2050,4.744808727109257,4.655566231115584,baseline_noce,2050,"[""AFE"", ""AFN"", ""AFW"", ""AFZ"", ""ANZ"", ""ASC"", ""ASE"", ""ASO"", ""BRA"", ""CAN"", ""CHL"", ""CHN"", ""ENE"", ""ENW"", ""IDN"", ""IND"", ""JPN"", ""LAM"", ""MDA"", ""MEA"", ""MEX"", ""NIG"", ""RUS"", ""SKT"", ""USA""]",25,"[""Final Energy|Industry|Non-Ferrous Metals|Aluminum|Electricity"", ""Final Energy|Industry|Non-Ferrous Metals|Aluminum|Gases"", ""Final Energy|Industry|Non-Ferrous Metals|Aluminum|Hydrogen"", ""Final Energy|Industry|Non-Ferrous Metals|Aluminum|Liquids"", ""Final Energy|Industry|Non-Ferrous Metals|Aluminum|Solids""]","[1, 1, 1, 1, 1]",0.08924249599367329,EJ/yr,0,Final energy percentage change,1.9168988596321328,%,plotted,4.655566231115584,EJ/yr,100
baseline_highce_eu,NDC+LTT,"High CE, EU",highce_eu,f,Outside policy area,EU,Aluminium,Outside policy area,2050,4.744808727109257,4.655566231115584,baseline_noce,2050,"[""AFE"", ""AFN"", ""AFW"", ""AFZ"", ""ANZ"", ""ASC"", ""ASE"", ""ASO"", ""BRA"", ""CAN"", ""CHL"", ""CHN"", ""ENE"", ""ENW"", ""IDN"", ""IND"", ""JPN"", ""LAM"", ""MDA"", ""MEA"", ""MEX"", ""NIG"", ""RUS"", ""SKT"", ""USA""]",25,"[""Final Energy|Industry|Non-Ferrous Metals|Aluminum|Electricity"", ""Final Energy|Industry|Non-Ferrous Metals|Aluminum|Gases"", ""Final Energy|Industry|Non-Ferrous Metals|Aluminum|Hydrogen"", ""Final Energy|Industry|Non-Ferrous Metals|Aluminum|Liquids"", ""Final Energy|Industry|Non-Ferrous Metals|Aluminum|Solids""]","[1, 1, 1, 1, 1]",0.08924249599367329,EJ/yr,0,Final energy absolute change,0.08924249599367329,EJ/yr,context,,,1
baseline_medce_gbl,NDC+LTT,"Medium CE, EU + partners",medce_gbl,f,Inside policy area,EU + partners,Aluminium,Inside policy area,2050,3.3557433368262357,4.059645555577649,baseline_noce,2050,"[""ANZ"", ""BRA"", ""CAN"", ""CHL"", ""CHN"", ""ENE"", ""ENW"", ""EUE"", ""EUM"", ""EUW"", ""IDN"", ""IND"", ""JPN"", ""MEX"", ""RUS"", ""SKT"", ""USA""]",17,"[""Final Energy|Industry|Non-Ferrous Metals|Aluminum|Electricity"", ""Final Energy|Industry|Non-Ferrous Metals|Aluminum|Gases"", ""Final Energy|Industry|Non-Ferrous Metals|Aluminum|Hydrogen"", ""Final Energy|Industry|Non-Ferrous Metals|Aluminum|Liquids"", ""Final Energy|Industry|Non-Ferrous Metals|Aluminum|Solids""]","[1, 1, 1, 1, 1]",-0.7039022187514137,EJ/yr,0,Final energy percentage change,-17.339006795416033,%,plotted,4.059645555577649,EJ/yr,100
baseline_medce_gbl,NDC+LTT,"Medium CE, EU + partners",medce_gbl,f,Inside policy area,EU + partners,Aluminium,Inside policy area,2050,3.3557433368262357,4.059645555577649,baseline_noce,2050,"[""ANZ"", ""BRA"", ""CAN"", ""CHL"", ""CHN"", ""ENE"", ""ENW"", ""EUE"", ""EUM"", ""EUW"", ""IDN"", ""IND"", ""JPN"", ""MEX"", ""RUS"", ""SKT"", ""USA""]",17,"[""Final Energy|Industry|Non-Ferrous Metals|Aluminum|Electricity"", ""Final Energy|Industry|Non-Ferrous Metals|Aluminum|Gases"", ""Final Energy|Industry|Non-Ferrous Metals|Aluminum|Hydrogen"", ""Final Energy|Industry|Non-Ferrous Metals|Aluminum|Liquids"", ""Final Energy|Industry|Non-Ferrous Metals|Aluminum|Solids""]","[1, 1, 1, 1, 1]",-0.7039022187514137,EJ/yr,0,Final energy absolute change,-0.7039022187514137,EJ/yr,context,,,1
baseline_medce_gbl,NDC+LTT,"Medium CE, EU + partners",medce_gbl,f,Outside policy area,EU + partners,Aluminium,Outside policy area,2050,0.8190378522196546,1.0871759738499638,baseline_noce,2050,"[""AFE"", ""AFN"", ""AFW"", ""AFZ"", ""ASC"", ""ASE"", ""ASO"", ""LAM"", ""MDA"", ""MEA"", ""NIG""]",11,"[""Final Energy|Industry|Non-Ferrous Metals|Aluminum|Electricity"", ""Final Energy|Industry|Non-Ferrous Metals|Aluminum|Gases"", ""Final Energy|Industry|Non-Ferrous Metals|Aluminum|Hydrogen"", ""Final Energy|Industry|Non-Ferrous Metals|Aluminum|Liquids"", ""Final Energy|Industry|Non-Ferrous Metals|Aluminum|Solids""]","[1, 1, 1, 1, 1]",-0.26813812163030915,EJ/yr,0,Final energy percentage change,-24.66372768345538,%,plotted,1.0871759738499638,EJ/yr,100
baseline_medce_gbl,NDC+LTT,"Medium CE, EU + partners",medce_gbl,f,Outside policy area,EU + partners,Aluminium,Outside policy area,2050,0.8190378522196546,1.0871759738499638,baseline_noce,2050,"[""AFE"", ""AFN"", ""AFW"", ""AFZ"", ""ASC"", ""ASE"", ""ASO"", ""LAM"", ""MDA"", ""MEA"", ""NIG""]",11,"[""Final Energy|Industry|Non-Ferrous Metals|Aluminum|Electricity"", ""Final Energy|Industry|Non-Ferrous Metals|Aluminum|Gases"", ""Final Energy|Industry|Non-Ferrous Metals|Aluminum|Hydrogen"", ""Final Energy|Industry|Non-Ferrous Metals|Aluminum|Liquids"", ""Final Energy|Industry|Non-Ferrous Metals|Aluminum|Solids""]","[1, 1, 1, 1, 1]",-0.26813812163030915,EJ/yr,0,Final energy absolute change,-0.26813812163030915,EJ/yr,context,,,1
baseline_highce_gbl,NDC+LTT,"High CE, EU + partners",highce_gbl,f,Inside policy area,EU + partners,Aluminium,Inside policy area,2050,2.45752545234748,4.059645555577649,baseline_noce,2050,"[""ANZ"", ""BRA"", ""CAN"", ""CHL"", ""CHN"", ""ENE"", ""ENW"", ""EUE"", ""EUM"", ""EUW"", ""IDN"", ""IND"", ""JPN"", ""MEX"", ""RUS"", ""SKT"", ""USA""]",17,"[""Final Energy|Industry|Non-Ferrous Metals|Aluminum|Electricity"", ""Final Energy|Industry|Non-Ferrous Metals|Aluminum|Gases"", ""Final Energy|Industry|Non-Ferrous Metals|Aluminum|Hydrogen"", ""Final Energy|Industry|Non-Ferrous Metals|Aluminum|Liquids"", ""Final Energy|Industry|Non-Ferrous Metals|Aluminum|Solids""]","[1, 1, 1, 1, 1]",-1.6021201032301695,EJ/yr,0,Final energy percentage change,-39.46453160249363,%,plotted,4.059645555577649,EJ/yr,100
baseline_highce_gbl,NDC+LTT,"High CE, EU + partners",highce_gbl,f,Inside policy area,EU + partners,Aluminium,Inside policy area,2050,2.45752545234748,4.059645555577649,baseline_noce,2050,"[""ANZ"", ""BRA"", ""CAN"", ""CHL"", ""CHN"", ""ENE"", ""ENW"", ""EUE"", ""EUM"", ""EUW"", ""IDN"", ""IND"", ""JPN"", ""MEX"", ""RUS"", ""SKT"", ""USA""]",17,"[""Final Energy|Industry|Non-Ferrous Metals|Aluminum|Electricity"", ""Final Energy|Industry|Non-Ferrous Metals|Aluminum|Gases"", ""Final Energy|Industry|Non-Ferrous Metals|Aluminum|Hydrogen"", ""Final Energy|Industry|Non-Ferrous Metals|Aluminum|Liquids"", ""Final Energy|Industry|Non-Ferrous Metals|Aluminum|Solids""]","[1, 1, 1, 1, 1]",-1.6021201032301695,EJ/yr,0,Final energy absolute change,-1.6021201032301695,EJ/yr,context,,,1
baseline_highce_gbl,NDC+LTT,"High CE, EU + partners",highce_gbl,f,Outside policy area,EU + partners,Aluminium,Outside policy area,2050,0.7458421263602784,1.0871759738499638,baseline_noce,2050,"[""AFE"", ""AFN"", ""AFW"", ""AFZ"", ""ASC"", ""ASE"", ""ASO"", ""LAM"", ""MDA"", ""MEA"", ""NIG""]",11,"[""Final Energy|Industry|Non-Ferrous Metals|Aluminum|Electricity"", ""Final Energy|Industry|Non-Ferrous Metals|Aluminum|Gases"", ""Final Energy|Industry|Non-Ferrous Metals|Aluminum|Hydrogen"", ""Final Energy|Industry|Non-Ferrous Metals|Aluminum|Liquids"", ""Final Energy|Industry|Non-Ferrous Metals|Aluminum|Solids""]","[1, 1, 1, 1, 1]",-0.3413338474896854,EJ/yr,0,Final energy percentage change,-31.39637516831211,%,plotted,1.0871759738499638,EJ/yr,100
baseline_highce_gbl,NDC+LTT,"High CE, EU + partners",highce_gbl,f,Outside policy area,EU + partners,Aluminium,Outside policy area,2050,0.7458421263602784,1.0871759738499638,baseline_noce,2050,"[""AFE"", ""AFN"", ""AFW"", ""AFZ"", ""ASC"", ""ASE"", ""ASO"", ""LAM"", ""MDA"", ""MEA"", ""NIG""]",11,"[""Final Energy|Industry|Non-Ferrous Metals|Aluminum|Electricity"", ""Final Energy|Industry|Non-Ferrous Metals|Aluminum|Gases"", ""Final Energy|Industry|Non-Ferrous Metals|Aluminum|Hydrogen"", ""Final Energy|Industry|Non-Ferrous Metals|Aluminum|Liquids"", ""Final Energy|Industry|Non-Ferrous Metals|Aluminum|Solids""]","[1, 1, 1, 1, 1]",-0.3413338474896854,EJ/yr,0,Final energy absolute change,-0.3413338474896854,EJ/yr,context,,,1
