Scenario,ReferenceScenario,Year,Metric,Unit,Value,ReferenceValue,Change,Change_percent
baseline_noce,baseline_noce,2050,Cement production: Cement,Mt/yr,3660.135942423824,3660.135942423824,0.0,0.0
baseline_noce,baseline_noce,2050,Cement production: Clinker,Mt/yr,2599.115827280662,2599.115827280662,0.0,0.0
baseline_noce,baseline_noce,2050,Cement final energy,EJ/yr,10.19422959728947,10.19422959728947,0.0,0.0
baseline_noce,baseline_noce,2050,Iron and steel production: Total,Mt/yr,2186.929691103253,2186.929691103253,0.0,0.0
baseline_noce,baseline_noce,2050,Iron and steel production: Primary,Mt/yr,1399.6350022548183,1399.6350022548183,0.0,0.0
baseline_noce,baseline_noce,2050,Iron and steel production: Secondary,Mt/yr,787.2946888484346,787.2946888484346,0.0,0.0
baseline_noce,baseline_noce,2050,Iron and steel final energy,EJ/yr,14.713596638626818,14.713596638626818,0.0,0.0
baseline_noce,baseline_noce,2050,Aluminium production: Total,Mt/yr,133.01408676120656,133.01408676120656,0.0,0.0
baseline_noce,baseline_noce,2050,Aluminium production: Primary,Mt/yr,68.45857888402483,68.45857888402483,0.0,0.0
baseline_noce,baseline_noce,2050,Aluminium production: Secondary,Mt/yr,64.55550787718173,64.55550787718173,0.0,0.0
baseline_noce,baseline_noce,2050,Aluminium final energy,EJ/yr,5.146821529427612,5.146821529427612,0.0,0.0
baseline_noce,baseline_noce,2050,Three-sector GHG emissions,MtCO2e/yr,2510.0818182824432,2510.0818182824432,0.0,0.0
baseline_noce,baseline_noce,2050,All-industry GHG emissions,MtCO2e/yr,4452.483517493504,4452.483517493504,0.0,0.0
baseline_noce,baseline_noce,2050,Other-industry GHG emissions,MtCO2e/yr,1942.401699211061,1942.401699211061,0.0,0.0
baseline_noce,baseline_noce,2050,Annualised system cost,billion USD_2010/yr,30076.132041723973,30076.132041723973,0.0,0.0
baseline_noce,baseline_noce,2050,EU carbon-price index,USD_2010/tCO2e,2725.3980270870825,2725.3980270870825,0.0,0.0
baseline_medce_eu,baseline_noce,2050,Cement production: Cement,Mt/yr,3627.5339251320734,3660.135942423824,-32.6020172917506,-0.8907324155332006
baseline_medce_eu,baseline_noce,2050,Cement production: Clinker,Mt/yr,2559.3808613365522,2599.115827280662,-39.73496594410972,-1.5287878103409738
baseline_medce_eu,baseline_noce,2050,Cement final energy,EJ/yr,10.047735565932108,10.19422959728947,-0.14649403135736172,-1.437028957993185
baseline_medce_eu,baseline_noce,2050,Iron and steel production: Total,Mt/yr,2184.438439804528,2186.929691103253,-2.491251298724819,-0.11391547285948837
baseline_medce_eu,baseline_noce,2050,Iron and steel production: Primary,Mt/yr,1385.8837930535244,1399.6350022548183,-13.751209201293932,-0.9824853750542586
baseline_medce_eu,baseline_noce,2050,Iron and steel production: Secondary,Mt/yr,798.5546467510037,787.2946888484346,11.259957902569113,1.430208797551893
baseline_medce_eu,baseline_noce,2050,Iron and steel final energy,EJ/yr,14.656000960999524,14.713596638626818,-0.057595677627293895,-0.3914452668635149
baseline_medce_eu,baseline_noce,2050,Aluminium production: Total,Mt/yr,131.7829467643458,133.01408676120656,-1.2311399968607475,-0.92557113824414
baseline_medce_eu,baseline_noce,2050,Aluminium production: Primary,Mt/yr,66.91987726060664,68.45857888402483,-1.5387016234181914,-2.247638862070003
baseline_medce_eu,baseline_noce,2050,Aluminium production: Secondary,Mt/yr,64.86306950373917,64.55550787718173,0.3075616265574439,0.4764297217560222
baseline_medce_eu,baseline_noce,2050,Aluminium final energy,EJ/yr,5.046207958820143,5.146821529427612,-0.1006135706074689,-1.954868068228088
baseline_medce_eu,baseline_noce,2050,Three-sector GHG emissions,MtCO2e/yr,2494.7682988301954,2510.0818182824432,-15.313519452247874,-0.610080489835441
baseline_medce_eu,baseline_noce,2050,All-industry GHG emissions,MtCO2e/yr,4433.1490211688715,4452.483517493504,-19.33449632463271,-0.4342407164152049
baseline_medce_eu,baseline_noce,2050,Other-industry GHG emissions,MtCO2e/yr,1938.3807223386762,1942.401699211061,-4.020976872384836,-0.20701057222190564
baseline_medce_eu,baseline_noce,2050,Annualised system cost,billion USD_2010/yr,30018.297334771218,30076.132041723973,-57.83470695275537,-0.1922943644233325
baseline_medce_eu,baseline_noce,2050,EU carbon-price index,USD_2010/tCO2e,2665.1170484271406,2725.3980270870825,-60.280978659941866,-2.211822935983059
baseline_highce_eu,baseline_noce,2050,Cement production: Cement,Mt/yr,3613.749391624557,3660.135942423824,-46.38655079926684,-1.2673450256754297
baseline_highce_eu,baseline_noce,2050,Cement production: Clinker,Mt/yr,2546.3916428762786,2599.115827280662,-52.72418440438332,-2.028543085728744
baseline_highce_eu,baseline_noce,2050,Cement final energy,EJ/yr,10.000869732067631,10.19422959728947,-0.19335986522183823,-1.8967579980075242
baseline_highce_eu,baseline_noce,2050,Iron and steel production: Total,Mt/yr,2183.3546196545976,2186.929691103253,-3.575071448655308,-0.16347445750996098
baseline_highce_eu,baseline_noce,2050,Iron and steel production: Primary,Mt/yr,1375.6270491499063,1399.6350022548183,-24.007953104912076,-1.7153009939187829
baseline_highce_eu,baseline_noce,2050,Iron and steel production: Secondary,Mt/yr,807.7275705046911,787.2946888484346,20.43288165625654,2.5953282736027905
baseline_highce_eu,baseline_noce,2050,Iron and steel final energy,EJ/yr,14.61008634857815,14.713596638626818,-0.10351029004866774,-0.7035009358413953
baseline_highce_eu,baseline_noce,2050,Aluminium production: Total,Mt/yr,131.0235267868248,133.01408676120656,-1.9905599743817675,-1.4965031319993338
baseline_highce_eu,baseline_noce,2050,Aluminium production: Primary,Mt/yr,65.60035267542978,68.45857888402483,-2.858226208595056,-4.1751176480557035
baseline_highce_eu,baseline_noce,2050,Aluminium production: Secondary,Mt/yr,65.423174111395,64.55550787718173,0.8676662342132744,1.3440622849161508
baseline_highce_eu,baseline_noce,2050,Aluminium final energy,EJ/yr,4.953699132676726,5.146821529427612,-0.19312239675088616,-3.752265269869649
baseline_highce_eu,baseline_noce,2050,Three-sector GHG emissions,MtCO2e/yr,2486.5179392373893,2510.0818182824432,-23.56387904505391,-0.9387693609596283
baseline_highce_eu,baseline_noce,2050,All-industry GHG emissions,MtCO2e/yr,4418.001041759729,4452.483517493504,-34.48247573377557,-0.774454876661447
baseline_highce_eu,baseline_noce,2050,Other-industry GHG emissions,MtCO2e/yr,1931.4831025223393,1942.401699211061,-10.918596688721664,-0.562118365792021
baseline_highce_eu,baseline_noce,2050,Annualised system cost,billion USD_2010/yr,29995.16528266019,30076.132041723973,-80.96675906378368,-0.26920602340573657
baseline_highce_eu,baseline_noce,2050,EU carbon-price index,USD_2010/tCO2e,2651.8241792625454,2725.3980270870825,-73.5738478245371,-2.6995634066402094
baseline_medce_gbl,baseline_noce,2050,Cement production: Cement,Mt/yr,3158.8859851059724,3660.135942423824,-501.24995731785157,-13.69484536101445
baseline_medce_gbl,baseline_noce,2050,Cement production: Clinker,Mt/yr,2083.6904822764113,2599.115827280662,-515.4253450042506,-19.830795518779055
baseline_medce_gbl,baseline_noce,2050,Cement final energy,EJ/yr,8.280967357063847,10.19422959728947,-1.913262240225622,-18.768090535594144
baseline_medce_gbl,baseline_noce,2050,Iron and steel production: Total,Mt/yr,2124.1524894719405,2186.929691103253,-62.77720163131244,-2.8705633238553205
baseline_medce_gbl,baseline_noce,2050,Iron and steel production: Primary,Mt/yr,1045.9689685715605,1399.6350022548183,-353.66603368325787,-25.26844735330999
baseline_medce_gbl,baseline_noce,2050,Iron and steel production: Secondary,Mt/yr,1078.1835209003798,787.2946888484346,290.8888320519452,36.947897168901825
baseline_medce_gbl,baseline_noce,2050,Iron and steel final energy,EJ/yr,12.353432433870692,14.713596638626818,-2.360164204756126,-16.040702098357876
baseline_medce_gbl,baseline_noce,2050,Aluminium production: Total,Mt/yr,121.67389276978787,133.01408676120656,-11.340193991418687,-8.525558658893898
baseline_medce_gbl,baseline_noce,2050,Aluminium production: Primary,Mt/yr,54.269379130792395,68.45857888402483,-14.189199753232437,-20.726693402838897
baseline_medce_gbl,baseline_noce,2050,Aluminium production: Secondary,Mt/yr,67.40451363899548,64.55550787718173,2.849005761813757,4.413265196881501
baseline_medce_gbl,baseline_noce,2050,Aluminium final energy,EJ/yr,4.137692649668763,5.146821529427612,-1.0091288797588494,-19.60683645214868
baseline_medce_gbl,baseline_noce,2050,Three-sector GHG emissions,MtCO2e/yr,2035.605027486971,2510.0818182824432,-474.4767907954722,-18.90284162610043
baseline_medce_gbl,baseline_noce,2050,All-industry GHG emissions,MtCO2e/yr,4121.922699502937,4452.483517493504,-330.56081799056756,-7.4241895942302
baseline_medce_gbl,baseline_noce,2050,Other-industry GHG emissions,MtCO2e/yr,2086.3176720159654,1942.401699211061,143.9159728049044,7.409176632380331
baseline_medce_gbl,baseline_noce,2050,Annualised system cost,billion USD_2010/yr,29416.468154333914,30076.132041723973,-659.6638873900592,-2.1933135766092584
baseline_medce_gbl,baseline_noce,2050,EU carbon-price index,USD_2010/tCO2e,2502.1975345176643,2725.3980270870825,-223.2004925694182,-8.189647543260897
baseline_highce_gbl,baseline_noce,2050,Cement production: Cement,Mt/yr,2947.2179553016663,3660.135942423824,-712.9179871221577,-19.47791006500287
baseline_highce_gbl,baseline_noce,2050,Cement production: Clinker,Mt/yr,1884.2030146186078,2599.115827280662,-714.9128126620542,-27.506000508258815
baseline_highce_gbl,baseline_noce,2050,Cement final energy,EJ/yr,7.530598578321007,10.19422959728947,-2.663631018968462,-26.1288113392766
baseline_highce_gbl,baseline_noce,2050,Iron and steel production: Total,Mt/yr,2095.1975670216607,2186.929691103253,-91.73212408159225,-4.194562104797965
baseline_highce_gbl,baseline_noce,2050,Iron and steel production: Primary,Mt/yr,781.125238175271,1399.6350022548183,-618.5097640795474,-44.19078996189187
baseline_highce_gbl,baseline_noce,2050,Iron and steel production: Secondary,Mt/yr,1314.0723288463896,787.2946888484346,526.777639997955,66.90984296724592
baseline_highce_gbl,baseline_noce,2050,Iron and steel final energy,EJ/yr,9.901565563520496,14.713596638626818,-4.812031075106322,-32.7046553829915
baseline_highce_gbl,baseline_noce,2050,Aluminium production: Total,Mt/yr,114.65899376867615,133.01408676120656,-18.355092992530402,-13.79936023278675
baseline_highce_gbl,baseline_noce,2050,Aluminium production: Primary,Mt/yr,42.08962112744827,68.45857888402483,-26.368957756576563,-38.51812028007187
baseline_highce_gbl,baseline_noce,2050,Aluminium production: Secondary,Mt/yr,72.56937264122789,64.55550787718173,8.013864764046161,12.413913278000562
baseline_highce_gbl,baseline_noce,2050,Aluminium final energy,EJ/yr,3.2823399216526434,5.146821529427612,-1.8644816077749686,-36.225884210566775
baseline_highce_gbl,baseline_noce,2050,Three-sector GHG emissions,MtCO2e/yr,1729.4727844616923,2510.0818182824432,-780.6090338207509,-31.098947776725982
baseline_highce_gbl,baseline_noce,2050,All-industry GHG emissions,MtCO2e/yr,4112.421733282762,4452.483517493504,-340.0617842107422,-7.637575363831503
baseline_highce_gbl,baseline_noce,2050,Other-industry GHG emissions,MtCO2e/yr,2382.9489488210697,1942.401699211061,440.54724961000875,22.680542844919483
baseline_highce_gbl,baseline_noce,2050,Annualised system cost,billion USD_2010/yr,29097.998662690665,30076.132041723973,-978.1333790333083,-3.2521913977381294
baseline_highce_gbl,baseline_noce,2050,EU carbon-price index,USD_2010/tCO2e,2505.368929977644,2725.3980270870825,-220.02909710943868,-8.073283055268325
ndc_noce,ndc_noce,2050,Cement production: Cement,Mt/yr,3660.1359678777544,3660.1359678777544,0.0,0.0
ndc_noce,ndc_noce,2050,Cement production: Clinker,Mt/yr,2599.115854230405,2599.115854230405,0.0,0.0
ndc_noce,ndc_noce,2050,Cement final energy,EJ/yr,10.179741647355929,10.179741647355929,0.0,0.0
ndc_noce,ndc_noce,2050,Iron and steel production: Total,Mt/yr,2186.9297730849707,2186.9297730849707,0.0,0.0
ndc_noce,ndc_noce,2050,Iron and steel production: Primary,Mt/yr,1399.6350714434163,1399.6350714434163,0.0,0.0
ndc_noce,ndc_noce,2050,Iron and steel production: Secondary,Mt/yr,787.2947016415544,787.2947016415544,0.0,0.0
ndc_noce,ndc_noce,2050,Iron and steel final energy,EJ/yr,20.610274696201515,20.610274696201515,0.0,0.0
ndc_noce,ndc_noce,2050,Aluminium production: Total,Mt/yr,133.0141126535924,133.0141126535924,0.0,0.0
ndc_noce,ndc_noce,2050,Aluminium production: Primary,Mt/yr,68.45860254240496,68.45860254240496,0.0,0.0
ndc_noce,ndc_noce,2050,Aluminium production: Secondary,Mt/yr,64.55551011118743,64.55551011118743,0.0,0.0
ndc_noce,ndc_noce,2050,Aluminium final energy,EJ/yr,5.1888336658195175,5.1888336658195175,0.0,0.0
ndc_noce,ndc_noce,2050,Three-sector GHG emissions,MtCO2e/yr,3763.136734980516,3763.136734980516,0.0,0.0
ndc_noce,ndc_noce,2050,All-industry GHG emissions,MtCO2e/yr,10834.76751537045,10834.76751537045,0.0,0.0
ndc_noce,ndc_noce,2050,Other-industry GHG emissions,MtCO2e/yr,7071.6307803899335,7071.6307803899335,0.0,0.0
ndc_noce,ndc_noce,2050,Annualised system cost,billion USD_2010/yr,26582.4311342895,26582.4311342895,0.0,0.0
ndc_noce,ndc_noce,2050,EU carbon-price index,USD_2010/tCO2e,439.66313619344663,439.66313619344663,0.0,0.0
ndc_medce_eu,ndc_noce,2050,Cement production: Cement,Mt/yr,3627.5339251431465,3660.1359678777544,-32.60204273460795,-0.8907331044729329
ndc_medce_eu,ndc_noce,2050,Cement production: Clinker,Mt/yr,2559.380861506334,2599.115854230405,-39.73499272407116,-1.5287888248381543
ndc_medce_eu,ndc_noce,2050,Cement final energy,EJ/yr,10.030592091435114,10.179741647355929,-0.1491495559208147,-1.4651605226106557
ndc_medce_eu,ndc_noce,2050,Iron and steel production: Total,Mt/yr,2184.4384398707944,2186.9297730849707,-2.491333214176393,-0.11391921427188852
ndc_medce_eu,ndc_noce,2050,Iron and steel production: Primary,Mt/yr,1385.8837931026792,1399.6350714434163,-13.751278340737144,-0.9824902663060393
ndc_medce_eu,ndc_noce,2050,Iron and steel production: Secondary,Mt/yr,798.5546467681152,787.2947016415544,11.259945126560751,1.430207151538442
ndc_medce_eu,ndc_noce,2050,Iron and steel final energy,EJ/yr,20.46516878842572,20.610274696201515,-0.14510590777579324,-0.7040464521442615
ndc_medce_eu,ndc_noce,2050,Aluminium production: Total,Mt/yr,131.7829466759616,133.0141126535924,-1.231165977630809,-0.9255904904144456
ndc_medce_eu,ndc_noce,2050,Aluminium production: Primary,Mt/yr,66.91987715242247,68.45860254240496,-1.5387253899824884,-2.2476728020110603
ndc_medce_eu,ndc_noce,2050,Aluminium production: Secondary,Mt/yr,64.86306952353912,64.55551011118743,0.3075594123516936,0.47642627534344856
ndc_medce_eu,ndc_noce,2050,Aluminium final energy,EJ/yr,5.084382483308164,5.1888336658195175,-0.10445118251135366,-2.0129992448863128
ndc_medce_eu,ndc_noce,2050,Three-sector GHG emissions,MtCO2e/yr,3731.086850955089,3763.136734980516,-32.04988402542676,-0.8516800287245663
ndc_medce_eu,ndc_noce,2050,All-industry GHG emissions,MtCO2e/yr,10818.194766485314,10834.76751537045,-16.572748885135297,-0.152958970846627
ndc_medce_eu,ndc_noce,2050,Other-industry GHG emissions,MtCO2e/yr,7087.107915530225,7071.6307803899335,15.477135140291466,0.2188623193282448
ndc_medce_eu,ndc_noce,2050,Annualised system cost,billion USD_2010/yr,26560.694270352633,26582.4311342895,-21.736863936868758,-0.08177154236592643
ndc_medce_eu,ndc_noce,2050,EU carbon-price index,USD_2010/tCO2e,368.66211629099774,439.66313619344663,-71.00101990244889,-16.148959068337554
ndc_highce_eu,ndc_noce,2050,Cement production: Cement,Mt/yr,3613.74939155288,3660.1359678777544,-46.38657632487457,-1.267345714256915
ndc_highce_eu,ndc_noce,2050,Cement production: Clinker,Mt/yr,2546.3916431920925,2599.115854230405,-52.72421103831266,-2.028544089425526
ndc_highce_eu,ndc_noce,2050,Cement final energy,EJ/yr,9.980072829058996,10.179741647355929,-0.19966881829693328,-1.961433061995193
ndc_highce_eu,ndc_noce,2050,Iron and steel production: Total,Mt/yr,2183.3546198156414,2186.9297730849707,-3.5751532693293484,-0.16347819273072012
ndc_highce_eu,ndc_noce,2050,Iron and steel production: Primary,Mt/yr,1375.6270494325845,1399.6350714434163,-24.008022010831837,-1.7153058322604644
ndc_highce_eu,ndc_noce,2050,Iron and steel production: Secondary,Mt/yr,807.7275703830568,787.2947016415544,20.432868741502375,2.5953265910336594
ndc_highce_eu,ndc_noce,2050,Iron and steel final energy,EJ/yr,20.38744183713851,20.610274696201515,-0.2228328590630042,-1.0811736492967385
ndc_highce_eu,ndc_noce,2050,Aluminium production: Total,Mt/yr,131.0235267484698,133.0141126535924,-1.9905859051226003,-1.4965223354206536
ndc_highce_eu,ndc_noce,2050,Aluminium production: Primary,Mt/yr,65.6003526424434,68.45860254240496,-2.8582498999615638,-4.1751508120416165
ndc_highce_eu,ndc_noce,2050,Aluminium production: Secondary,Mt/yr,65.4231741060264,64.55551011118743,0.8676639948389635,1.3440587694908446
ndc_highce_eu,ndc_noce,2050,Aluminium final energy,EJ/yr,4.991594559511225,5.1888336658195175,-0.19723910630829256,-3.8012223750313816
ndc_highce_eu,ndc_noce,2050,Three-sector GHG emissions,MtCO2e/yr,3723.889474420699,3763.136734980516,-39.24726055981682,-1.0429400610132236
ndc_highce_eu,ndc_noce,2050,All-industry GHG emissions,MtCO2e/yr,10814.12638283462,10834.76751537045,-20.641132535829456,-0.19050831046026112
ndc_highce_eu,ndc_noce,2050,Other-industry GHG emissions,MtCO2e/yr,7090.236908413921,7071.6307803899335,18.606128023987367,0.26310943828661565
ndc_highce_eu,ndc_noce,2050,Annualised system cost,billion USD_2010/yr,26548.87454754996,26582.4311342895,-33.55658673954167,-0.12623595851718766
ndc_highce_eu,ndc_noce,2050,EU carbon-price index,USD_2010/tCO2e,361.9106449804785,439.66313619344663,-77.75249121296815,-17.684560021597527
ndc_medce_gbl,ndc_noce,2050,Cement production: Cement,Mt/yr,3158.8859851310053,3660.1359678777544,-501.2499827467491,-13.694845960528273
ndc_medce_gbl,ndc_noce,2050,Cement production: Clinker,Mt/yr,2083.6904824590947,2599.115854230405,-515.4253717713104,-19.830796343009773
ndc_medce_gbl,ndc_noce,2050,Cement final energy,EJ/yr,8.264252912378414,10.179741647355929,-1.9154887349775152,-18.816673362973226
ndc_medce_gbl,ndc_noce,2050,Iron and steel production: Total,Mt/yr,2124.152489639885,2186.9297730849707,-62.777283445085686,-2.8705669572795443
ndc_medce_gbl,ndc_noce,2050,Iron and steel production: Primary,Mt/yr,1045.9689686843165,1399.6350714434163,-353.6661027590999,-25.26845103948209
ndc_medce_gbl,ndc_noce,2050,Iron and steel production: Secondary,Mt/yr,1078.1835209555684,787.2947016415544,290.888819314014,36.94789495058129
ndc_medce_gbl,ndc_noce,2050,Iron and steel final energy,EJ/yr,16.525469710629103,20.610274696201515,-4.084804985572411,-19.819265127627062
ndc_medce_gbl,ndc_noce,2050,Aluminium production: Total,Mt/yr,121.67389275652519,133.0141126535924,-11.340219897067215,-8.525576475182344
ndc_medce_gbl,ndc_noce,2050,Aluminium production: Primary,Mt/yr,54.269379063176316,68.45860254240496,-14.189223479228644,-20.726720897405826
ndc_medce_gbl,ndc_noce,2050,Aluminium production: Secondary,Mt/yr,67.40451369334887,64.55551011118743,2.849003582161444,4.413261667756093
ndc_medce_gbl,ndc_noce,2050,Aluminium final energy,EJ/yr,4.172978370778932,5.1888336658195175,-1.015855295040586,-19.577719396409734
ndc_medce_gbl,ndc_noce,2050,Three-sector GHG emissions,MtCO2e/yr,3111.6205591712637,3763.136734980516,-651.5161758092522,-17.313114608699586
ndc_medce_gbl,ndc_noce,2050,All-industry GHG emissions,MtCO2e/yr,10215.03986372333,10834.76751537045,-619.7276516471193,-5.7198057158860065
ndc_medce_gbl,ndc_noce,2050,Other-industry GHG emissions,MtCO2e/yr,7103.419304552066,7071.6307803899335,31.78852416213249,0.4495218309514125
ndc_medce_gbl,ndc_noce,2050,Annualised system cost,billion USD_2010/yr,26137.587341919967,26582.4311342895,-444.84379236953464,-1.6734503707439945
ndc_medce_gbl,ndc_noce,2050,EU carbon-price index,USD_2010/tCO2e,363.4564241863639,439.66313619344663,-76.20671200708273,-17.33297739420952
ndc_highce_gbl,ndc_noce,2050,Cement production: Cement,Mt/yr,2947.217955463377,3660.1359678777544,-712.9180124143772,-19.477910620564906
ndc_highce_gbl,ndc_noce,2050,Cement production: Clinker,Mt/yr,1884.203014792611,2599.115854230405,-714.9128394377942,-27.506001253240747
ndc_highce_gbl,ndc_noce,2050,Cement final energy,EJ/yr,7.514852380045294,10.179741647355929,-2.6648892673106346,-26.178358544126795
ndc_highce_gbl,ndc_noce,2050,Iron and steel production: Total,Mt/yr,2095.1975670819306,2186.9297730849707,-91.73220600304012,-4.1945656935128275
ndc_highce_gbl,ndc_noce,2050,Iron and steel production: Primary,Mt/yr,781.125238259651,1399.6350714434163,-618.5098331837653,-44.19079271469728
ndc_highce_gbl,ndc_noce,2050,Iron and steel production: Secondary,Mt/yr,1314.0723288222796,787.2947016415544,526.7776271807252,66.90984025198745
ndc_highce_gbl,ndc_noce,2050,Iron and steel final energy,EJ/yr,13.166856633665272,20.610274696201515,-7.443418062536242,-36.11508421044029
ndc_highce_gbl,ndc_noce,2050,Aluminium production: Total,Mt/yr,114.6589936931592,133.0141126535924,-18.355118960433202,-13.79937706928534
ndc_highce_gbl,ndc_noce,2050,Aluminium production: Primary,Mt/yr,42.089621022059724,68.45860254240496,-26.368981520345237,-38.51814168133455
ndc_highce_gbl,ndc_noce,2050,Aluminium production: Secondary,Mt/yr,72.56937267109947,64.55551011118743,8.013862559912042,12.413909434081358
ndc_highce_gbl,ndc_noce,2050,Aluminium final energy,EJ/yr,3.318154487656807,5.1888336658195175,-1.8706791781627103,-36.052016669670174
ndc_highce_gbl,ndc_noce,2050,Three-sector GHG emissions,MtCO2e/yr,2591.43991519135,3763.136734980516,-1171.696819789166,-31.136174481718175
ndc_highce_gbl,ndc_noce,2050,All-industry GHG emissions,MtCO2e/yr,9733.585446904439,10834.76751537045,-1101.1820684660106,-10.163412061254185
ndc_highce_gbl,ndc_noce,2050,Other-industry GHG emissions,MtCO2e/yr,7142.145531713089,7071.6307803899335,70.5147513231559,0.9971497878353272
ndc_highce_gbl,ndc_noce,2050,Annualised system cost,billion USD_2010/yr,25901.32107542405,26582.4311342895,-681.1100588654517,-2.56225645963159
ndc_highce_gbl,ndc_noce,2050,EU carbon-price index,USD_2010/tCO2e,346.05183038255905,439.66313619344663,-93.61130581088759,-21.291597612973334
