Scenario,ClimatePathway,CE,Policy,Panel,PanelKind,Scope,Sector,Series,Year,Metric,Value,Unit,Role,SourceVariables,SourceCoefficients,SourceRegions,ScenarioValue,ReferenceValue,ReferenceScenario,ReferenceYear
ndc_noce,NDC,No CE,noce,a,trajectory,Global,Three sectors,Three sectors,2019,GHG emissions,5494.987454113852,MtCO2e/yr,plotted,"[""Emissions|GHG|Industry|Non-Metallic Minerals|Cement"", ""Emissions|GHG|Industry|Iron and Steel"", ""Emissions|GHG|Industry|Non-Ferrous Metals|Aluminum""]","[1, 1, 1]","[""AFE"", ""AFN"", ""AFW"", ""AFZ"", ""ANZ"", ""ASC"", ""ASE"", ""ASO"", ""BRA"", ""CAN"", ""CHL"", ""CHN"", ""ENE"", ""ENW"", ""EUE"", ""EUM"", ""EUW"", ""IDN"", ""IND"", ""JPN"", ""LAM"", ""MDA"", ""MEA"", ""MEX"", ""NIG"", ""RUS"", ""SKT"", ""USA""]",5494.987454113852,,,
ndc_noce,NDC,No CE,noce,a,trajectory,Global,Three sectors,Three sectors,2024,GHG emissions,5249.263336500017,MtCO2e/yr,plotted,"[""Emissions|GHG|Industry|Non-Metallic Minerals|Cement"", ""Emissions|GHG|Industry|Iron and Steel"", ""Emissions|GHG|Industry|Non-Ferrous Metals|Aluminum""]","[1, 1, 1]","[""AFE"", ""AFN"", ""AFW"", ""AFZ"", ""ANZ"", ""ASC"", ""ASE"", ""ASO"", ""BRA"", ""CAN"", ""CHL"", ""CHN"", ""ENE"", ""ENW"", ""EUE"", ""EUM"", ""EUW"", ""IDN"", ""IND"", ""JPN"", ""LAM"", ""MDA"", ""MEA"", ""MEX"", ""NIG"", ""RUS"", ""SKT"", ""USA""]",5249.263336500017,,,
ndc_noce,NDC,No CE,noce,a,trajectory,Global,Three sectors,Three sectors,2030,GHG emissions,4562.335724756673,MtCO2e/yr,plotted,"[""Emissions|GHG|Industry|Non-Metallic Minerals|Cement"", ""Emissions|GHG|Industry|Iron and Steel"", ""Emissions|GHG|Industry|Non-Ferrous Metals|Aluminum""]","[1, 1, 1]","[""AFE"", ""AFN"", ""AFW"", ""AFZ"", ""ANZ"", ""ASC"", ""ASE"", ""ASO"", ""BRA"", ""CAN"", ""CHL"", ""CHN"", ""ENE"", ""ENW"", ""EUE"", ""EUM"", ""EUW"", ""IDN"", ""IND"", ""JPN"", ""LAM"", ""MDA"", ""MEA"", ""MEX"", ""NIG"", ""RUS"", ""SKT"", ""USA""]",4562.335724756673,,,
ndc_noce,NDC,No CE,noce,a,trajectory,Global,Three sectors,Three sectors,2035,GHG emissions,4083.993990806989,MtCO2e/yr,plotted,"[""Emissions|GHG|Industry|Non-Metallic Minerals|Cement"", ""Emissions|GHG|Industry|Iron and Steel"", ""Emissions|GHG|Industry|Non-Ferrous Metals|Aluminum""]","[1, 1, 1]","[""AFE"", ""AFN"", ""AFW"", ""AFZ"", ""ANZ"", ""ASC"", ""ASE"", ""ASO"", ""BRA"", ""CAN"", ""CHL"", ""CHN"", ""ENE"", ""ENW"", ""EUE"", ""EUM"", ""EUW"", ""IDN"", ""IND"", ""JPN"", ""LAM"", ""MDA"", ""MEA"", ""MEX"", ""NIG"", ""RUS"", ""SKT"", ""USA""]",4083.993990806989,,,
ndc_noce,NDC,No CE,noce,a,trajectory,Global,Three sectors,Three sectors,2040,GHG emissions,3972.5267539941024,MtCO2e/yr,plotted,"[""Emissions|GHG|Industry|Non-Metallic Minerals|Cement"", ""Emissions|GHG|Industry|Iron and Steel"", ""Emissions|GHG|Industry|Non-Ferrous Metals|Aluminum""]","[1, 1, 1]","[""AFE"", ""AFN"", ""AFW"", ""AFZ"", ""ANZ"", ""ASC"", ""ASE"", ""ASO"", ""BRA"", ""CAN"", ""CHL"", ""CHN"", ""ENE"", ""ENW"", ""EUE"", ""EUM"", ""EUW"", ""IDN"", ""IND"", ""JPN"", ""LAM"", ""MDA"", ""MEA"", ""MEX"", ""NIG"", ""RUS"", ""SKT"", ""USA""]",3972.5267539941024,,,
ndc_noce,NDC,No CE,noce,a,trajectory,Global,Three sectors,Three sectors,2050,GHG emissions,3763.136734980516,MtCO2e/yr,plotted,"[""Emissions|GHG|Industry|Non-Metallic Minerals|Cement"", ""Emissions|GHG|Industry|Iron and Steel"", ""Emissions|GHG|Industry|Non-Ferrous Metals|Aluminum""]","[1, 1, 1]","[""AFE"", ""AFN"", ""AFW"", ""AFZ"", ""ANZ"", ""ASC"", ""ASE"", ""ASO"", ""BRA"", ""CAN"", ""CHL"", ""CHN"", ""ENE"", ""ENW"", ""EUE"", ""EUM"", ""EUW"", ""IDN"", ""IND"", ""JPN"", ""LAM"", ""MDA"", ""MEA"", ""MEX"", ""NIG"", ""RUS"", ""SKT"", ""USA""]",3763.136734980516,,,
ndc_medce_eu,NDC,"Medium CE, EU",medce_eu,a,trajectory,Global,Three sectors,Three sectors,2019,GHG emissions,5494.987454113852,MtCO2e/yr,plotted,"[""Emissions|GHG|Industry|Non-Metallic Minerals|Cement"", ""Emissions|GHG|Industry|Iron and Steel"", ""Emissions|GHG|Industry|Non-Ferrous Metals|Aluminum""]","[1, 1, 1]","[""AFE"", ""AFN"", ""AFW"", ""AFZ"", ""ANZ"", ""ASC"", ""ASE"", ""ASO"", ""BRA"", ""CAN"", ""CHL"", ""CHN"", ""ENE"", ""ENW"", ""EUE"", ""EUM"", ""EUW"", ""IDN"", ""IND"", ""JPN"", ""LAM"", ""MDA"", ""MEA"", ""MEX"", ""NIG"", ""RUS"", ""SKT"", ""USA""]",5494.987454113852,,,
ndc_medce_eu,NDC,"Medium CE, EU",medce_eu,a,trajectory,Global,Three sectors,Three sectors,2024,GHG emissions,5249.263336500017,MtCO2e/yr,plotted,"[""Emissions|GHG|Industry|Non-Metallic Minerals|Cement"", ""Emissions|GHG|Industry|Iron and Steel"", ""Emissions|GHG|Industry|Non-Ferrous Metals|Aluminum""]","[1, 1, 1]","[""AFE"", ""AFN"", ""AFW"", ""AFZ"", ""ANZ"", ""ASC"", ""ASE"", ""ASO"", ""BRA"", ""CAN"", ""CHL"", ""CHN"", ""ENE"", ""ENW"", ""EUE"", ""EUM"", ""EUW"", ""IDN"", ""IND"", ""JPN"", ""LAM"", ""MDA"", ""MEA"", ""MEX"", ""NIG"", ""RUS"", ""SKT"", ""USA""]",5249.263336500017,,,
ndc_medce_eu,NDC,"Medium CE, EU",medce_eu,a,trajectory,Global,Three sectors,Three sectors,2030,GHG emissions,4495.381107794648,MtCO2e/yr,plotted,"[""Emissions|GHG|Industry|Non-Metallic Minerals|Cement"", ""Emissions|GHG|Industry|Iron and Steel"", ""Emissions|GHG|Industry|Non-Ferrous Metals|Aluminum""]","[1, 1, 1]","[""AFE"", ""AFN"", ""AFW"", ""AFZ"", ""ANZ"", ""ASC"", ""ASE"", ""ASO"", ""BRA"", ""CAN"", ""CHL"", ""CHN"", ""ENE"", ""ENW"", ""EUE"", ""EUM"", ""EUW"", ""IDN"", ""IND"", ""JPN"", ""LAM"", ""MDA"", ""MEA"", ""MEX"", ""NIG"", ""RUS"", ""SKT"", ""USA""]",4495.381107794648,,,
ndc_medce_eu,NDC,"Medium CE, EU",medce_eu,a,trajectory,Global,Three sectors,Three sectors,2035,GHG emissions,4012.548194486156,MtCO2e/yr,plotted,"[""Emissions|GHG|Industry|Non-Metallic Minerals|Cement"", ""Emissions|GHG|Industry|Iron and Steel"", ""Emissions|GHG|Industry|Non-Ferrous Metals|Aluminum""]","[1, 1, 1]","[""AFE"", ""AFN"", ""AFW"", ""AFZ"", ""ANZ"", ""ASC"", ""ASE"", ""ASO"", ""BRA"", ""CAN"", ""CHL"", ""CHN"", ""ENE"", ""ENW"", ""EUE"", ""EUM"", ""EUW"", ""IDN"", ""IND"", ""JPN"", ""LAM"", ""MDA"", ""MEA"", ""MEX"", ""NIG"", ""RUS"", ""SKT"", ""USA""]",4012.548194486156,,,
ndc_medce_eu,NDC,"Medium CE, EU",medce_eu,a,trajectory,Global,Three sectors,Three sectors,2040,GHG emissions,3894.8066683996794,MtCO2e/yr,plotted,"[""Emissions|GHG|Industry|Non-Metallic Minerals|Cement"", ""Emissions|GHG|Industry|Iron and Steel"", ""Emissions|GHG|Industry|Non-Ferrous Metals|Aluminum""]","[1, 1, 1]","[""AFE"", ""AFN"", ""AFW"", ""AFZ"", ""ANZ"", ""ASC"", ""ASE"", ""ASO"", ""BRA"", ""CAN"", ""CHL"", ""CHN"", ""ENE"", ""ENW"", ""EUE"", ""EUM"", ""EUW"", ""IDN"", ""IND"", ""JPN"", ""LAM"", ""MDA"", ""MEA"", ""MEX"", ""NIG"", ""RUS"", ""SKT"", ""USA""]",3894.8066683996794,,,
ndc_medce_eu,NDC,"Medium CE, EU",medce_eu,a,trajectory,Global,Three sectors,Three sectors,2050,GHG emissions,3731.086850955089,MtCO2e/yr,plotted,"[""Emissions|GHG|Industry|Non-Metallic Minerals|Cement"", ""Emissions|GHG|Industry|Iron and Steel"", ""Emissions|GHG|Industry|Non-Ferrous Metals|Aluminum""]","[1, 1, 1]","[""AFE"", ""AFN"", ""AFW"", ""AFZ"", ""ANZ"", ""ASC"", ""ASE"", ""ASO"", ""BRA"", ""CAN"", ""CHL"", ""CHN"", ""ENE"", ""ENW"", ""EUE"", ""EUM"", ""EUW"", ""IDN"", ""IND"", ""JPN"", ""LAM"", ""MDA"", ""MEA"", ""MEX"", ""NIG"", ""RUS"", ""SKT"", ""USA""]",3731.086850955089,,,
ndc_highce_eu,NDC,"High CE, EU",highce_eu,a,trajectory,Global,Three sectors,Three sectors,2019,GHG emissions,5494.987454113852,MtCO2e/yr,plotted,"[""Emissions|GHG|Industry|Non-Metallic Minerals|Cement"", ""Emissions|GHG|Industry|Iron and Steel"", ""Emissions|GHG|Industry|Non-Ferrous Metals|Aluminum""]","[1, 1, 1]","[""AFE"", ""AFN"", ""AFW"", ""AFZ"", ""ANZ"", ""ASC"", ""ASE"", ""ASO"", ""BRA"", ""CAN"", ""CHL"", ""CHN"", ""ENE"", ""ENW"", ""EUE"", ""EUM"", ""EUW"", ""IDN"", ""IND"", ""JPN"", ""LAM"", ""MDA"", ""MEA"", ""MEX"", ""NIG"", ""RUS"", ""SKT"", ""USA""]",5494.987454113852,,,
ndc_highce_eu,NDC,"High CE, EU",highce_eu,a,trajectory,Global,Three sectors,Three sectors,2024,GHG emissions,5249.263336500017,MtCO2e/yr,plotted,"[""Emissions|GHG|Industry|Non-Metallic Minerals|Cement"", ""Emissions|GHG|Industry|Iron and Steel"", ""Emissions|GHG|Industry|Non-Ferrous Metals|Aluminum""]","[1, 1, 1]","[""AFE"", ""AFN"", ""AFW"", ""AFZ"", ""ANZ"", ""ASC"", ""ASE"", ""ASO"", ""BRA"", ""CAN"", ""CHL"", ""CHN"", ""ENE"", ""ENW"", ""EUE"", ""EUM"", ""EUW"", ""IDN"", ""IND"", ""JPN"", ""LAM"", ""MDA"", ""MEA"", ""MEX"", ""NIG"", ""RUS"", ""SKT"", ""USA""]",5249.263336500017,,,
ndc_highce_eu,NDC,"High CE, EU",highce_eu,a,trajectory,Global,Three sectors,Three sectors,2030,GHG emissions,4478.66849958107,MtCO2e/yr,plotted,"[""Emissions|GHG|Industry|Non-Metallic Minerals|Cement"", ""Emissions|GHG|Industry|Iron and Steel"", ""Emissions|GHG|Industry|Non-Ferrous Metals|Aluminum""]","[1, 1, 1]","[""AFE"", ""AFN"", ""AFW"", ""AFZ"", ""ANZ"", ""ASC"", ""ASE"", ""ASO"", ""BRA"", ""CAN"", ""CHL"", ""CHN"", ""ENE"", ""ENW"", ""EUE"", ""EUM"", ""EUW"", ""IDN"", ""IND"", ""JPN"", ""LAM"", ""MDA"", ""MEA"", ""MEX"", ""NIG"", ""RUS"", ""SKT"", ""USA""]",4478.66849958107,,,
ndc_highce_eu,NDC,"High CE, EU",highce_eu,a,trajectory,Global,Three sectors,Three sectors,2035,GHG emissions,3998.083517487633,MtCO2e/yr,plotted,"[""Emissions|GHG|Industry|Non-Metallic Minerals|Cement"", ""Emissions|GHG|Industry|Iron and Steel"", ""Emissions|GHG|Industry|Non-Ferrous Metals|Aluminum""]","[1, 1, 1]","[""AFE"", ""AFN"", ""AFW"", ""AFZ"", ""ANZ"", ""ASC"", ""ASE"", ""ASO"", ""BRA"", ""CAN"", ""CHL"", ""CHN"", ""ENE"", ""ENW"", ""EUE"", ""EUM"", ""EUW"", ""IDN"", ""IND"", ""JPN"", ""LAM"", ""MDA"", ""MEA"", ""MEX"", ""NIG"", ""RUS"", ""SKT"", ""USA""]",3998.083517487633,,,
ndc_highce_eu,NDC,"High CE, EU",highce_eu,a,trajectory,Global,Three sectors,Three sectors,2040,GHG emissions,3890.268509197988,MtCO2e/yr,plotted,"[""Emissions|GHG|Industry|Non-Metallic Minerals|Cement"", ""Emissions|GHG|Industry|Iron and Steel"", ""Emissions|GHG|Industry|Non-Ferrous Metals|Aluminum""]","[1, 1, 1]","[""AFE"", ""AFN"", ""AFW"", ""AFZ"", ""ANZ"", ""ASC"", ""ASE"", ""ASO"", ""BRA"", ""CAN"", ""CHL"", ""CHN"", ""ENE"", ""ENW"", ""EUE"", ""EUM"", ""EUW"", ""IDN"", ""IND"", ""JPN"", ""LAM"", ""MDA"", ""MEA"", ""MEX"", ""NIG"", ""RUS"", ""SKT"", ""USA""]",3890.268509197988,,,
ndc_highce_eu,NDC,"High CE, EU",highce_eu,a,trajectory,Global,Three sectors,Three sectors,2050,GHG emissions,3723.889474420699,MtCO2e/yr,plotted,"[""Emissions|GHG|Industry|Non-Metallic Minerals|Cement"", ""Emissions|GHG|Industry|Iron and Steel"", ""Emissions|GHG|Industry|Non-Ferrous Metals|Aluminum""]","[1, 1, 1]","[""AFE"", ""AFN"", ""AFW"", ""AFZ"", ""ANZ"", ""ASC"", ""ASE"", ""ASO"", ""BRA"", ""CAN"", ""CHL"", ""CHN"", ""ENE"", ""ENW"", ""EUE"", ""EUM"", ""EUW"", ""IDN"", ""IND"", ""JPN"", ""LAM"", ""MDA"", ""MEA"", ""MEX"", ""NIG"", ""RUS"", ""SKT"", ""USA""]",3723.889474420699,,,
ndc_medce_gbl,NDC,"Medium CE, EU + partners",medce_gbl,a,trajectory,Global,Three sectors,Three sectors,2019,GHG emissions,5494.987454113852,MtCO2e/yr,plotted,"[""Emissions|GHG|Industry|Non-Metallic Minerals|Cement"", ""Emissions|GHG|Industry|Iron and Steel"", ""Emissions|GHG|Industry|Non-Ferrous Metals|Aluminum""]","[1, 1, 1]","[""AFE"", ""AFN"", ""AFW"", ""AFZ"", ""ANZ"", ""ASC"", ""ASE"", ""ASO"", ""BRA"", ""CAN"", ""CHL"", ""CHN"", ""ENE"", ""ENW"", ""EUE"", ""EUM"", ""EUW"", ""IDN"", ""IND"", ""JPN"", ""LAM"", ""MDA"", ""MEA"", ""MEX"", ""NIG"", ""RUS"", ""SKT"", ""USA""]",5494.987454113852,,,
ndc_medce_gbl,NDC,"Medium CE, EU + partners",medce_gbl,a,trajectory,Global,Three sectors,Three sectors,2024,GHG emissions,5249.263336500017,MtCO2e/yr,plotted,"[""Emissions|GHG|Industry|Non-Metallic Minerals|Cement"", ""Emissions|GHG|Industry|Iron and Steel"", ""Emissions|GHG|Industry|Non-Ferrous Metals|Aluminum""]","[1, 1, 1]","[""AFE"", ""AFN"", ""AFW"", ""AFZ"", ""ANZ"", ""ASC"", ""ASE"", ""ASO"", ""BRA"", ""CAN"", ""CHL"", ""CHN"", ""ENE"", ""ENW"", ""EUE"", ""EUM"", ""EUW"", ""IDN"", ""IND"", ""JPN"", ""LAM"", ""MDA"", ""MEA"", ""MEX"", ""NIG"", ""RUS"", ""SKT"", ""USA""]",5249.263336500017,,,
ndc_medce_gbl,NDC,"Medium CE, EU + partners",medce_gbl,a,trajectory,Global,Three sectors,Three sectors,2030,GHG emissions,4017.1754945418224,MtCO2e/yr,plotted,"[""Emissions|GHG|Industry|Non-Metallic Minerals|Cement"", ""Emissions|GHG|Industry|Iron and Steel"", ""Emissions|GHG|Industry|Non-Ferrous Metals|Aluminum""]","[1, 1, 1]","[""AFE"", ""AFN"", ""AFW"", ""AFZ"", ""ANZ"", ""ASC"", ""ASE"", ""ASO"", ""BRA"", ""CAN"", ""CHL"", ""CHN"", ""ENE"", ""ENW"", ""EUE"", ""EUM"", ""EUW"", ""IDN"", ""IND"", ""JPN"", ""LAM"", ""MDA"", ""MEA"", ""MEX"", ""NIG"", ""RUS"", ""SKT"", ""USA""]",4017.1754945418224,,,
ndc_medce_gbl,NDC,"Medium CE, EU + partners",medce_gbl,a,trajectory,Global,Three sectors,Three sectors,2035,GHG emissions,3584.8403910376633,MtCO2e/yr,plotted,"[""Emissions|GHG|Industry|Non-Metallic Minerals|Cement"", ""Emissions|GHG|Industry|Iron and Steel"", ""Emissions|GHG|Industry|Non-Ferrous Metals|Aluminum""]","[1, 1, 1]","[""AFE"", ""AFN"", ""AFW"", ""AFZ"", ""ANZ"", ""ASC"", ""ASE"", ""ASO"", ""BRA"", ""CAN"", ""CHL"", ""CHN"", ""ENE"", ""ENW"", ""EUE"", ""EUM"", ""EUW"", ""IDN"", ""IND"", ""JPN"", ""LAM"", ""MDA"", ""MEA"", ""MEX"", ""NIG"", ""RUS"", ""SKT"", ""USA""]",3584.8403910376633,,,
ndc_medce_gbl,NDC,"Medium CE, EU + partners",medce_gbl,a,trajectory,Global,Three sectors,Three sectors,2040,GHG emissions,3432.8385235974247,MtCO2e/yr,plotted,"[""Emissions|GHG|Industry|Non-Metallic Minerals|Cement"", ""Emissions|GHG|Industry|Iron and Steel"", ""Emissions|GHG|Industry|Non-Ferrous Metals|Aluminum""]","[1, 1, 1]","[""AFE"", ""AFN"", ""AFW"", ""AFZ"", ""ANZ"", ""ASC"", ""ASE"", ""ASO"", ""BRA"", ""CAN"", ""CHL"", ""CHN"", ""ENE"", ""ENW"", ""EUE"", ""EUM"", ""EUW"", ""IDN"", ""IND"", ""JPN"", ""LAM"", ""MDA"", ""MEA"", ""MEX"", ""NIG"", ""RUS"", ""SKT"", ""USA""]",3432.8385235974247,,,
ndc_medce_gbl,NDC,"Medium CE, EU + partners",medce_gbl,a,trajectory,Global,Three sectors,Three sectors,2050,GHG emissions,3111.6205591712637,MtCO2e/yr,plotted,"[""Emissions|GHG|Industry|Non-Metallic Minerals|Cement"", ""Emissions|GHG|Industry|Iron and Steel"", ""Emissions|GHG|Industry|Non-Ferrous Metals|Aluminum""]","[1, 1, 1]","[""AFE"", ""AFN"", ""AFW"", ""AFZ"", ""ANZ"", ""ASC"", ""ASE"", ""ASO"", ""BRA"", ""CAN"", ""CHL"", ""CHN"", ""ENE"", ""ENW"", ""EUE"", ""EUM"", ""EUW"", ""IDN"", ""IND"", ""JPN"", ""LAM"", ""MDA"", ""MEA"", ""MEX"", ""NIG"", ""RUS"", ""SKT"", ""USA""]",3111.6205591712637,,,
ndc_highce_gbl,NDC,"High CE, EU + partners",highce_gbl,a,trajectory,Global,Three sectors,Three sectors,2019,GHG emissions,5494.987454113852,MtCO2e/yr,plotted,"[""Emissions|GHG|Industry|Non-Metallic Minerals|Cement"", ""Emissions|GHG|Industry|Iron and Steel"", ""Emissions|GHG|Industry|Non-Ferrous Metals|Aluminum""]","[1, 1, 1]","[""AFE"", ""AFN"", ""AFW"", ""AFZ"", ""ANZ"", ""ASC"", ""ASE"", ""ASO"", ""BRA"", ""CAN"", ""CHL"", ""CHN"", ""ENE"", ""ENW"", ""EUE"", ""EUM"", ""EUW"", ""IDN"", ""IND"", ""JPN"", ""LAM"", ""MDA"", ""MEA"", ""MEX"", ""NIG"", ""RUS"", ""SKT"", ""USA""]",5494.987454113852,,,
ndc_highce_gbl,NDC,"High CE, EU + partners",highce_gbl,a,trajectory,Global,Three sectors,Three sectors,2024,GHG emissions,5249.263336500017,MtCO2e/yr,plotted,"[""Emissions|GHG|Industry|Non-Metallic Minerals|Cement"", ""Emissions|GHG|Industry|Iron and Steel"", ""Emissions|GHG|Industry|Non-Ferrous Metals|Aluminum""]","[1, 1, 1]","[""AFE"", ""AFN"", ""AFW"", ""AFZ"", ""ANZ"", ""ASC"", ""ASE"", ""ASO"", ""BRA"", ""CAN"", ""CHL"", ""CHN"", ""ENE"", ""ENW"", ""EUE"", ""EUM"", ""EUW"", ""IDN"", ""IND"", ""JPN"", ""LAM"", ""MDA"", ""MEA"", ""MEX"", ""NIG"", ""RUS"", ""SKT"", ""USA""]",5249.263336500017,,,
ndc_highce_gbl,NDC,"High CE, EU + partners",highce_gbl,a,trajectory,Global,Three sectors,Three sectors,2030,GHG emissions,3688.012033642236,MtCO2e/yr,plotted,"[""Emissions|GHG|Industry|Non-Metallic Minerals|Cement"", ""Emissions|GHG|Industry|Iron and Steel"", ""Emissions|GHG|Industry|Non-Ferrous Metals|Aluminum""]","[1, 1, 1]","[""AFE"", ""AFN"", ""AFW"", ""AFZ"", ""ANZ"", ""ASC"", ""ASE"", ""ASO"", ""BRA"", ""CAN"", ""CHL"", ""CHN"", ""ENE"", ""ENW"", ""EUE"", ""EUM"", ""EUW"", ""IDN"", ""IND"", ""JPN"", ""LAM"", ""MDA"", ""MEA"", ""MEX"", ""NIG"", ""RUS"", ""SKT"", ""USA""]",3688.012033642236,,,
ndc_highce_gbl,NDC,"High CE, EU + partners",highce_gbl,a,trajectory,Global,Three sectors,Three sectors,2035,GHG emissions,3250.783351993523,MtCO2e/yr,plotted,"[""Emissions|GHG|Industry|Non-Metallic Minerals|Cement"", ""Emissions|GHG|Industry|Iron and Steel"", ""Emissions|GHG|Industry|Non-Ferrous Metals|Aluminum""]","[1, 1, 1]","[""AFE"", ""AFN"", ""AFW"", ""AFZ"", ""ANZ"", ""ASC"", ""ASE"", ""ASO"", ""BRA"", ""CAN"", ""CHL"", ""CHN"", ""ENE"", ""ENW"", ""EUE"", ""EUM"", ""EUW"", ""IDN"", ""IND"", ""JPN"", ""LAM"", ""MDA"", ""MEA"", ""MEX"", ""NIG"", ""RUS"", ""SKT"", ""USA""]",3250.783351993523,,,
ndc_highce_gbl,NDC,"High CE, EU + partners",highce_gbl,a,trajectory,Global,Three sectors,Three sectors,2040,GHG emissions,3080.022488192454,MtCO2e/yr,plotted,"[""Emissions|GHG|Industry|Non-Metallic Minerals|Cement"", ""Emissions|GHG|Industry|Iron and Steel"", ""Emissions|GHG|Industry|Non-Ferrous Metals|Aluminum""]","[1, 1, 1]","[""AFE"", ""AFN"", ""AFW"", ""AFZ"", ""ANZ"", ""ASC"", ""ASE"", ""ASO"", ""BRA"", ""CAN"", ""CHL"", ""CHN"", ""ENE"", ""ENW"", ""EUE"", ""EUM"", ""EUW"", ""IDN"", ""IND"", ""JPN"", ""LAM"", ""MDA"", ""MEA"", ""MEX"", ""NIG"", ""RUS"", ""SKT"", ""USA""]",3080.022488192454,,,
ndc_highce_gbl,NDC,"High CE, EU + partners",highce_gbl,a,trajectory,Global,Three sectors,Three sectors,2050,GHG emissions,2591.43991519135,MtCO2e/yr,plotted,"[""Emissions|GHG|Industry|Non-Metallic Minerals|Cement"", ""Emissions|GHG|Industry|Iron and Steel"", ""Emissions|GHG|Industry|Non-Ferrous Metals|Aluminum""]","[1, 1, 1]","[""AFE"", ""AFN"", ""AFW"", ""AFZ"", ""ANZ"", ""ASC"", ""ASE"", ""ASO"", ""BRA"", ""CAN"", ""CHL"", ""CHN"", ""ENE"", ""ENW"", ""EUE"", ""EUM"", ""EUW"", ""IDN"", ""IND"", ""JPN"", ""LAM"", ""MDA"", ""MEA"", ""MEX"", ""NIG"", ""RUS"", ""SKT"", ""USA""]",2591.43991519135,,,
ndc_medce_eu,NDC,"Medium CE, EU",medce_eu,c,industry,Global,Cement,Cement,2050,GHG emissions change,-23.548168254601478,MtCO2e/yr,plotted,"[""Emissions|GHG|Industry|Non-Metallic Minerals|Cement""]",[1],"[""AFE"", ""AFN"", ""AFW"", ""AFZ"", ""ANZ"", ""ASC"", ""ASE"", ""ASO"", ""BRA"", ""CAN"", ""CHL"", ""CHN"", ""ENE"", ""ENW"", ""EUE"", ""EUM"", ""EUW"", ""IDN"", ""IND"", ""JPN"", ""LAM"", ""MDA"", ""MEA"", ""MEX"", ""NIG"", ""RUS"", ""SKT"", ""USA""]",1783.129348025203,1806.6775162798044,ndc_noce,2050.0
ndc_medce_eu,NDC,"Medium CE, EU",medce_eu,c,industry,Global,Iron and steel,Iron and steel,2050,GHG emissions change,-11.29084677178048,MtCO2e/yr,plotted,"[""Emissions|GHG|Industry|Iron and Steel""]",[1],"[""AFE"", ""AFN"", ""AFW"", ""AFZ"", ""ANZ"", ""ASC"", ""ASE"", ""ASO"", ""BRA"", ""CAN"", ""CHL"", ""CHN"", ""ENE"", ""ENW"", ""EUE"", ""EUM"", ""EUW"", ""IDN"", ""IND"", ""JPN"", ""LAM"", ""MDA"", ""MEA"", ""MEX"", ""NIG"", ""RUS"", ""SKT"", ""USA""]",1865.0829296806437,1876.3737764524242,ndc_noce,2050.0
ndc_medce_eu,NDC,"Medium CE, EU",medce_eu,c,industry,Global,Aluminium,Aluminium,2050,GHG emissions change,2.789131000955095,MtCO2e/yr,plotted,"[""Emissions|GHG|Industry|Non-Ferrous Metals|Aluminum""]",[1],"[""AFE"", ""AFN"", ""AFW"", ""AFZ"", ""ANZ"", ""ASC"", ""ASE"", ""ASO"", ""BRA"", ""CAN"", ""CHL"", ""CHN"", ""ENE"", ""ENW"", ""EUE"", ""EUM"", ""EUW"", ""IDN"", ""IND"", ""JPN"", ""LAM"", ""MDA"", ""MEA"", ""MEX"", ""NIG"", ""RUS"", ""SKT"", ""USA""]",82.87457324924235,80.08544224828725,ndc_noce,2050.0
ndc_medce_eu,NDC,"Medium CE, EU",medce_eu,c,industry,Global,Other industry,Other industry,2050,GHG emissions change,15.477135140291466,MtCO2e/yr,plotted,"[""Emissions|GHG|Industry"", ""Emissions|GHG|Industry|Non-Metallic Minerals|Cement"", ""Emissions|GHG|Industry|Iron and Steel"", ""Emissions|GHG|Industry|Non-Ferrous Metals|Aluminum""]","[1, -1, -1, -1]","[""AFE"", ""AFN"", ""AFW"", ""AFZ"", ""ANZ"", ""ASC"", ""ASE"", ""ASO"", ""BRA"", ""CAN"", ""CHL"", ""CHN"", ""ENE"", ""ENW"", ""EUE"", ""EUM"", ""EUW"", ""IDN"", ""IND"", ""JPN"", ""LAM"", ""MDA"", ""MEA"", ""MEX"", ""NIG"", ""RUS"", ""SKT"", ""USA""]",7087.107915530225,7071.6307803899335,ndc_noce,2050.0
ndc_medce_eu,NDC,"Medium CE, EU",medce_eu,c,industry,Global,Total industry,Total industry,2050,GHG emissions change,-16.572748885135297,MtCO2e/yr,net,"[""Emissions|GHG|Industry""]",[1],"[""AFE"", ""AFN"", ""AFW"", ""AFZ"", ""ANZ"", ""ASC"", ""ASE"", ""ASO"", ""BRA"", ""CAN"", ""CHL"", ""CHN"", ""ENE"", ""ENW"", ""EUE"", ""EUM"", ""EUW"", ""IDN"", ""IND"", ""JPN"", ""LAM"", ""MDA"", ""MEA"", ""MEX"", ""NIG"", ""RUS"", ""SKT"", ""USA""]",10818.194766485314,10834.76751537045,ndc_noce,2050.0
ndc_medce_eu,NDC,"Medium CE, EU",medce_eu,e,geography,EU,Three sectors,EU,2050,GHG emissions change,-20.298665776200323,MtCO2e/yr,plotted,"[""Emissions|GHG|Industry|Non-Metallic Minerals|Cement"", ""Emissions|GHG|Industry|Iron and Steel"", ""Emissions|GHG|Industry|Non-Ferrous Metals|Aluminum""]","[1, 1, 1]","[""EUE"", ""EUM"", ""EUW""]",50.38783632590014,70.68650210210046,ndc_noce,2050.0
ndc_medce_eu,NDC,"Medium CE, EU",medce_eu,e,geography,India,Three sectors,India,2050,GHG emissions change,0.006852474541119591,MtCO2e/yr,plotted,"[""Emissions|GHG|Industry|Non-Metallic Minerals|Cement"", ""Emissions|GHG|Industry|Iron and Steel"", ""Emissions|GHG|Industry|Non-Ferrous Metals|Aluminum""]","[1, 1, 1]","[""IND""]",897.6413981547541,897.634545680213,ndc_noce,2050.0
ndc_medce_eu,NDC,"Medium CE, EU",medce_eu,e,geography,China,Three sectors,China,2050,GHG emissions change,-12.019139511496405,MtCO2e/yr,plotted,"[""Emissions|GHG|Industry|Non-Metallic Minerals|Cement"", ""Emissions|GHG|Industry|Iron and Steel"", ""Emissions|GHG|Industry|Non-Ferrous Metals|Aluminum""]","[1, 1, 1]","[""CHN""]",1505.1319870365899,1517.1511265480863,ndc_noce,2050.0
ndc_medce_eu,NDC,"Medium CE, EU",medce_eu,e,geography,Indonesia group,Three sectors,Indonesia group,2050,GHG emissions change,0.9012563841904182,MtCO2e/yr,plotted,"[""Emissions|GHG|Industry|Non-Metallic Minerals|Cement"", ""Emissions|GHG|Industry|Iron and Steel"", ""Emissions|GHG|Industry|Non-Ferrous Metals|Aluminum""]","[1, 1, 1]","[""IDN""]",239.07836587752672,238.1771094933363,ndc_noce,2050.0
ndc_medce_eu,NDC,"Medium CE, EU",medce_eu,e,geography,Other partners,Three sectors,Other partners,2050,GHG emissions change,0.013180000372301492,MtCO2e/yr,plotted,"[""Emissions|GHG|Industry|Non-Metallic Minerals|Cement"", ""Emissions|GHG|Industry|Iron and Steel"", ""Emissions|GHG|Industry|Non-Ferrous Metals|Aluminum""]","[1, 1, 1]","[""ANZ"", ""BRA"", ""CAN"", ""CHL"", ""ENE"", ""ENW"", ""JPN"", ""MEX"", ""RUS"", ""SKT"", ""USA""]",257.090923390583,257.0777433902107,ndc_noce,2050.0
ndc_medce_eu,NDC,"Medium CE, EU",medce_eu,e,geography,Rest of world,Three sectors,Rest of world,2050,GHG emissions change,-0.6533675968346415,MtCO2e/yr,plotted,"[""Emissions|GHG|Industry|Non-Metallic Minerals|Cement"", ""Emissions|GHG|Industry|Iron and Steel"", ""Emissions|GHG|Industry|Non-Ferrous Metals|Aluminum""]","[1, 1, 1]","[""AFE"", ""AFN"", ""AFW"", ""AFZ"", ""ASC"", ""ASE"", ""ASO"", ""LAM"", ""MDA"", ""MEA"", ""NIG""]",781.7563401697346,782.4097077665692,ndc_noce,2050.0
ndc_medce_eu,NDC,"Medium CE, EU",medce_eu,e,geography,Global,Three sectors,Global net,2050,GHG emissions change,-32.04988402542676,MtCO2e/yr,net,"[""Emissions|GHG|Industry|Non-Metallic Minerals|Cement"", ""Emissions|GHG|Industry|Iron and Steel"", ""Emissions|GHG|Industry|Non-Ferrous Metals|Aluminum""]","[1, 1, 1]","[""AFE"", ""AFN"", ""AFW"", ""AFZ"", ""ANZ"", ""ASC"", ""ASE"", ""ASO"", ""BRA"", ""CAN"", ""CHL"", ""CHN"", ""ENE"", ""ENW"", ""EUE"", ""EUM"", ""EUW"", ""IDN"", ""IND"", ""JPN"", ""LAM"", ""MDA"", ""MEA"", ""MEX"", ""NIG"", ""RUS"", ""SKT"", ""USA""]",3731.086850955089,3763.136734980516,ndc_noce,2050.0
ndc_highce_eu,NDC,"High CE, EU",highce_eu,c,industry,Global,Cement,Cement,2050,GHG emissions change,-30.576994940509394,MtCO2e/yr,plotted,"[""Emissions|GHG|Industry|Non-Metallic Minerals|Cement""]",[1],"[""AFE"", ""AFN"", ""AFW"", ""AFZ"", ""ANZ"", ""ASC"", ""ASE"", ""ASO"", ""BRA"", ""CAN"", ""CHL"", ""CHN"", ""ENE"", ""ENW"", ""EUE"", ""EUM"", ""EUW"", ""IDN"", ""IND"", ""JPN"", ""LAM"", ""MDA"", ""MEA"", ""MEX"", ""NIG"", ""RUS"", ""SKT"", ""USA""]",1776.100521339295,1806.6775162798044,ndc_noce,2050.0
ndc_highce_eu,NDC,"High CE, EU",highce_eu,c,industry,Global,Iron and steel,Iron and steel,2050,GHG emissions change,-10.539121096823237,MtCO2e/yr,plotted,"[""Emissions|GHG|Industry|Iron and Steel""]",[1],"[""AFE"", ""AFN"", ""AFW"", ""AFZ"", ""ANZ"", ""ASC"", ""ASE"", ""ASO"", ""BRA"", ""CAN"", ""CHL"", ""CHN"", ""ENE"", ""ENW"", ""EUE"", ""EUM"", ""EUW"", ""IDN"", ""IND"", ""JPN"", ""LAM"", ""MDA"", ""MEA"", ""MEX"", ""NIG"", ""RUS"", ""SKT"", ""USA""]",1865.834655355601,1876.3737764524242,ndc_noce,2050.0
ndc_highce_eu,NDC,"High CE, EU",highce_eu,c,industry,Global,Aluminium,Aluminium,2050,GHG emissions change,1.868855477516206,MtCO2e/yr,plotted,"[""Emissions|GHG|Industry|Non-Ferrous Metals|Aluminum""]",[1],"[""AFE"", ""AFN"", ""AFW"", ""AFZ"", ""ANZ"", ""ASC"", ""ASE"", ""ASO"", ""BRA"", ""CAN"", ""CHL"", ""CHN"", ""ENE"", ""ENW"", ""EUE"", ""EUM"", ""EUW"", ""IDN"", ""IND"", ""JPN"", ""LAM"", ""MDA"", ""MEA"", ""MEX"", ""NIG"", ""RUS"", ""SKT"", ""USA""]",81.95429772580346,80.08544224828725,ndc_noce,2050.0
ndc_highce_eu,NDC,"High CE, EU",highce_eu,c,industry,Global,Other industry,Other industry,2050,GHG emissions change,18.606128023987367,MtCO2e/yr,plotted,"[""Emissions|GHG|Industry"", ""Emissions|GHG|Industry|Non-Metallic Minerals|Cement"", ""Emissions|GHG|Industry|Iron and Steel"", ""Emissions|GHG|Industry|Non-Ferrous Metals|Aluminum""]","[1, -1, -1, -1]","[""AFE"", ""AFN"", ""AFW"", ""AFZ"", ""ANZ"", ""ASC"", ""ASE"", ""ASO"", ""BRA"", ""CAN"", ""CHL"", ""CHN"", ""ENE"", ""ENW"", ""EUE"", ""EUM"", ""EUW"", ""IDN"", ""IND"", ""JPN"", ""LAM"", ""MDA"", ""MEA"", ""MEX"", ""NIG"", ""RUS"", ""SKT"", ""USA""]",7090.236908413921,7071.6307803899335,ndc_noce,2050.0
ndc_highce_eu,NDC,"High CE, EU",highce_eu,c,industry,Global,Total industry,Total industry,2050,GHG emissions change,-20.641132535829456,MtCO2e/yr,net,"[""Emissions|GHG|Industry""]",[1],"[""AFE"", ""AFN"", ""AFW"", ""AFZ"", ""ANZ"", ""ASC"", ""ASE"", ""ASO"", ""BRA"", ""CAN"", ""CHL"", ""CHN"", ""ENE"", ""ENW"", ""EUE"", ""EUM"", ""EUW"", ""IDN"", ""IND"", ""JPN"", ""LAM"", ""MDA"", ""MEA"", ""MEX"", ""NIG"", ""RUS"", ""SKT"", ""USA""]",10814.12638283462,10834.76751537045,ndc_noce,2050.0
ndc_highce_eu,NDC,"High CE, EU",highce_eu,e,geography,EU,Three sectors,EU,2050,GHG emissions change,-27.072595114832716,MtCO2e/yr,plotted,"[""Emissions|GHG|Industry|Non-Metallic Minerals|Cement"", ""Emissions|GHG|Industry|Iron and Steel"", ""Emissions|GHG|Industry|Non-Ferrous Metals|Aluminum""]","[1, 1, 1]","[""EUE"", ""EUM"", ""EUW""]",43.61390698726775,70.68650210210046,ndc_noce,2050.0
ndc_highce_eu,NDC,"High CE, EU",highce_eu,e,geography,India,Three sectors,India,2050,GHG emissions change,0.006849765889910486,MtCO2e/yr,plotted,"[""Emissions|GHG|Industry|Non-Metallic Minerals|Cement"", ""Emissions|GHG|Industry|Iron and Steel"", ""Emissions|GHG|Industry|Non-Ferrous Metals|Aluminum""]","[1, 1, 1]","[""IND""]",897.6413954461029,897.634545680213,ndc_noce,2050.0
ndc_highce_eu,NDC,"High CE, EU",highce_eu,e,geography,China,Three sectors,China,2050,GHG emissions change,-12.410643816122729,MtCO2e/yr,plotted,"[""Emissions|GHG|Industry|Non-Metallic Minerals|Cement"", ""Emissions|GHG|Industry|Iron and Steel"", ""Emissions|GHG|Industry|Non-Ferrous Metals|Aluminum""]","[1, 1, 1]","[""CHN""]",1504.7404827319635,1517.1511265480863,ndc_noce,2050.0
ndc_highce_eu,NDC,"High CE, EU",highce_eu,e,geography,Indonesia group,Three sectors,Indonesia group,2050,GHG emissions change,0.901255052294573,MtCO2e/yr,plotted,"[""Emissions|GHG|Industry|Non-Metallic Minerals|Cement"", ""Emissions|GHG|Industry|Iron and Steel"", ""Emissions|GHG|Industry|Non-Ferrous Metals|Aluminum""]","[1, 1, 1]","[""IDN""]",239.07836454563088,238.1771094933363,ndc_noce,2050.0
ndc_highce_eu,NDC,"High CE, EU",highce_eu,e,geography,Other partners,Three sectors,Other partners,2050,GHG emissions change,0.04667586534299062,MtCO2e/yr,plotted,"[""Emissions|GHG|Industry|Non-Metallic Minerals|Cement"", ""Emissions|GHG|Industry|Iron and Steel"", ""Emissions|GHG|Industry|Non-Ferrous Metals|Aluminum""]","[1, 1, 1]","[""ANZ"", ""BRA"", ""CAN"", ""CHL"", ""ENE"", ""ENW"", ""JPN"", ""MEX"", ""RUS"", ""SKT"", ""USA""]",257.1244192555537,257.0777433902107,ndc_noce,2050.0
ndc_highce_eu,NDC,"High CE, EU",highce_eu,e,geography,Rest of world,Three sectors,Rest of world,2050,GHG emissions change,-0.7188023123890162,MtCO2e/yr,plotted,"[""Emissions|GHG|Industry|Non-Metallic Minerals|Cement"", ""Emissions|GHG|Industry|Iron and Steel"", ""Emissions|GHG|Industry|Non-Ferrous Metals|Aluminum""]","[1, 1, 1]","[""AFE"", ""AFN"", ""AFW"", ""AFZ"", ""ASC"", ""ASE"", ""ASO"", ""LAM"", ""MDA"", ""MEA"", ""NIG""]",781.6909054541802,782.4097077665692,ndc_noce,2050.0
ndc_highce_eu,NDC,"High CE, EU",highce_eu,e,geography,Global,Three sectors,Global net,2050,GHG emissions change,-39.24726055981682,MtCO2e/yr,net,"[""Emissions|GHG|Industry|Non-Metallic Minerals|Cement"", ""Emissions|GHG|Industry|Iron and Steel"", ""Emissions|GHG|Industry|Non-Ferrous Metals|Aluminum""]","[1, 1, 1]","[""AFE"", ""AFN"", ""AFW"", ""AFZ"", ""ANZ"", ""ASC"", ""ASE"", ""ASO"", ""BRA"", ""CAN"", ""CHL"", ""CHN"", ""ENE"", ""ENW"", ""EUE"", ""EUM"", ""EUW"", ""IDN"", ""IND"", ""JPN"", ""LAM"", ""MDA"", ""MEA"", ""MEX"", ""NIG"", ""RUS"", ""SKT"", ""USA""]",3723.889474420699,3763.136734980516,ndc_noce,2050.0
ndc_medce_gbl,NDC,"Medium CE, EU + partners",medce_gbl,c,industry,Global,Cement,Cement,2050,GHG emissions change,-370.0567113608895,MtCO2e/yr,plotted,"[""Emissions|GHG|Industry|Non-Metallic Minerals|Cement""]",[1],"[""AFE"", ""AFN"", ""AFW"", ""AFZ"", ""ANZ"", ""ASC"", ""ASE"", ""ASO"", ""BRA"", ""CAN"", ""CHL"", ""CHN"", ""ENE"", ""ENW"", ""EUE"", ""EUM"", ""EUW"", ""IDN"", ""IND"", ""JPN"", ""LAM"", ""MDA"", ""MEA"", ""MEX"", ""NIG"", ""RUS"", ""SKT"", ""USA""]",1436.620804918915,1806.6775162798044,ndc_noce,2050.0
ndc_medce_gbl,NDC,"Medium CE, EU + partners",medce_gbl,c,industry,Global,Iron and steel,Iron and steel,2050,GHG emissions change,-271.43664152388214,MtCO2e/yr,plotted,"[""Emissions|GHG|Industry|Iron and Steel""]",[1],"[""AFE"", ""AFN"", ""AFW"", ""AFZ"", ""ANZ"", ""ASC"", ""ASE"", ""ASO"", ""BRA"", ""CAN"", ""CHL"", ""CHN"", ""ENE"", ""ENW"", ""EUE"", ""EUM"", ""EUW"", ""IDN"", ""IND"", ""JPN"", ""LAM"", ""MDA"", ""MEA"", ""MEX"", ""NIG"", ""RUS"", ""SKT"", ""USA""]",1604.937134928542,1876.3737764524242,ndc_noce,2050.0
ndc_medce_gbl,NDC,"Medium CE, EU + partners",medce_gbl,c,industry,Global,Aluminium,Aluminium,2050,GHG emissions change,-10.022822924480636,MtCO2e/yr,plotted,"[""Emissions|GHG|Industry|Non-Ferrous Metals|Aluminum""]",[1],"[""AFE"", ""AFN"", ""AFW"", ""AFZ"", ""ANZ"", ""ASC"", ""ASE"", ""ASO"", ""BRA"", ""CAN"", ""CHL"", ""CHN"", ""ENE"", ""ENW"", ""EUE"", ""EUM"", ""EUW"", ""IDN"", ""IND"", ""JPN"", ""LAM"", ""MDA"", ""MEA"", ""MEX"", ""NIG"", ""RUS"", ""SKT"", ""USA""]",70.06261932380662,80.08544224828725,ndc_noce,2050.0
ndc_medce_gbl,NDC,"Medium CE, EU + partners",medce_gbl,c,industry,Global,Other industry,Other industry,2050,GHG emissions change,31.78852416213249,MtCO2e/yr,plotted,"[""Emissions|GHG|Industry"", ""Emissions|GHG|Industry|Non-Metallic Minerals|Cement"", ""Emissions|GHG|Industry|Iron and Steel"", ""Emissions|GHG|Industry|Non-Ferrous Metals|Aluminum""]","[1, -1, -1, -1]","[""AFE"", ""AFN"", ""AFW"", ""AFZ"", ""ANZ"", ""ASC"", ""ASE"", ""ASO"", ""BRA"", ""CAN"", ""CHL"", ""CHN"", ""ENE"", ""ENW"", ""EUE"", ""EUM"", ""EUW"", ""IDN"", ""IND"", ""JPN"", ""LAM"", ""MDA"", ""MEA"", ""MEX"", ""NIG"", ""RUS"", ""SKT"", ""USA""]",7103.419304552066,7071.6307803899335,ndc_noce,2050.0
ndc_medce_gbl,NDC,"Medium CE, EU + partners",medce_gbl,c,industry,Global,Total industry,Total industry,2050,GHG emissions change,-619.7276516471193,MtCO2e/yr,net,"[""Emissions|GHG|Industry""]",[1],"[""AFE"", ""AFN"", ""AFW"", ""AFZ"", ""ANZ"", ""ASC"", ""ASE"", ""ASO"", ""BRA"", ""CAN"", ""CHL"", ""CHN"", ""ENE"", ""ENW"", ""EUE"", ""EUM"", ""EUW"", ""IDN"", ""IND"", ""JPN"", ""LAM"", ""MDA"", ""MEA"", ""MEX"", ""NIG"", ""RUS"", ""SKT"", ""USA""]",10215.03986372333,10834.76751537045,ndc_noce,2050.0
ndc_medce_gbl,NDC,"Medium CE, EU + partners",medce_gbl,e,geography,EU,Three sectors,EU,2050,GHG emissions change,-20.233756107251153,MtCO2e/yr,plotted,"[""Emissions|GHG|Industry|Non-Metallic Minerals|Cement"", ""Emissions|GHG|Industry|Iron and Steel"", ""Emissions|GHG|Industry|Non-Ferrous Metals|Aluminum""]","[1, 1, 1]","[""EUE"", ""EUM"", ""EUW""]",50.45274599484931,70.68650210210046,ndc_noce,2050.0
ndc_medce_gbl,NDC,"Medium CE, EU + partners",medce_gbl,e,geography,India,Three sectors,India,2050,GHG emissions change,-228.17192769683436,MtCO2e/yr,plotted,"[""Emissions|GHG|Industry|Non-Metallic Minerals|Cement"", ""Emissions|GHG|Industry|Iron and Steel"", ""Emissions|GHG|Industry|Non-Ferrous Metals|Aluminum""]","[1, 1, 1]","[""IND""]",669.4626179833787,897.634545680213,ndc_noce,2050.0
ndc_medce_gbl,NDC,"Medium CE, EU + partners",medce_gbl,e,geography,China,Three sectors,China,2050,GHG emissions change,-278.94393565123596,MtCO2e/yr,plotted,"[""Emissions|GHG|Industry|Non-Metallic Minerals|Cement"", ""Emissions|GHG|Industry|Iron and Steel"", ""Emissions|GHG|Industry|Non-Ferrous Metals|Aluminum""]","[1, 1, 1]","[""CHN""]",1238.2071908968503,1517.1511265480863,ndc_noce,2050.0
ndc_medce_gbl,NDC,"Medium CE, EU + partners",medce_gbl,e,geography,Indonesia group,Three sectors,Indonesia group,2050,GHG emissions change,-84.12909959374329,MtCO2e/yr,plotted,"[""Emissions|GHG|Industry|Non-Metallic Minerals|Cement"", ""Emissions|GHG|Industry|Iron and Steel"", ""Emissions|GHG|Industry|Non-Ferrous Metals|Aluminum""]","[1, 1, 1]","[""IDN""]",154.048009899593,238.1771094933363,ndc_noce,2050.0
ndc_medce_gbl,NDC,"Medium CE, EU + partners",medce_gbl,e,geography,Other partners,Three sectors,Other partners,2050,GHG emissions change,-73.91746731878226,MtCO2e/yr,plotted,"[""Emissions|GHG|Industry|Non-Metallic Minerals|Cement"", ""Emissions|GHG|Industry|Iron and Steel"", ""Emissions|GHG|Industry|Non-Ferrous Metals|Aluminum""]","[1, 1, 1]","[""ANZ"", ""BRA"", ""CAN"", ""CHL"", ""ENE"", ""ENW"", ""JPN"", ""MEX"", ""RUS"", ""SKT"", ""USA""]",183.16027607142843,257.0777433902107,ndc_noce,2050.0
ndc_medce_gbl,NDC,"Medium CE, EU + partners",medce_gbl,e,geography,Rest of world,Three sectors,Rest of world,2050,GHG emissions change,33.880010558593995,MtCO2e/yr,plotted,"[""Emissions|GHG|Industry|Non-Metallic Minerals|Cement"", ""Emissions|GHG|Industry|Iron and Steel"", ""Emissions|GHG|Industry|Non-Ferrous Metals|Aluminum""]","[1, 1, 1]","[""AFE"", ""AFN"", ""AFW"", ""AFZ"", ""ASC"", ""ASE"", ""ASO"", ""LAM"", ""MDA"", ""MEA"", ""NIG""]",816.2897183251632,782.4097077665692,ndc_noce,2050.0
ndc_medce_gbl,NDC,"Medium CE, EU + partners",medce_gbl,e,geography,Global,Three sectors,Global net,2050,GHG emissions change,-651.5161758092522,MtCO2e/yr,net,"[""Emissions|GHG|Industry|Non-Metallic Minerals|Cement"", ""Emissions|GHG|Industry|Iron and Steel"", ""Emissions|GHG|Industry|Non-Ferrous Metals|Aluminum""]","[1, 1, 1]","[""AFE"", ""AFN"", ""AFW"", ""AFZ"", ""ANZ"", ""ASC"", ""ASE"", ""ASO"", ""BRA"", ""CAN"", ""CHL"", ""CHN"", ""ENE"", ""ENW"", ""EUE"", ""EUM"", ""EUW"", ""IDN"", ""IND"", ""JPN"", ""LAM"", ""MDA"", ""MEA"", ""MEX"", ""NIG"", ""RUS"", ""SKT"", ""USA""]",3111.6205591712637,3763.136734980516,ndc_noce,2050.0
ndc_highce_gbl,NDC,"High CE, EU + partners",highce_gbl,c,industry,Global,Cement,Cement,2050,GHG emissions change,-511.8102184962029,MtCO2e/yr,plotted,"[""Emissions|GHG|Industry|Non-Metallic Minerals|Cement""]",[1],"[""AFE"", ""AFN"", ""AFW"", ""AFZ"", ""ANZ"", ""ASC"", ""ASE"", ""ASO"", ""BRA"", ""CAN"", ""CHL"", ""CHN"", ""ENE"", ""ENW"", ""EUE"", ""EUM"", ""EUW"", ""IDN"", ""IND"", ""JPN"", ""LAM"", ""MDA"", ""MEA"", ""MEX"", ""NIG"", ""RUS"", ""SKT"", ""USA""]",1294.8672977836015,1806.6775162798044,ndc_noce,2050.0
ndc_highce_gbl,NDC,"High CE, EU + partners",highce_gbl,c,industry,Global,Iron and steel,Iron and steel,2050,GHG emissions change,-649.0691501665231,MtCO2e/yr,plotted,"[""Emissions|GHG|Industry|Iron and Steel""]",[1],"[""AFE"", ""AFN"", ""AFW"", ""AFZ"", ""ANZ"", ""ASC"", ""ASE"", ""ASO"", ""BRA"", ""CAN"", ""CHL"", ""CHN"", ""ENE"", ""ENW"", ""EUE"", ""EUM"", ""EUW"", ""IDN"", ""IND"", ""JPN"", ""LAM"", ""MDA"", ""MEA"", ""MEX"", ""NIG"", ""RUS"", ""SKT"", ""USA""]",1227.3046262859011,1876.3737764524242,ndc_noce,2050.0
ndc_highce_gbl,NDC,"High CE, EU + partners",highce_gbl,c,industry,Global,Aluminium,Aluminium,2050,GHG emissions change,-10.817451126440346,MtCO2e/yr,plotted,"[""Emissions|GHG|Industry|Non-Ferrous Metals|Aluminum""]",[1],"[""AFE"", ""AFN"", ""AFW"", ""AFZ"", ""ANZ"", ""ASC"", ""ASE"", ""ASO"", ""BRA"", ""CAN"", ""CHL"", ""CHN"", ""ENE"", ""ENW"", ""EUE"", ""EUM"", ""EUW"", ""IDN"", ""IND"", ""JPN"", ""LAM"", ""MDA"", ""MEA"", ""MEX"", ""NIG"", ""RUS"", ""SKT"", ""USA""]",69.2679911218469,80.08544224828725,ndc_noce,2050.0
ndc_highce_gbl,NDC,"High CE, EU + partners",highce_gbl,c,industry,Global,Other industry,Other industry,2050,GHG emissions change,70.5147513231559,MtCO2e/yr,plotted,"[""Emissions|GHG|Industry"", ""Emissions|GHG|Industry|Non-Metallic Minerals|Cement"", ""Emissions|GHG|Industry|Iron and Steel"", ""Emissions|GHG|Industry|Non-Ferrous Metals|Aluminum""]","[1, -1, -1, -1]","[""AFE"", ""AFN"", ""AFW"", ""AFZ"", ""ANZ"", ""ASC"", ""ASE"", ""ASO"", ""BRA"", ""CAN"", ""CHL"", ""CHN"", ""ENE"", ""ENW"", ""EUE"", ""EUM"", ""EUW"", ""IDN"", ""IND"", ""JPN"", ""LAM"", ""MDA"", ""MEA"", ""MEX"", ""NIG"", ""RUS"", ""SKT"", ""USA""]",7142.145531713089,7071.6307803899335,ndc_noce,2050.0
ndc_highce_gbl,NDC,"High CE, EU + partners",highce_gbl,c,industry,Global,Total industry,Total industry,2050,GHG emissions change,-1101.1820684660106,MtCO2e/yr,net,"[""Emissions|GHG|Industry""]",[1],"[""AFE"", ""AFN"", ""AFW"", ""AFZ"", ""ANZ"", ""ASC"", ""ASE"", ""ASO"", ""BRA"", ""CAN"", ""CHL"", ""CHN"", ""ENE"", ""ENW"", ""EUE"", ""EUM"", ""EUW"", ""IDN"", ""IND"", ""JPN"", ""LAM"", ""MDA"", ""MEA"", ""MEX"", ""NIG"", ""RUS"", ""SKT"", ""USA""]",9733.585446904439,10834.76751537045,ndc_noce,2050.0
ndc_highce_gbl,NDC,"High CE, EU + partners",highce_gbl,e,geography,EU,Three sectors,EU,2050,GHG emissions change,-24.737635822153607,MtCO2e/yr,plotted,"[""Emissions|GHG|Industry|Non-Metallic Minerals|Cement"", ""Emissions|GHG|Industry|Iron and Steel"", ""Emissions|GHG|Industry|Non-Ferrous Metals|Aluminum""]","[1, 1, 1]","[""EUE"", ""EUM"", ""EUW""]",45.948866279946856,70.68650210210046,ndc_noce,2050.0
ndc_highce_gbl,NDC,"High CE, EU + partners",highce_gbl,e,geography,India,Three sectors,India,2050,GHG emissions change,-414.0037755877576,MtCO2e/yr,plotted,"[""Emissions|GHG|Industry|Non-Metallic Minerals|Cement"", ""Emissions|GHG|Industry|Iron and Steel"", ""Emissions|GHG|Industry|Non-Ferrous Metals|Aluminum""]","[1, 1, 1]","[""IND""]",483.6307700924554,897.634545680213,ndc_noce,2050.0
ndc_highce_gbl,NDC,"High CE, EU + partners",highce_gbl,e,geography,China,Three sectors,China,2050,GHG emissions change,-534.8774238037122,MtCO2e/yr,plotted,"[""Emissions|GHG|Industry|Non-Metallic Minerals|Cement"", ""Emissions|GHG|Industry|Iron and Steel"", ""Emissions|GHG|Industry|Non-Ferrous Metals|Aluminum""]","[1, 1, 1]","[""CHN""]",982.2737027443741,1517.1511265480863,ndc_noce,2050.0
ndc_highce_gbl,NDC,"High CE, EU + partners",highce_gbl,e,geography,Indonesia group,Three sectors,Indonesia group,2050,GHG emissions change,-128.49465246555562,MtCO2e/yr,plotted,"[""Emissions|GHG|Industry|Non-Metallic Minerals|Cement"", ""Emissions|GHG|Industry|Iron and Steel"", ""Emissions|GHG|Industry|Non-Ferrous Metals|Aluminum""]","[1, 1, 1]","[""IDN""]",109.68245702778069,238.1771094933363,ndc_noce,2050.0
ndc_highce_gbl,NDC,"High CE, EU + partners",highce_gbl,e,geography,Other partners,Three sectors,Other partners,2050,GHG emissions change,-106.23809540319405,MtCO2e/yr,plotted,"[""Emissions|GHG|Industry|Non-Metallic Minerals|Cement"", ""Emissions|GHG|Industry|Iron and Steel"", ""Emissions|GHG|Industry|Non-Ferrous Metals|Aluminum""]","[1, 1, 1]","[""ANZ"", ""BRA"", ""CAN"", ""CHL"", ""ENE"", ""ENW"", ""JPN"", ""MEX"", ""RUS"", ""SKT"", ""USA""]",150.83964798701663,257.0777433902107,ndc_noce,2050.0
ndc_highce_gbl,NDC,"High CE, EU + partners",highce_gbl,e,geography,Rest of world,Three sectors,Rest of world,2050,GHG emissions change,36.654763293207,MtCO2e/yr,plotted,"[""Emissions|GHG|Industry|Non-Metallic Minerals|Cement"", ""Emissions|GHG|Industry|Iron and Steel"", ""Emissions|GHG|Industry|Non-Ferrous Metals|Aluminum""]","[1, 1, 1]","[""AFE"", ""AFN"", ""AFW"", ""AFZ"", ""ASC"", ""ASE"", ""ASO"", ""LAM"", ""MDA"", ""MEA"", ""NIG""]",819.0644710597762,782.4097077665692,ndc_noce,2050.0
ndc_highce_gbl,NDC,"High CE, EU + partners",highce_gbl,e,geography,Global,Three sectors,Global net,2050,GHG emissions change,-1171.696819789166,MtCO2e/yr,net,"[""Emissions|GHG|Industry|Non-Metallic Minerals|Cement"", ""Emissions|GHG|Industry|Iron and Steel"", ""Emissions|GHG|Industry|Non-Ferrous Metals|Aluminum""]","[1, 1, 1]","[""AFE"", ""AFN"", ""AFW"", ""AFZ"", ""ANZ"", ""ASC"", ""ASE"", ""ASO"", ""BRA"", ""CAN"", ""CHL"", ""CHN"", ""ENE"", ""ENW"", ""EUE"", ""EUM"", ""EUW"", ""IDN"", ""IND"", ""JPN"", ""LAM"", ""MDA"", ""MEA"", ""MEX"", ""NIG"", ""RUS"", ""SKT"", ""USA""]",2591.43991519135,3763.136734980516,ndc_noce,2050.0
baseline_noce,NDC+LTT,No CE,noce,b,trajectory,Global,Three sectors,Three sectors,2019,GHG emissions,5494.987454113852,MtCO2e/yr,plotted,"[""Emissions|GHG|Industry|Non-Metallic Minerals|Cement"", ""Emissions|GHG|Industry|Iron and Steel"", ""Emissions|GHG|Industry|Non-Ferrous Metals|Aluminum""]","[1, 1, 1]","[""AFE"", ""AFN"", ""AFW"", ""AFZ"", ""ANZ"", ""ASC"", ""ASE"", ""ASO"", ""BRA"", ""CAN"", ""CHL"", ""CHN"", ""ENE"", ""ENW"", ""EUE"", ""EUM"", ""EUW"", ""IDN"", ""IND"", ""JPN"", ""LAM"", ""MDA"", ""MEA"", ""MEX"", ""NIG"", ""RUS"", ""SKT"", ""USA""]",5494.987454113852,,,
baseline_noce,NDC+LTT,No CE,noce,b,trajectory,Global,Three sectors,Three sectors,2024,GHG emissions,5249.263336500017,MtCO2e/yr,plotted,"[""Emissions|GHG|Industry|Non-Metallic Minerals|Cement"", ""Emissions|GHG|Industry|Iron and Steel"", ""Emissions|GHG|Industry|Non-Ferrous Metals|Aluminum""]","[1, 1, 1]","[""AFE"", ""AFN"", ""AFW"", ""AFZ"", ""ANZ"", ""ASC"", ""ASE"", ""ASO"", ""BRA"", ""CAN"", ""CHL"", ""CHN"", ""ENE"", ""ENW"", ""EUE"", ""EUM"", ""EUW"", ""IDN"", ""IND"", ""JPN"", ""LAM"", ""MDA"", ""MEA"", ""MEX"", ""NIG"", ""RUS"", ""SKT"", ""USA""]",5249.263336500017,,,
baseline_noce,NDC+LTT,No CE,noce,b,trajectory,Global,Three sectors,Three sectors,2030,GHG emissions,4575.787104995871,MtCO2e/yr,plotted,"[""Emissions|GHG|Industry|Non-Metallic Minerals|Cement"", ""Emissions|GHG|Industry|Iron and Steel"", ""Emissions|GHG|Industry|Non-Ferrous Metals|Aluminum""]","[1, 1, 1]","[""AFE"", ""AFN"", ""AFW"", ""AFZ"", ""ANZ"", ""ASC"", ""ASE"", ""ASO"", ""BRA"", ""CAN"", ""CHL"", ""CHN"", ""ENE"", ""ENW"", ""EUE"", ""EUM"", ""EUW"", ""IDN"", ""IND"", ""JPN"", ""LAM"", ""MDA"", ""MEA"", ""MEX"", ""NIG"", ""RUS"", ""SKT"", ""USA""]",4575.787104995871,,,
baseline_noce,NDC+LTT,No CE,noce,b,trajectory,Global,Three sectors,Three sectors,2035,GHG emissions,3942.2639179483585,MtCO2e/yr,plotted,"[""Emissions|GHG|Industry|Non-Metallic Minerals|Cement"", ""Emissions|GHG|Industry|Iron and Steel"", ""Emissions|GHG|Industry|Non-Ferrous Metals|Aluminum""]","[1, 1, 1]","[""AFE"", ""AFN"", ""AFW"", ""AFZ"", ""ANZ"", ""ASC"", ""ASE"", ""ASO"", ""BRA"", ""CAN"", ""CHL"", ""CHN"", ""ENE"", ""ENW"", ""EUE"", ""EUM"", ""EUW"", ""IDN"", ""IND"", ""JPN"", ""LAM"", ""MDA"", ""MEA"", ""MEX"", ""NIG"", ""RUS"", ""SKT"", ""USA""]",3942.2639179483585,,,
baseline_noce,NDC+LTT,No CE,noce,b,trajectory,Global,Three sectors,Three sectors,2040,GHG emissions,3440.3085939806842,MtCO2e/yr,plotted,"[""Emissions|GHG|Industry|Non-Metallic Minerals|Cement"", ""Emissions|GHG|Industry|Iron and Steel"", ""Emissions|GHG|Industry|Non-Ferrous Metals|Aluminum""]","[1, 1, 1]","[""AFE"", ""AFN"", ""AFW"", ""AFZ"", ""ANZ"", ""ASC"", ""ASE"", ""ASO"", ""BRA"", ""CAN"", ""CHL"", ""CHN"", ""ENE"", ""ENW"", ""EUE"", ""EUM"", ""EUW"", ""IDN"", ""IND"", ""JPN"", ""LAM"", ""MDA"", ""MEA"", ""MEX"", ""NIG"", ""RUS"", ""SKT"", ""USA""]",3440.3085939806842,,,
baseline_noce,NDC+LTT,No CE,noce,b,trajectory,Global,Three sectors,Three sectors,2050,GHG emissions,2510.0818182824432,MtCO2e/yr,plotted,"[""Emissions|GHG|Industry|Non-Metallic Minerals|Cement"", ""Emissions|GHG|Industry|Iron and Steel"", ""Emissions|GHG|Industry|Non-Ferrous Metals|Aluminum""]","[1, 1, 1]","[""AFE"", ""AFN"", ""AFW"", ""AFZ"", ""ANZ"", ""ASC"", ""ASE"", ""ASO"", ""BRA"", ""CAN"", ""CHL"", ""CHN"", ""ENE"", ""ENW"", ""EUE"", ""EUM"", ""EUW"", ""IDN"", ""IND"", ""JPN"", ""LAM"", ""MDA"", ""MEA"", ""MEX"", ""NIG"", ""RUS"", ""SKT"", ""USA""]",2510.0818182824432,,,
baseline_medce_eu,NDC+LTT,"Medium CE, EU",medce_eu,b,trajectory,Global,Three sectors,Three sectors,2019,GHG emissions,5494.987454113852,MtCO2e/yr,plotted,"[""Emissions|GHG|Industry|Non-Metallic Minerals|Cement"", ""Emissions|GHG|Industry|Iron and Steel"", ""Emissions|GHG|Industry|Non-Ferrous Metals|Aluminum""]","[1, 1, 1]","[""AFE"", ""AFN"", ""AFW"", ""AFZ"", ""ANZ"", ""ASC"", ""ASE"", ""ASO"", ""BRA"", ""CAN"", ""CHL"", ""CHN"", ""ENE"", ""ENW"", ""EUE"", ""EUM"", ""EUW"", ""IDN"", ""IND"", ""JPN"", ""LAM"", ""MDA"", ""MEA"", ""MEX"", ""NIG"", ""RUS"", ""SKT"", ""USA""]",5494.987454113852,,,
baseline_medce_eu,NDC+LTT,"Medium CE, EU",medce_eu,b,trajectory,Global,Three sectors,Three sectors,2024,GHG emissions,5249.263336500017,MtCO2e/yr,plotted,"[""Emissions|GHG|Industry|Non-Metallic Minerals|Cement"", ""Emissions|GHG|Industry|Iron and Steel"", ""Emissions|GHG|Industry|Non-Ferrous Metals|Aluminum""]","[1, 1, 1]","[""AFE"", ""AFN"", ""AFW"", ""AFZ"", ""ANZ"", ""ASC"", ""ASE"", ""ASO"", ""BRA"", ""CAN"", ""CHL"", ""CHN"", ""ENE"", ""ENW"", ""EUE"", ""EUM"", ""EUW"", ""IDN"", ""IND"", ""JPN"", ""LAM"", ""MDA"", ""MEA"", ""MEX"", ""NIG"", ""RUS"", ""SKT"", ""USA""]",5249.263336500017,,,
baseline_medce_eu,NDC+LTT,"Medium CE, EU",medce_eu,b,trajectory,Global,Three sectors,Three sectors,2030,GHG emissions,4506.54275186187,MtCO2e/yr,plotted,"[""Emissions|GHG|Industry|Non-Metallic Minerals|Cement"", ""Emissions|GHG|Industry|Iron and Steel"", ""Emissions|GHG|Industry|Non-Ferrous Metals|Aluminum""]","[1, 1, 1]","[""AFE"", ""AFN"", ""AFW"", ""AFZ"", ""ANZ"", ""ASC"", ""ASE"", ""ASO"", ""BRA"", ""CAN"", ""CHL"", ""CHN"", ""ENE"", ""ENW"", ""EUE"", ""EUM"", ""EUW"", ""IDN"", ""IND"", ""JPN"", ""LAM"", ""MDA"", ""MEA"", ""MEX"", ""NIG"", ""RUS"", ""SKT"", ""USA""]",4506.54275186187,,,
baseline_medce_eu,NDC+LTT,"Medium CE, EU",medce_eu,b,trajectory,Global,Three sectors,Three sectors,2035,GHG emissions,3852.33233097722,MtCO2e/yr,plotted,"[""Emissions|GHG|Industry|Non-Metallic Minerals|Cement"", ""Emissions|GHG|Industry|Iron and Steel"", ""Emissions|GHG|Industry|Non-Ferrous Metals|Aluminum""]","[1, 1, 1]","[""AFE"", ""AFN"", ""AFW"", ""AFZ"", ""ANZ"", ""ASC"", ""ASE"", ""ASO"", ""BRA"", ""CAN"", ""CHL"", ""CHN"", ""ENE"", ""ENW"", ""EUE"", ""EUM"", ""EUW"", ""IDN"", ""IND"", ""JPN"", ""LAM"", ""MDA"", ""MEA"", ""MEX"", ""NIG"", ""RUS"", ""SKT"", ""USA""]",3852.33233097722,,,
baseline_medce_eu,NDC+LTT,"Medium CE, EU",medce_eu,b,trajectory,Global,Three sectors,Three sectors,2040,GHG emissions,3330.4352839204107,MtCO2e/yr,plotted,"[""Emissions|GHG|Industry|Non-Metallic Minerals|Cement"", ""Emissions|GHG|Industry|Iron and Steel"", ""Emissions|GHG|Industry|Non-Ferrous Metals|Aluminum""]","[1, 1, 1]","[""AFE"", ""AFN"", ""AFW"", ""AFZ"", ""ANZ"", ""ASC"", ""ASE"", ""ASO"", ""BRA"", ""CAN"", ""CHL"", ""CHN"", ""ENE"", ""ENW"", ""EUE"", ""EUM"", ""EUW"", ""IDN"", ""IND"", ""JPN"", ""LAM"", ""MDA"", ""MEA"", ""MEX"", ""NIG"", ""RUS"", ""SKT"", ""USA""]",3330.4352839204107,,,
baseline_medce_eu,NDC+LTT,"Medium CE, EU",medce_eu,b,trajectory,Global,Three sectors,Three sectors,2050,GHG emissions,2494.7682988301954,MtCO2e/yr,plotted,"[""Emissions|GHG|Industry|Non-Metallic Minerals|Cement"", ""Emissions|GHG|Industry|Iron and Steel"", ""Emissions|GHG|Industry|Non-Ferrous Metals|Aluminum""]","[1, 1, 1]","[""AFE"", ""AFN"", ""AFW"", ""AFZ"", ""ANZ"", ""ASC"", ""ASE"", ""ASO"", ""BRA"", ""CAN"", ""CHL"", ""CHN"", ""ENE"", ""ENW"", ""EUE"", ""EUM"", ""EUW"", ""IDN"", ""IND"", ""JPN"", ""LAM"", ""MDA"", ""MEA"", ""MEX"", ""NIG"", ""RUS"", ""SKT"", ""USA""]",2494.7682988301954,,,
baseline_highce_eu,NDC+LTT,"High CE, EU",highce_eu,b,trajectory,Global,Three sectors,Three sectors,2019,GHG emissions,5494.987454113852,MtCO2e/yr,plotted,"[""Emissions|GHG|Industry|Non-Metallic Minerals|Cement"", ""Emissions|GHG|Industry|Iron and Steel"", ""Emissions|GHG|Industry|Non-Ferrous Metals|Aluminum""]","[1, 1, 1]","[""AFE"", ""AFN"", ""AFW"", ""AFZ"", ""ANZ"", ""ASC"", ""ASE"", ""ASO"", ""BRA"", ""CAN"", ""CHL"", ""CHN"", ""ENE"", ""ENW"", ""EUE"", ""EUM"", ""EUW"", ""IDN"", ""IND"", ""JPN"", ""LAM"", ""MDA"", ""MEA"", ""MEX"", ""NIG"", ""RUS"", ""SKT"", ""USA""]",5494.987454113852,,,
baseline_highce_eu,NDC+LTT,"High CE, EU",highce_eu,b,trajectory,Global,Three sectors,Three sectors,2024,GHG emissions,5249.263336500017,MtCO2e/yr,plotted,"[""Emissions|GHG|Industry|Non-Metallic Minerals|Cement"", ""Emissions|GHG|Industry|Iron and Steel"", ""Emissions|GHG|Industry|Non-Ferrous Metals|Aluminum""]","[1, 1, 1]","[""AFE"", ""AFN"", ""AFW"", ""AFZ"", ""ANZ"", ""ASC"", ""ASE"", ""ASO"", ""BRA"", ""CAN"", ""CHL"", ""CHN"", ""ENE"", ""ENW"", ""EUE"", ""EUM"", ""EUW"", ""IDN"", ""IND"", ""JPN"", ""LAM"", ""MDA"", ""MEA"", ""MEX"", ""NIG"", ""RUS"", ""SKT"", ""USA""]",5249.263336500017,,,
baseline_highce_eu,NDC+LTT,"High CE, EU",highce_eu,b,trajectory,Global,Three sectors,Three sectors,2030,GHG emissions,4490.987171007719,MtCO2e/yr,plotted,"[""Emissions|GHG|Industry|Non-Metallic Minerals|Cement"", ""Emissions|GHG|Industry|Iron and Steel"", ""Emissions|GHG|Industry|Non-Ferrous Metals|Aluminum""]","[1, 1, 1]","[""AFE"", ""AFN"", ""AFW"", ""AFZ"", ""ANZ"", ""ASC"", ""ASE"", ""ASO"", ""BRA"", ""CAN"", ""CHL"", ""CHN"", ""ENE"", ""ENW"", ""EUE"", ""EUM"", ""EUW"", ""IDN"", ""IND"", ""JPN"", ""LAM"", ""MDA"", ""MEA"", ""MEX"", ""NIG"", ""RUS"", ""SKT"", ""USA""]",4490.987171007719,,,
baseline_highce_eu,NDC+LTT,"High CE, EU",highce_eu,b,trajectory,Global,Three sectors,Three sectors,2035,GHG emissions,3835.8942194106994,MtCO2e/yr,plotted,"[""Emissions|GHG|Industry|Non-Metallic Minerals|Cement"", ""Emissions|GHG|Industry|Iron and Steel"", ""Emissions|GHG|Industry|Non-Ferrous Metals|Aluminum""]","[1, 1, 1]","[""AFE"", ""AFN"", ""AFW"", ""AFZ"", ""ANZ"", ""ASC"", ""ASE"", ""ASO"", ""BRA"", ""CAN"", ""CHL"", ""CHN"", ""ENE"", ""ENW"", ""EUE"", ""EUM"", ""EUW"", ""IDN"", ""IND"", ""JPN"", ""LAM"", ""MDA"", ""MEA"", ""MEX"", ""NIG"", ""RUS"", ""SKT"", ""USA""]",3835.8942194106994,,,
baseline_highce_eu,NDC+LTT,"High CE, EU",highce_eu,b,trajectory,Global,Three sectors,Three sectors,2040,GHG emissions,3321.669241924263,MtCO2e/yr,plotted,"[""Emissions|GHG|Industry|Non-Metallic Minerals|Cement"", ""Emissions|GHG|Industry|Iron and Steel"", ""Emissions|GHG|Industry|Non-Ferrous Metals|Aluminum""]","[1, 1, 1]","[""AFE"", ""AFN"", ""AFW"", ""AFZ"", ""ANZ"", ""ASC"", ""ASE"", ""ASO"", ""BRA"", ""CAN"", ""CHL"", ""CHN"", ""ENE"", ""ENW"", ""EUE"", ""EUM"", ""EUW"", ""IDN"", ""IND"", ""JPN"", ""LAM"", ""MDA"", ""MEA"", ""MEX"", ""NIG"", ""RUS"", ""SKT"", ""USA""]",3321.669241924263,,,
baseline_highce_eu,NDC+LTT,"High CE, EU",highce_eu,b,trajectory,Global,Three sectors,Three sectors,2050,GHG emissions,2486.5179392373893,MtCO2e/yr,plotted,"[""Emissions|GHG|Industry|Non-Metallic Minerals|Cement"", ""Emissions|GHG|Industry|Iron and Steel"", ""Emissions|GHG|Industry|Non-Ferrous Metals|Aluminum""]","[1, 1, 1]","[""AFE"", ""AFN"", ""AFW"", ""AFZ"", ""ANZ"", ""ASC"", ""ASE"", ""ASO"", ""BRA"", ""CAN"", ""CHL"", ""CHN"", ""ENE"", ""ENW"", ""EUE"", ""EUM"", ""EUW"", ""IDN"", ""IND"", ""JPN"", ""LAM"", ""MDA"", ""MEA"", ""MEX"", ""NIG"", ""RUS"", ""SKT"", ""USA""]",2486.5179392373893,,,
baseline_medce_gbl,NDC+LTT,"Medium CE, EU + partners",medce_gbl,b,trajectory,Global,Three sectors,Three sectors,2019,GHG emissions,5494.987454113852,MtCO2e/yr,plotted,"[""Emissions|GHG|Industry|Non-Metallic Minerals|Cement"", ""Emissions|GHG|Industry|Iron and Steel"", ""Emissions|GHG|Industry|Non-Ferrous Metals|Aluminum""]","[1, 1, 1]","[""AFE"", ""AFN"", ""AFW"", ""AFZ"", ""ANZ"", ""ASC"", ""ASE"", ""ASO"", ""BRA"", ""CAN"", ""CHL"", ""CHN"", ""ENE"", ""ENW"", ""EUE"", ""EUM"", ""EUW"", ""IDN"", ""IND"", ""JPN"", ""LAM"", ""MDA"", ""MEA"", ""MEX"", ""NIG"", ""RUS"", ""SKT"", ""USA""]",5494.987454113852,,,
baseline_medce_gbl,NDC+LTT,"Medium CE, EU + partners",medce_gbl,b,trajectory,Global,Three sectors,Three sectors,2024,GHG emissions,5249.263336500017,MtCO2e/yr,plotted,"[""Emissions|GHG|Industry|Non-Metallic Minerals|Cement"", ""Emissions|GHG|Industry|Iron and Steel"", ""Emissions|GHG|Industry|Non-Ferrous Metals|Aluminum""]","[1, 1, 1]","[""AFE"", ""AFN"", ""AFW"", ""AFZ"", ""ANZ"", ""ASC"", ""ASE"", ""ASO"", ""BRA"", ""CAN"", ""CHL"", ""CHN"", ""ENE"", ""ENW"", ""EUE"", ""EUM"", ""EUW"", ""IDN"", ""IND"", ""JPN"", ""LAM"", ""MDA"", ""MEA"", ""MEX"", ""NIG"", ""RUS"", ""SKT"", ""USA""]",5249.263336500017,,,
baseline_medce_gbl,NDC+LTT,"Medium CE, EU + partners",medce_gbl,b,trajectory,Global,Three sectors,Three sectors,2030,GHG emissions,4012.650040667248,MtCO2e/yr,plotted,"[""Emissions|GHG|Industry|Non-Metallic Minerals|Cement"", ""Emissions|GHG|Industry|Iron and Steel"", ""Emissions|GHG|Industry|Non-Ferrous Metals|Aluminum""]","[1, 1, 1]","[""AFE"", ""AFN"", ""AFW"", ""AFZ"", ""ANZ"", ""ASC"", ""ASE"", ""ASO"", ""BRA"", ""CAN"", ""CHL"", ""CHN"", ""ENE"", ""ENW"", ""EUE"", ""EUM"", ""EUW"", ""IDN"", ""IND"", ""JPN"", ""LAM"", ""MDA"", ""MEA"", ""MEX"", ""NIG"", ""RUS"", ""SKT"", ""USA""]",4012.650040667248,,,
baseline_medce_gbl,NDC+LTT,"Medium CE, EU + partners",medce_gbl,b,trajectory,Global,Three sectors,Three sectors,2035,GHG emissions,3530.57808015595,MtCO2e/yr,plotted,"[""Emissions|GHG|Industry|Non-Metallic Minerals|Cement"", ""Emissions|GHG|Industry|Iron and Steel"", ""Emissions|GHG|Industry|Non-Ferrous Metals|Aluminum""]","[1, 1, 1]","[""AFE"", ""AFN"", ""AFW"", ""AFZ"", ""ANZ"", ""ASC"", ""ASE"", ""ASO"", ""BRA"", ""CAN"", ""CHL"", ""CHN"", ""ENE"", ""ENW"", ""EUE"", ""EUM"", ""EUW"", ""IDN"", ""IND"", ""JPN"", ""LAM"", ""MDA"", ""MEA"", ""MEX"", ""NIG"", ""RUS"", ""SKT"", ""USA""]",3530.57808015595,,,
baseline_medce_gbl,NDC+LTT,"Medium CE, EU + partners",medce_gbl,b,trajectory,Global,Three sectors,Three sectors,2040,GHG emissions,2975.6870383443284,MtCO2e/yr,plotted,"[""Emissions|GHG|Industry|Non-Metallic Minerals|Cement"", ""Emissions|GHG|Industry|Iron and Steel"", ""Emissions|GHG|Industry|Non-Ferrous Metals|Aluminum""]","[1, 1, 1]","[""AFE"", ""AFN"", ""AFW"", ""AFZ"", ""ANZ"", ""ASC"", ""ASE"", ""ASO"", ""BRA"", ""CAN"", ""CHL"", ""CHN"", ""ENE"", ""ENW"", ""EUE"", ""EUM"", ""EUW"", ""IDN"", ""IND"", ""JPN"", ""LAM"", ""MDA"", ""MEA"", ""MEX"", ""NIG"", ""RUS"", ""SKT"", ""USA""]",2975.6870383443284,,,
baseline_medce_gbl,NDC+LTT,"Medium CE, EU + partners",medce_gbl,b,trajectory,Global,Three sectors,Three sectors,2050,GHG emissions,2035.605027486971,MtCO2e/yr,plotted,"[""Emissions|GHG|Industry|Non-Metallic Minerals|Cement"", ""Emissions|GHG|Industry|Iron and Steel"", ""Emissions|GHG|Industry|Non-Ferrous Metals|Aluminum""]","[1, 1, 1]","[""AFE"", ""AFN"", ""AFW"", ""AFZ"", ""ANZ"", ""ASC"", ""ASE"", ""ASO"", ""BRA"", ""CAN"", ""CHL"", ""CHN"", ""ENE"", ""ENW"", ""EUE"", ""EUM"", ""EUW"", ""IDN"", ""IND"", ""JPN"", ""LAM"", ""MDA"", ""MEA"", ""MEX"", ""NIG"", ""RUS"", ""SKT"", ""USA""]",2035.605027486971,,,
baseline_highce_gbl,NDC+LTT,"High CE, EU + partners",highce_gbl,b,trajectory,Global,Three sectors,Three sectors,2019,GHG emissions,5494.987454113852,MtCO2e/yr,plotted,"[""Emissions|GHG|Industry|Non-Metallic Minerals|Cement"", ""Emissions|GHG|Industry|Iron and Steel"", ""Emissions|GHG|Industry|Non-Ferrous Metals|Aluminum""]","[1, 1, 1]","[""AFE"", ""AFN"", ""AFW"", ""AFZ"", ""ANZ"", ""ASC"", ""ASE"", ""ASO"", ""BRA"", ""CAN"", ""CHL"", ""CHN"", ""ENE"", ""ENW"", ""EUE"", ""EUM"", ""EUW"", ""IDN"", ""IND"", ""JPN"", ""LAM"", ""MDA"", ""MEA"", ""MEX"", ""NIG"", ""RUS"", ""SKT"", ""USA""]",5494.987454113852,,,
baseline_highce_gbl,NDC+LTT,"High CE, EU + partners",highce_gbl,b,trajectory,Global,Three sectors,Three sectors,2024,GHG emissions,5249.263336500017,MtCO2e/yr,plotted,"[""Emissions|GHG|Industry|Non-Metallic Minerals|Cement"", ""Emissions|GHG|Industry|Iron and Steel"", ""Emissions|GHG|Industry|Non-Ferrous Metals|Aluminum""]","[1, 1, 1]","[""AFE"", ""AFN"", ""AFW"", ""AFZ"", ""ANZ"", ""ASC"", ""ASE"", ""ASO"", ""BRA"", ""CAN"", ""CHL"", ""CHN"", ""ENE"", ""ENW"", ""EUE"", ""EUM"", ""EUW"", ""IDN"", ""IND"", ""JPN"", ""LAM"", ""MDA"", ""MEA"", ""MEX"", ""NIG"", ""RUS"", ""SKT"", ""USA""]",5249.263336500017,,,
baseline_highce_gbl,NDC+LTT,"High CE, EU + partners",highce_gbl,b,trajectory,Global,Three sectors,Three sectors,2030,GHG emissions,3683.5788453668406,MtCO2e/yr,plotted,"[""Emissions|GHG|Industry|Non-Metallic Minerals|Cement"", ""Emissions|GHG|Industry|Iron and Steel"", ""Emissions|GHG|Industry|Non-Ferrous Metals|Aluminum""]","[1, 1, 1]","[""AFE"", ""AFN"", ""AFW"", ""AFZ"", ""ANZ"", ""ASC"", ""ASE"", ""ASO"", ""BRA"", ""CAN"", ""CHL"", ""CHN"", ""ENE"", ""ENW"", ""EUE"", ""EUM"", ""EUW"", ""IDN"", ""IND"", ""JPN"", ""LAM"", ""MDA"", ""MEA"", ""MEX"", ""NIG"", ""RUS"", ""SKT"", ""USA""]",3683.5788453668406,,,
baseline_highce_gbl,NDC+LTT,"High CE, EU + partners",highce_gbl,b,trajectory,Global,Three sectors,Three sectors,2035,GHG emissions,3191.240482532682,MtCO2e/yr,plotted,"[""Emissions|GHG|Industry|Non-Metallic Minerals|Cement"", ""Emissions|GHG|Industry|Iron and Steel"", ""Emissions|GHG|Industry|Non-Ferrous Metals|Aluminum""]","[1, 1, 1]","[""AFE"", ""AFN"", ""AFW"", ""AFZ"", ""ANZ"", ""ASC"", ""ASE"", ""ASO"", ""BRA"", ""CAN"", ""CHL"", ""CHN"", ""ENE"", ""ENW"", ""EUE"", ""EUM"", ""EUW"", ""IDN"", ""IND"", ""JPN"", ""LAM"", ""MDA"", ""MEA"", ""MEX"", ""NIG"", ""RUS"", ""SKT"", ""USA""]",3191.240482532682,,,
baseline_highce_gbl,NDC+LTT,"High CE, EU + partners",highce_gbl,b,trajectory,Global,Three sectors,Three sectors,2040,GHG emissions,2617.156568995846,MtCO2e/yr,plotted,"[""Emissions|GHG|Industry|Non-Metallic Minerals|Cement"", ""Emissions|GHG|Industry|Iron and Steel"", ""Emissions|GHG|Industry|Non-Ferrous Metals|Aluminum""]","[1, 1, 1]","[""AFE"", ""AFN"", ""AFW"", ""AFZ"", ""ANZ"", ""ASC"", ""ASE"", ""ASO"", ""BRA"", ""CAN"", ""CHL"", ""CHN"", ""ENE"", ""ENW"", ""EUE"", ""EUM"", ""EUW"", ""IDN"", ""IND"", ""JPN"", ""LAM"", ""MDA"", ""MEA"", ""MEX"", ""NIG"", ""RUS"", ""SKT"", ""USA""]",2617.156568995846,,,
baseline_highce_gbl,NDC+LTT,"High CE, EU + partners",highce_gbl,b,trajectory,Global,Three sectors,Three sectors,2050,GHG emissions,1729.4727844616923,MtCO2e/yr,plotted,"[""Emissions|GHG|Industry|Non-Metallic Minerals|Cement"", ""Emissions|GHG|Industry|Iron and Steel"", ""Emissions|GHG|Industry|Non-Ferrous Metals|Aluminum""]","[1, 1, 1]","[""AFE"", ""AFN"", ""AFW"", ""AFZ"", ""ANZ"", ""ASC"", ""ASE"", ""ASO"", ""BRA"", ""CAN"", ""CHL"", ""CHN"", ""ENE"", ""ENW"", ""EUE"", ""EUM"", ""EUW"", ""IDN"", ""IND"", ""JPN"", ""LAM"", ""MDA"", ""MEA"", ""MEX"", ""NIG"", ""RUS"", ""SKT"", ""USA""]",1729.4727844616923,,,
baseline_medce_eu,NDC+LTT,"Medium CE, EU",medce_eu,d,industry,Global,Cement,Cement,2050,GHG emissions change,-27.143285292451992,MtCO2e/yr,plotted,"[""Emissions|GHG|Industry|Non-Metallic Minerals|Cement""]",[1],"[""AFE"", ""AFN"", ""AFW"", ""AFZ"", ""ANZ"", ""ASC"", ""ASE"", ""ASO"", ""BRA"", ""CAN"", ""CHL"", ""CHN"", ""ENE"", ""ENW"", ""EUE"", ""EUM"", ""EUW"", ""IDN"", ""IND"", ""JPN"", ""LAM"", ""MDA"", ""MEA"", ""MEX"", ""NIG"", ""RUS"", ""SKT"", ""USA""]",1690.9801755509495,1718.1234608434015,baseline_noce,2050.0
baseline_medce_eu,NDC+LTT,"Medium CE, EU",medce_eu,d,industry,Global,Iron and steel,Iron and steel,2050,GHG emissions change,5.799093627152047,MtCO2e/yr,plotted,"[""Emissions|GHG|Industry|Iron and Steel""]",[1],"[""AFE"", ""AFN"", ""AFW"", ""AFZ"", ""ANZ"", ""ASC"", ""ASE"", ""ASO"", ""BRA"", ""CAN"", ""CHL"", ""CHN"", ""ENE"", ""ENW"", ""EUE"", ""EUM"", ""EUW"", ""IDN"", ""IND"", ""JPN"", ""LAM"", ""MDA"", ""MEA"", ""MEX"", ""NIG"", ""RUS"", ""SKT"", ""USA""]",746.605490292253,740.8063966651009,baseline_noce,2050.0
baseline_medce_eu,NDC+LTT,"Medium CE, EU",medce_eu,d,industry,Global,Aluminium,Aluminium,2050,GHG emissions change,6.030672213051766,MtCO2e/yr,plotted,"[""Emissions|GHG|Industry|Non-Ferrous Metals|Aluminum""]",[1],"[""AFE"", ""AFN"", ""AFW"", ""AFZ"", ""ANZ"", ""ASC"", ""ASE"", ""ASO"", ""BRA"", ""CAN"", ""CHL"", ""CHN"", ""ENE"", ""ENW"", ""EUE"", ""EUM"", ""EUW"", ""IDN"", ""IND"", ""JPN"", ""LAM"", ""MDA"", ""MEA"", ""MEX"", ""NIG"", ""RUS"", ""SKT"", ""USA""]",57.1826329869927,51.151960773940935,baseline_noce,2050.0
baseline_medce_eu,NDC+LTT,"Medium CE, EU",medce_eu,d,industry,Global,Other industry,Other industry,2050,GHG emissions change,-4.020976872384836,MtCO2e/yr,plotted,"[""Emissions|GHG|Industry"", ""Emissions|GHG|Industry|Non-Metallic Minerals|Cement"", ""Emissions|GHG|Industry|Iron and Steel"", ""Emissions|GHG|Industry|Non-Ferrous Metals|Aluminum""]","[1, -1, -1, -1]","[""AFE"", ""AFN"", ""AFW"", ""AFZ"", ""ANZ"", ""ASC"", ""ASE"", ""ASO"", ""BRA"", ""CAN"", ""CHL"", ""CHN"", ""ENE"", ""ENW"", ""EUE"", ""EUM"", ""EUW"", ""IDN"", ""IND"", ""JPN"", ""LAM"", ""MDA"", ""MEA"", ""MEX"", ""NIG"", ""RUS"", ""SKT"", ""USA""]",1938.3807223386762,1942.401699211061,baseline_noce,2050.0
baseline_medce_eu,NDC+LTT,"Medium CE, EU",medce_eu,d,industry,Global,Total industry,Total industry,2050,GHG emissions change,-19.33449632463271,MtCO2e/yr,net,"[""Emissions|GHG|Industry""]",[1],"[""AFE"", ""AFN"", ""AFW"", ""AFZ"", ""ANZ"", ""ASC"", ""ASE"", ""ASO"", ""BRA"", ""CAN"", ""CHL"", ""CHN"", ""ENE"", ""ENW"", ""EUE"", ""EUM"", ""EUW"", ""IDN"", ""IND"", ""JPN"", ""LAM"", ""MDA"", ""MEA"", ""MEX"", ""NIG"", ""RUS"", ""SKT"", ""USA""]",4433.1490211688715,4452.483517493504,baseline_noce,2050.0
baseline_medce_eu,NDC+LTT,"Medium CE, EU",medce_eu,f,geography,EU,Three sectors,EU,2050,GHG emissions change,-18.894354481052602,MtCO2e/yr,plotted,"[""Emissions|GHG|Industry|Non-Metallic Minerals|Cement"", ""Emissions|GHG|Industry|Iron and Steel"", ""Emissions|GHG|Industry|Non-Ferrous Metals|Aluminum""]","[1, 1, 1]","[""EUE"", ""EUM"", ""EUW""]",48.78516766099378,67.67952214204638,baseline_noce,2050.0
baseline_medce_eu,NDC+LTT,"Medium CE, EU",medce_eu,f,geography,India,Three sectors,India,2050,GHG emissions change,0.0006568255773800047,MtCO2e/yr,plotted,"[""Emissions|GHG|Industry|Non-Metallic Minerals|Cement"", ""Emissions|GHG|Industry|Iron and Steel"", ""Emissions|GHG|Industry|Non-Ferrous Metals|Aluminum""]","[1, 1, 1]","[""IND""]",952.2243582144971,952.2237013889197,baseline_noce,2050.0
baseline_medce_eu,NDC+LTT,"Medium CE, EU",medce_eu,f,geography,China,Three sectors,China,2050,GHG emissions change,4.796298202067931,MtCO2e/yr,plotted,"[""Emissions|GHG|Industry|Non-Metallic Minerals|Cement"", ""Emissions|GHG|Industry|Iron and Steel"", ""Emissions|GHG|Industry|Non-Ferrous Metals|Aluminum""]","[1, 1, 1]","[""CHN""]",514.5158361349314,509.7195379328635,baseline_noce,2050.0
baseline_medce_eu,NDC+LTT,"Medium CE, EU",medce_eu,f,geography,Indonesia group,Three sectors,Indonesia group,2050,GHG emissions change,-0.027206563361460212,MtCO2e/yr,plotted,"[""Emissions|GHG|Industry|Non-Metallic Minerals|Cement"", ""Emissions|GHG|Industry|Iron and Steel"", ""Emissions|GHG|Industry|Non-Ferrous Metals|Aluminum""]","[1, 1, 1]","[""IDN""]",152.11243047936685,152.1396370427283,baseline_noce,2050.0
baseline_medce_eu,NDC+LTT,"Medium CE, EU",medce_eu,f,geography,Other partners,Three sectors,Other partners,2050,GHG emissions change,-2.015850683186443,MtCO2e/yr,plotted,"[""Emissions|GHG|Industry|Non-Metallic Minerals|Cement"", ""Emissions|GHG|Industry|Iron and Steel"", ""Emissions|GHG|Industry|Non-Ferrous Metals|Aluminum""]","[1, 1, 1]","[""ANZ"", ""BRA"", ""CAN"", ""CHL"", ""ENE"", ""ENW"", ""JPN"", ""MEX"", ""RUS"", ""SKT"", ""USA""]",210.33409005872264,212.34994074190908,baseline_noce,2050.0
baseline_medce_eu,NDC+LTT,"Medium CE, EU",medce_eu,f,geography,Rest of world,Three sectors,Rest of world,2050,GHG emissions change,0.8269372477070647,MtCO2e/yr,plotted,"[""Emissions|GHG|Industry|Non-Metallic Minerals|Cement"", ""Emissions|GHG|Industry|Iron and Steel"", ""Emissions|GHG|Industry|Non-Ferrous Metals|Aluminum""]","[1, 1, 1]","[""AFE"", ""AFN"", ""AFW"", ""AFZ"", ""ASC"", ""ASE"", ""ASO"", ""LAM"", ""MDA"", ""MEA"", ""NIG""]",616.7964162816834,615.9694790339763,baseline_noce,2050.0
baseline_medce_eu,NDC+LTT,"Medium CE, EU",medce_eu,f,geography,Global,Three sectors,Global net,2050,GHG emissions change,-15.313519452247874,MtCO2e/yr,net,"[""Emissions|GHG|Industry|Non-Metallic Minerals|Cement"", ""Emissions|GHG|Industry|Iron and Steel"", ""Emissions|GHG|Industry|Non-Ferrous Metals|Aluminum""]","[1, 1, 1]","[""AFE"", ""AFN"", ""AFW"", ""AFZ"", ""ANZ"", ""ASC"", ""ASE"", ""ASO"", ""BRA"", ""CAN"", ""CHL"", ""CHN"", ""ENE"", ""ENW"", ""EUE"", ""EUM"", ""EUW"", ""IDN"", ""IND"", ""JPN"", ""LAM"", ""MDA"", ""MEA"", ""MEX"", ""NIG"", ""RUS"", ""SKT"", ""USA""]",2494.7682988301954,2510.0818182824432,baseline_noce,2050.0
baseline_highce_eu,NDC+LTT,"High CE, EU",highce_eu,d,industry,Global,Cement,Cement,2050,GHG emissions change,-37.18671596161994,MtCO2e/yr,plotted,"[""Emissions|GHG|Industry|Non-Metallic Minerals|Cement""]",[1],"[""AFE"", ""AFN"", ""AFW"", ""AFZ"", ""ANZ"", ""ASC"", ""ASE"", ""ASO"", ""BRA"", ""CAN"", ""CHL"", ""CHN"", ""ENE"", ""ENW"", ""EUE"", ""EUM"", ""EUW"", ""IDN"", ""IND"", ""JPN"", ""LAM"", ""MDA"", ""MEA"", ""MEX"", ""NIG"", ""RUS"", ""SKT"", ""USA""]",1680.9367448817816,1718.1234608434015,baseline_noce,2050.0
baseline_highce_eu,NDC+LTT,"High CE, EU",highce_eu,d,industry,Global,Iron and steel,Iron and steel,2050,GHG emissions change,7.509142197138317,MtCO2e/yr,plotted,"[""Emissions|GHG|Industry|Iron and Steel""]",[1],"[""AFE"", ""AFN"", ""AFW"", ""AFZ"", ""ANZ"", ""ASC"", ""ASE"", ""ASO"", ""BRA"", ""CAN"", ""CHL"", ""CHN"", ""ENE"", ""ENW"", ""EUE"", ""EUM"", ""EUW"", ""IDN"", ""IND"", ""JPN"", ""LAM"", ""MDA"", ""MEA"", ""MEX"", ""NIG"", ""RUS"", ""SKT"", ""USA""]",748.3155388622392,740.8063966651009,baseline_noce,2050.0
baseline_highce_eu,NDC+LTT,"High CE, EU",highce_eu,d,industry,Global,Aluminium,Aluminium,2050,GHG emissions change,6.113694719427301,MtCO2e/yr,plotted,"[""Emissions|GHG|Industry|Non-Ferrous Metals|Aluminum""]",[1],"[""AFE"", ""AFN"", ""AFW"", ""AFZ"", ""ANZ"", ""ASC"", ""ASE"", ""ASO"", ""BRA"", ""CAN"", ""CHL"", ""CHN"", ""ENE"", ""ENW"", ""EUE"", ""EUM"", ""EUW"", ""IDN"", ""IND"", ""JPN"", ""LAM"", ""MDA"", ""MEA"", ""MEX"", ""NIG"", ""RUS"", ""SKT"", ""USA""]",57.265655493368236,51.151960773940935,baseline_noce,2050.0
baseline_highce_eu,NDC+LTT,"High CE, EU",highce_eu,d,industry,Global,Other industry,Other industry,2050,GHG emissions change,-10.918596688721664,MtCO2e/yr,plotted,"[""Emissions|GHG|Industry"", ""Emissions|GHG|Industry|Non-Metallic Minerals|Cement"", ""Emissions|GHG|Industry|Iron and Steel"", ""Emissions|GHG|Industry|Non-Ferrous Metals|Aluminum""]","[1, -1, -1, -1]","[""AFE"", ""AFN"", ""AFW"", ""AFZ"", ""ANZ"", ""ASC"", ""ASE"", ""ASO"", ""BRA"", ""CAN"", ""CHL"", ""CHN"", ""ENE"", ""ENW"", ""EUE"", ""EUM"", ""EUW"", ""IDN"", ""IND"", ""JPN"", ""LAM"", ""MDA"", ""MEA"", ""MEX"", ""NIG"", ""RUS"", ""SKT"", ""USA""]",1931.4831025223393,1942.401699211061,baseline_noce,2050.0
baseline_highce_eu,NDC+LTT,"High CE, EU",highce_eu,d,industry,Global,Total industry,Total industry,2050,GHG emissions change,-34.48247573377557,MtCO2e/yr,net,"[""Emissions|GHG|Industry""]",[1],"[""AFE"", ""AFN"", ""AFW"", ""AFZ"", ""ANZ"", ""ASC"", ""ASE"", ""ASO"", ""BRA"", ""CAN"", ""CHL"", ""CHN"", ""ENE"", ""ENW"", ""EUE"", ""EUM"", ""EUW"", ""IDN"", ""IND"", ""JPN"", ""LAM"", ""MDA"", ""MEA"", ""MEX"", ""NIG"", ""RUS"", ""SKT"", ""USA""]",4418.001041759729,4452.483517493504,baseline_noce,2050.0
baseline_highce_eu,NDC+LTT,"High CE, EU",highce_eu,f,geography,EU,Three sectors,EU,2050,GHG emissions change,-25.74452542465245,MtCO2e/yr,plotted,"[""Emissions|GHG|Industry|Non-Metallic Minerals|Cement"", ""Emissions|GHG|Industry|Iron and Steel"", ""Emissions|GHG|Industry|Non-Ferrous Metals|Aluminum""]","[1, 1, 1]","[""EUE"", ""EUM"", ""EUW""]",41.93499671739393,67.67952214204638,baseline_noce,2050.0
baseline_highce_eu,NDC+LTT,"High CE, EU",highce_eu,f,geography,India,Three sectors,India,2050,GHG emissions change,0.001842534170577892,MtCO2e/yr,plotted,"[""Emissions|GHG|Industry|Non-Metallic Minerals|Cement"", ""Emissions|GHG|Industry|Iron and Steel"", ""Emissions|GHG|Industry|Non-Ferrous Metals|Aluminum""]","[1, 1, 1]","[""IND""]",952.2255439230903,952.2237013889197,baseline_noce,2050.0
baseline_highce_eu,NDC+LTT,"High CE, EU",highce_eu,f,geography,China,Three sectors,China,2050,GHG emissions change,4.995327894316631,MtCO2e/yr,plotted,"[""Emissions|GHG|Industry|Non-Metallic Minerals|Cement"", ""Emissions|GHG|Industry|Iron and Steel"", ""Emissions|GHG|Industry|Non-Ferrous Metals|Aluminum""]","[1, 1, 1]","[""CHN""]",514.7148658271801,509.7195379328635,baseline_noce,2050.0
baseline_highce_eu,NDC+LTT,"High CE, EU",highce_eu,f,geography,Indonesia group,Three sectors,Indonesia group,2050,GHG emissions change,-0.02720659582649887,MtCO2e/yr,plotted,"[""Emissions|GHG|Industry|Non-Metallic Minerals|Cement"", ""Emissions|GHG|Industry|Iron and Steel"", ""Emissions|GHG|Industry|Non-Ferrous Metals|Aluminum""]","[1, 1, 1]","[""IDN""]",152.1124304469018,152.1396370427283,baseline_noce,2050.0
baseline_highce_eu,NDC+LTT,"High CE, EU",highce_eu,f,geography,Other partners,Three sectors,Other partners,2050,GHG emissions change,-3.5579955789432063,MtCO2e/yr,plotted,"[""Emissions|GHG|Industry|Non-Metallic Minerals|Cement"", ""Emissions|GHG|Industry|Iron and Steel"", ""Emissions|GHG|Industry|Non-Ferrous Metals|Aluminum""]","[1, 1, 1]","[""ANZ"", ""BRA"", ""CAN"", ""CHL"", ""ENE"", ""ENW"", ""JPN"", ""MEX"", ""RUS"", ""SKT"", ""USA""]",208.79194516296587,212.34994074190908,baseline_noce,2050.0
baseline_highce_eu,NDC+LTT,"High CE, EU",highce_eu,f,geography,Rest of world,Three sectors,Rest of world,2050,GHG emissions change,0.7686781258810242,MtCO2e/yr,plotted,"[""Emissions|GHG|Industry|Non-Metallic Minerals|Cement"", ""Emissions|GHG|Industry|Iron and Steel"", ""Emissions|GHG|Industry|Non-Ferrous Metals|Aluminum""]","[1, 1, 1]","[""AFE"", ""AFN"", ""AFW"", ""AFZ"", ""ASC"", ""ASE"", ""ASO"", ""LAM"", ""MDA"", ""MEA"", ""NIG""]",616.7381571598573,615.9694790339763,baseline_noce,2050.0
baseline_highce_eu,NDC+LTT,"High CE, EU",highce_eu,f,geography,Global,Three sectors,Global net,2050,GHG emissions change,-23.56387904505391,MtCO2e/yr,net,"[""Emissions|GHG|Industry|Non-Metallic Minerals|Cement"", ""Emissions|GHG|Industry|Iron and Steel"", ""Emissions|GHG|Industry|Non-Ferrous Metals|Aluminum""]","[1, 1, 1]","[""AFE"", ""AFN"", ""AFW"", ""AFZ"", ""ANZ"", ""ASC"", ""ASE"", ""ASO"", ""BRA"", ""CAN"", ""CHL"", ""CHN"", ""ENE"", ""ENW"", ""EUE"", ""EUM"", ""EUW"", ""IDN"", ""IND"", ""JPN"", ""LAM"", ""MDA"", ""MEA"", ""MEX"", ""NIG"", ""RUS"", ""SKT"", ""USA""]",2486.5179392373893,2510.0818182824432,baseline_noce,2050.0
baseline_medce_gbl,NDC+LTT,"Medium CE, EU + partners",medce_gbl,d,industry,Global,Cement,Cement,2050,GHG emissions change,-367.88296540482725,MtCO2e/yr,plotted,"[""Emissions|GHG|Industry|Non-Metallic Minerals|Cement""]",[1],"[""AFE"", ""AFN"", ""AFW"", ""AFZ"", ""ANZ"", ""ASC"", ""ASE"", ""ASO"", ""BRA"", ""CAN"", ""CHL"", ""CHN"", ""ENE"", ""ENW"", ""EUE"", ""EUM"", ""EUW"", ""IDN"", ""IND"", ""JPN"", ""LAM"", ""MDA"", ""MEA"", ""MEX"", ""NIG"", ""RUS"", ""SKT"", ""USA""]",1350.2404954385743,1718.1234608434015,baseline_noce,2050.0
baseline_medce_gbl,NDC+LTT,"Medium CE, EU + partners",medce_gbl,d,industry,Global,Iron and steel,Iron and steel,2050,GHG emissions change,-102.35384721350647,MtCO2e/yr,plotted,"[""Emissions|GHG|Industry|Iron and Steel""]",[1],"[""AFE"", ""AFN"", ""AFW"", ""AFZ"", ""ANZ"", ""ASC"", ""ASE"", ""ASO"", ""BRA"", ""CAN"", ""CHL"", ""CHN"", ""ENE"", ""ENW"", ""EUE"", ""EUM"", ""EUW"", ""IDN"", ""IND"", ""JPN"", ""LAM"", ""MDA"", ""MEA"", ""MEX"", ""NIG"", ""RUS"", ""SKT"", ""USA""]",638.4525494515945,740.8063966651009,baseline_noce,2050.0
baseline_medce_gbl,NDC+LTT,"Medium CE, EU + partners",medce_gbl,d,industry,Global,Aluminium,Aluminium,2050,GHG emissions change,-4.239978177138681,MtCO2e/yr,plotted,"[""Emissions|GHG|Industry|Non-Ferrous Metals|Aluminum""]",[1],"[""AFE"", ""AFN"", ""AFW"", ""AFZ"", ""ANZ"", ""ASC"", ""ASE"", ""ASO"", ""BRA"", ""CAN"", ""CHL"", ""CHN"", ""ENE"", ""ENW"", ""EUE"", ""EUM"", ""EUW"", ""IDN"", ""IND"", ""JPN"", ""LAM"", ""MDA"", ""MEA"", ""MEX"", ""NIG"", ""RUS"", ""SKT"", ""USA""]",46.911982596802254,51.151960773940935,baseline_noce,2050.0
baseline_medce_gbl,NDC+LTT,"Medium CE, EU + partners",medce_gbl,d,industry,Global,Other industry,Other industry,2050,GHG emissions change,143.9159728049044,MtCO2e/yr,plotted,"[""Emissions|GHG|Industry"", ""Emissions|GHG|Industry|Non-Metallic Minerals|Cement"", ""Emissions|GHG|Industry|Iron and Steel"", ""Emissions|GHG|Industry|Non-Ferrous Metals|Aluminum""]","[1, -1, -1, -1]","[""AFE"", ""AFN"", ""AFW"", ""AFZ"", ""ANZ"", ""ASC"", ""ASE"", ""ASO"", ""BRA"", ""CAN"", ""CHL"", ""CHN"", ""ENE"", ""ENW"", ""EUE"", ""EUM"", ""EUW"", ""IDN"", ""IND"", ""JPN"", ""LAM"", ""MDA"", ""MEA"", ""MEX"", ""NIG"", ""RUS"", ""SKT"", ""USA""]",2086.3176720159654,1942.401699211061,baseline_noce,2050.0
baseline_medce_gbl,NDC+LTT,"Medium CE, EU + partners",medce_gbl,d,industry,Global,Total industry,Total industry,2050,GHG emissions change,-330.56081799056756,MtCO2e/yr,net,"[""Emissions|GHG|Industry""]",[1],"[""AFE"", ""AFN"", ""AFW"", ""AFZ"", ""ANZ"", ""ASC"", ""ASE"", ""ASO"", ""BRA"", ""CAN"", ""CHL"", ""CHN"", ""ENE"", ""ENW"", ""EUE"", ""EUM"", ""EUW"", ""IDN"", ""IND"", ""JPN"", ""LAM"", ""MDA"", ""MEA"", ""MEX"", ""NIG"", ""RUS"", ""SKT"", ""USA""]",4121.922699502937,4452.483517493504,baseline_noce,2050.0
baseline_medce_gbl,NDC+LTT,"Medium CE, EU + partners",medce_gbl,f,geography,EU,Three sectors,EU,2050,GHG emissions change,-26.006087307109034,MtCO2e/yr,plotted,"[""Emissions|GHG|Industry|Non-Metallic Minerals|Cement"", ""Emissions|GHG|Industry|Iron and Steel"", ""Emissions|GHG|Industry|Non-Ferrous Metals|Aluminum""]","[1, 1, 1]","[""EUE"", ""EUM"", ""EUW""]",41.673434834937346,67.67952214204638,baseline_noce,2050.0
baseline_medce_gbl,NDC+LTT,"Medium CE, EU + partners",medce_gbl,f,geography,India,Three sectors,India,2050,GHG emissions change,-249.4192705998455,MtCO2e/yr,plotted,"[""Emissions|GHG|Industry|Non-Metallic Minerals|Cement"", ""Emissions|GHG|Industry|Iron and Steel"", ""Emissions|GHG|Industry|Non-Ferrous Metals|Aluminum""]","[1, 1, 1]","[""IND""]",702.8044307890742,952.2237013889197,baseline_noce,2050.0
baseline_medce_gbl,NDC+LTT,"Medium CE, EU + partners",medce_gbl,f,geography,China,Three sectors,China,2050,GHG emissions change,-78.34347136016419,MtCO2e/yr,plotted,"[""Emissions|GHG|Industry|Non-Metallic Minerals|Cement"", ""Emissions|GHG|Industry|Iron and Steel"", ""Emissions|GHG|Industry|Non-Ferrous Metals|Aluminum""]","[1, 1, 1]","[""CHN""]",431.3760665726993,509.7195379328635,baseline_noce,2050.0
baseline_medce_gbl,NDC+LTT,"Medium CE, EU + partners",medce_gbl,f,geography,Indonesia group,Three sectors,Indonesia group,2050,GHG emissions change,-56.537422564973255,MtCO2e/yr,plotted,"[""Emissions|GHG|Industry|Non-Metallic Minerals|Cement"", ""Emissions|GHG|Industry|Iron and Steel"", ""Emissions|GHG|Industry|Non-Ferrous Metals|Aluminum""]","[1, 1, 1]","[""IDN""]",95.60221447775506,152.1396370427283,baseline_noce,2050.0
baseline_medce_gbl,NDC+LTT,"Medium CE, EU + partners",medce_gbl,f,geography,Other partners,Three sectors,Other partners,2050,GHG emissions change,-65.83301426929043,MtCO2e/yr,plotted,"[""Emissions|GHG|Industry|Non-Metallic Minerals|Cement"", ""Emissions|GHG|Industry|Iron and Steel"", ""Emissions|GHG|Industry|Non-Ferrous Metals|Aluminum""]","[1, 1, 1]","[""ANZ"", ""BRA"", ""CAN"", ""CHL"", ""ENE"", ""ENW"", ""JPN"", ""MEX"", ""RUS"", ""SKT"", ""USA""]",146.51692647261865,212.34994074190908,baseline_noce,2050.0
baseline_medce_gbl,NDC+LTT,"Medium CE, EU + partners",medce_gbl,f,geography,Rest of world,Three sectors,Rest of world,2050,GHG emissions change,1.6624753059098794,MtCO2e/yr,plotted,"[""Emissions|GHG|Industry|Non-Metallic Minerals|Cement"", ""Emissions|GHG|Industry|Iron and Steel"", ""Emissions|GHG|Industry|Non-Ferrous Metals|Aluminum""]","[1, 1, 1]","[""AFE"", ""AFN"", ""AFW"", ""AFZ"", ""ASC"", ""ASE"", ""ASO"", ""LAM"", ""MDA"", ""MEA"", ""NIG""]",617.6319543398862,615.9694790339763,baseline_noce,2050.0
baseline_medce_gbl,NDC+LTT,"Medium CE, EU + partners",medce_gbl,f,geography,Global,Three sectors,Global net,2050,GHG emissions change,-474.4767907954722,MtCO2e/yr,net,"[""Emissions|GHG|Industry|Non-Metallic Minerals|Cement"", ""Emissions|GHG|Industry|Iron and Steel"", ""Emissions|GHG|Industry|Non-Ferrous Metals|Aluminum""]","[1, 1, 1]","[""AFE"", ""AFN"", ""AFW"", ""AFZ"", ""ANZ"", ""ASC"", ""ASE"", ""ASO"", ""BRA"", ""CAN"", ""CHL"", ""CHN"", ""ENE"", ""ENW"", ""EUE"", ""EUM"", ""EUW"", ""IDN"", ""IND"", ""JPN"", ""LAM"", ""MDA"", ""MEA"", ""MEX"", ""NIG"", ""RUS"", ""SKT"", ""USA""]",2035.605027486971,2510.0818182824432,baseline_noce,2050.0
baseline_highce_gbl,NDC+LTT,"High CE, EU + partners",highce_gbl,d,industry,Global,Cement,Cement,2050,GHG emissions change,-508.95750487797864,MtCO2e/yr,plotted,"[""Emissions|GHG|Industry|Non-Metallic Minerals|Cement""]",[1],"[""AFE"", ""AFN"", ""AFW"", ""AFZ"", ""ANZ"", ""ASC"", ""ASE"", ""ASO"", ""BRA"", ""CAN"", ""CHL"", ""CHN"", ""ENE"", ""ENW"", ""EUE"", ""EUM"", ""EUW"", ""IDN"", ""IND"", ""JPN"", ""LAM"", ""MDA"", ""MEA"", ""MEX"", ""NIG"", ""RUS"", ""SKT"", ""USA""]",1209.1659559654229,1718.1234608434015,baseline_noce,2050.0
baseline_highce_gbl,NDC+LTT,"High CE, EU + partners",highce_gbl,d,industry,Global,Iron and steel,Iron and steel,2050,GHG emissions change,-263.0518538130651,MtCO2e/yr,plotted,"[""Emissions|GHG|Industry|Iron and Steel""]",[1],"[""AFE"", ""AFN"", ""AFW"", ""AFZ"", ""ANZ"", ""ASC"", ""ASE"", ""ASO"", ""BRA"", ""CAN"", ""CHL"", ""CHN"", ""ENE"", ""ENW"", ""EUE"", ""EUM"", ""EUW"", ""IDN"", ""IND"", ""JPN"", ""LAM"", ""MDA"", ""MEA"", ""MEX"", ""NIG"", ""RUS"", ""SKT"", ""USA""]",477.7545428520358,740.8063966651009,baseline_noce,2050.0
baseline_highce_gbl,NDC+LTT,"High CE, EU + partners",highce_gbl,d,industry,Global,Aluminium,Aluminium,2050,GHG emissions change,-8.599675129707364,MtCO2e/yr,plotted,"[""Emissions|GHG|Industry|Non-Ferrous Metals|Aluminum""]",[1],"[""AFE"", ""AFN"", ""AFW"", ""AFZ"", ""ANZ"", ""ASC"", ""ASE"", ""ASO"", ""BRA"", ""CAN"", ""CHL"", ""CHN"", ""ENE"", ""ENW"", ""EUE"", ""EUM"", ""EUW"", ""IDN"", ""IND"", ""JPN"", ""LAM"", ""MDA"", ""MEA"", ""MEX"", ""NIG"", ""RUS"", ""SKT"", ""USA""]",42.55228564423357,51.151960773940935,baseline_noce,2050.0
baseline_highce_gbl,NDC+LTT,"High CE, EU + partners",highce_gbl,d,industry,Global,Other industry,Other industry,2050,GHG emissions change,440.54724961000875,MtCO2e/yr,plotted,"[""Emissions|GHG|Industry"", ""Emissions|GHG|Industry|Non-Metallic Minerals|Cement"", ""Emissions|GHG|Industry|Iron and Steel"", ""Emissions|GHG|Industry|Non-Ferrous Metals|Aluminum""]","[1, -1, -1, -1]","[""AFE"", ""AFN"", ""AFW"", ""AFZ"", ""ANZ"", ""ASC"", ""ASE"", ""ASO"", ""BRA"", ""CAN"", ""CHL"", ""CHN"", ""ENE"", ""ENW"", ""EUE"", ""EUM"", ""EUW"", ""IDN"", ""IND"", ""JPN"", ""LAM"", ""MDA"", ""MEA"", ""MEX"", ""NIG"", ""RUS"", ""SKT"", ""USA""]",2382.9489488210697,1942.401699211061,baseline_noce,2050.0
baseline_highce_gbl,NDC+LTT,"High CE, EU + partners",highce_gbl,d,industry,Global,Total industry,Total industry,2050,GHG emissions change,-340.0617842107422,MtCO2e/yr,net,"[""Emissions|GHG|Industry""]",[1],"[""AFE"", ""AFN"", ""AFW"", ""AFZ"", ""ANZ"", ""ASC"", ""ASE"", ""ASO"", ""BRA"", ""CAN"", ""CHL"", ""CHN"", ""ENE"", ""ENW"", ""EUE"", ""EUM"", ""EUW"", ""IDN"", ""IND"", ""JPN"", ""LAM"", ""MDA"", ""MEA"", ""MEX"", ""NIG"", ""RUS"", ""SKT"", ""USA""]",4112.421733282762,4452.483517493504,baseline_noce,2050.0
baseline_highce_gbl,NDC+LTT,"High CE, EU + partners",highce_gbl,f,geography,EU,Three sectors,EU,2050,GHG emissions change,-34.507384581441606,MtCO2e/yr,plotted,"[""Emissions|GHG|Industry|Non-Metallic Minerals|Cement"", ""Emissions|GHG|Industry|Iron and Steel"", ""Emissions|GHG|Industry|Non-Ferrous Metals|Aluminum""]","[1, 1, 1]","[""EUE"", ""EUM"", ""EUW""]",33.172137560604774,67.67952214204638,baseline_noce,2050.0
baseline_highce_gbl,NDC+LTT,"High CE, EU + partners",highce_gbl,f,geography,India,Three sectors,India,2050,GHG emissions change,-468.64906939997525,MtCO2e/yr,plotted,"[""Emissions|GHG|Industry|Non-Metallic Minerals|Cement"", ""Emissions|GHG|Industry|Iron and Steel"", ""Emissions|GHG|Industry|Non-Ferrous Metals|Aluminum""]","[1, 1, 1]","[""IND""]",483.5746319889445,952.2237013889197,baseline_noce,2050.0
baseline_highce_gbl,NDC+LTT,"High CE, EU + partners",highce_gbl,f,geography,China,Three sectors,China,2050,GHG emissions change,-126.6698539371261,MtCO2e/yr,plotted,"[""Emissions|GHG|Industry|Non-Metallic Minerals|Cement"", ""Emissions|GHG|Industry|Iron and Steel"", ""Emissions|GHG|Industry|Non-Ferrous Metals|Aluminum""]","[1, 1, 1]","[""CHN""]",383.0496839957374,509.7195379328635,baseline_noce,2050.0
baseline_highce_gbl,NDC+LTT,"High CE, EU + partners",highce_gbl,f,geography,Indonesia group,Three sectors,Indonesia group,2050,GHG emissions change,-72.33497785066912,MtCO2e/yr,plotted,"[""Emissions|GHG|Industry|Non-Metallic Minerals|Cement"", ""Emissions|GHG|Industry|Iron and Steel"", ""Emissions|GHG|Industry|Non-Ferrous Metals|Aluminum""]","[1, 1, 1]","[""IDN""]",79.80465919205919,152.1396370427283,baseline_noce,2050.0
baseline_highce_gbl,NDC+LTT,"High CE, EU + partners",highce_gbl,f,geography,Other partners,Three sectors,Other partners,2050,GHG emissions change,-80.38128766654913,MtCO2e/yr,plotted,"[""Emissions|GHG|Industry|Non-Metallic Minerals|Cement"", ""Emissions|GHG|Industry|Iron and Steel"", ""Emissions|GHG|Industry|Non-Ferrous Metals|Aluminum""]","[1, 1, 1]","[""ANZ"", ""BRA"", ""CAN"", ""CHL"", ""ENE"", ""ENW"", ""JPN"", ""MEX"", ""RUS"", ""SKT"", ""USA""]",131.96865307535995,212.34994074190908,baseline_noce,2050.0
baseline_highce_gbl,NDC+LTT,"High CE, EU + partners",highce_gbl,f,geography,Rest of world,Three sectors,Rest of world,2050,GHG emissions change,1.9335396150102042,MtCO2e/yr,plotted,"[""Emissions|GHG|Industry|Non-Metallic Minerals|Cement"", ""Emissions|GHG|Industry|Iron and Steel"", ""Emissions|GHG|Industry|Non-Ferrous Metals|Aluminum""]","[1, 1, 1]","[""AFE"", ""AFN"", ""AFW"", ""AFZ"", ""ASC"", ""ASE"", ""ASO"", ""LAM"", ""MDA"", ""MEA"", ""NIG""]",617.9030186489865,615.9694790339763,baseline_noce,2050.0
baseline_highce_gbl,NDC+LTT,"High CE, EU + partners",highce_gbl,f,geography,Global,Three sectors,Global net,2050,GHG emissions change,-780.6090338207509,MtCO2e/yr,net,"[""Emissions|GHG|Industry|Non-Metallic Minerals|Cement"", ""Emissions|GHG|Industry|Iron and Steel"", ""Emissions|GHG|Industry|Non-Ferrous Metals|Aluminum""]","[1, 1, 1]","[""AFE"", ""AFN"", ""AFW"", ""AFZ"", ""ANZ"", ""ASC"", ""ASE"", ""ASO"", ""BRA"", ""CAN"", ""CHL"", ""CHN"", ""ENE"", ""ENW"", ""EUE"", ""EUM"", ""EUW"", ""IDN"", ""IND"", ""JPN"", ""LAM"", ""MDA"", ""MEA"", ""MEX"", ""NIG"", ""RUS"", ""SKT"", ""USA""]",1729.4727844616923,2510.0818182824432,baseline_noce,2050.0
