Scenario,Region,Sector,Year,Reported_GJ_per_t,Derived_GJ_per_t,Difference_GJ_per_t
baseline_noce,AFE,Cement,2019,6.3101779025049,3.3608348644467996,2.9493430380581
baseline_noce,AFE,Cement,2024,5.8412571014881,3.2380637182724703,2.60319338321563
baseline_noce,AFE,Cement,2030,5.326824321707001,3.097353125562111,2.22947119614489
baseline_noce,AFE,Cement,2035,5.2022258448883,3.0395221629109446,2.1627036819773555
baseline_noce,AFE,Cement,2040,4.9269295210641,2.994521532311532,1.9324079887525678
baseline_noce,AFE,Cement,2050,4.8770020202379,2.9417429829376633,1.935259037300237
baseline_noce,AFN,Cement,2019,5.791324574545399,3.117789382807382,2.6735351917380172
baseline_noce,AFN,Cement,2024,5.599900794529001,3.04599936528727,2.553901429241731
baseline_noce,AFN,Cement,2030,5.3777629271484,2.965106184108211,2.4126567430401895
baseline_noce,AFN,Cement,2035,5.194421829073,2.8962091455144936,2.298212683558506
baseline_noce,AFN,Cement,2040,5.0300655980852,2.834439966241208,2.1956256318439915
baseline_noce,AFN,Cement,2050,4.7771043075173,2.739353709928854,2.0377505975884462
baseline_noce,AFW,Cement,2019,3.5217197323745,1.983548506963587,1.5381712254109132
baseline_noce,AFW,Cement,2024,3.7679205431133003,2.1406902668005174,1.6272302763127828
baseline_noce,AFW,Cement,2030,3.9516024134871,2.2579278137320333,1.6936745997550666
baseline_noce,AFW,Cement,2035,4.0765721632838,2.3376915093622204,1.73888065392158
baseline_noce,AFW,Cement,2040,4.1800510462127995,2.403738350200855,1.7763126960119444
baseline_noce,AFW,Cement,2050,4.3118934478526,2.4878885632816194,1.8240048845709804
baseline_noce,AFZ,Cement,2019,5.9079974631439,3.1895056013046355,2.7184918618392646
baseline_noce,AFZ,Cement,2024,5.8045067645633,3.149847156543191,2.6546596080201086
baseline_noce,AFZ,Cement,2030,5.6935186639105,3.158035053392814,2.535483610517686
baseline_noce,AFZ,Cement,2035,5.5367615571422,3.098915243651026,2.4378463134911743
baseline_noce,AFZ,Cement,2040,5.3140135985232,3.0071028435576337,2.3069107549655663
baseline_noce,AFZ,Cement,2050,4.9238406666855,2.888581260030251,2.035259406655249
baseline_noce,ANZ,Cement,2019,4.5534396520319005,2.523479815075749,2.0299598369561513
baseline_noce,ANZ,Cement,2024,4.5154144086873,2.517877104429378,1.9975373042579219
baseline_noce,ANZ,Cement,2030,4.591435049024399,2.6089079676749,1.9825270813494993
baseline_noce,ANZ,Cement,2035,4.6217026078908,2.6784912290335217,1.9432113788572782
baseline_noce,ANZ,Cement,2040,4.6539203771765,2.703758550251564,1.9501618269249361
baseline_noce,ANZ,Cement,2050,4.7564593729192,2.841724757339807,1.914734615579393
baseline_noce,ASC,Cement,2019,5.6858974022186,3.048705249086156,2.6371921531324443
baseline_noce,ASC,Cement,2024,5.4073191379732,2.951121891884584,2.456197246088616
baseline_noce,ASC,Cement,2030,5.1674387358317,2.8752250629090708,2.2922136729226295
baseline_noce,ASC,Cement,2035,5.0205138873853,2.8230989535067774,2.1974149338785223
baseline_noce,ASC,Cement,2040,4.898362298145201,2.7798632820776747,2.118499016067526
baseline_noce,ASC,Cement,2050,4.711893210800399,2.7138087979419607,1.9980844128584385
baseline_noce,ASE,Cement,2019,6.9302625979186,3.746072413814851,3.1841901841037488
baseline_noce,ASE,Cement,2024,6.4906582620707995,3.568396364014463,2.9222618980563366
baseline_noce,ASE,Cement,2030,6.1633564806048,3.494818762732355,2.6685377178724448
baseline_noce,ASE,Cement,2035,5.8205996902019,3.429767954806868,2.390831735395032
baseline_noce,ASE,Cement,2040,5.4610534378704,3.360021077165604,2.1010323607047963
baseline_noce,ASE,Cement,2050,4.9322896513159,3.281993697905905,1.6502959534099948
baseline_noce,ASO,Cement,2019,3.7894057563637,2.100448791390852,1.688956964972848
baseline_noce,ASO,Cement,2024,3.8648637066686,2.156403404722557,1.708460301946043
baseline_noce,ASO,Cement,2030,3.9340564388927,2.295886582065731,1.638169856826969
baseline_noce,ASO,Cement,2035,3.9243032878540998,2.378706678004139,1.545596609849961
baseline_noce,ASO,Cement,2040,3.8201742148523,2.425532403091234,1.394641811761066
baseline_noce,ASO,Cement,2050,3.9790778957245996,2.4878886079678653,1.4911892877567343
baseline_noce,BRA,Cement,2019,5.1711022980955,2.8423792064644875,2.328723091631012
baseline_noce,BRA,Cement,2024,4.6984373432053,2.6940337872097264,2.0044035559955735
baseline_noce,BRA,Cement,2030,4.3410082137043,2.646519700869467,1.694488512834833
baseline_noce,BRA,Cement,2035,3.819060945513,2.5634386786960452,1.2556222668169545
baseline_noce,BRA,Cement,2040,3.6367469866145,2.52837494635008,1.10837204026442
baseline_noce,BRA,Cement,2050,3.3462440881864,2.487888630324762,0.8583554578616379
baseline_noce,CAN,Cement,2019,7.3129239009011995,4.0693687374072,3.2435551634939994
baseline_noce,CAN,Cement,2024,7.0474821566022,3.9349941935033086,3.1124879630988915
baseline_noce,CAN,Cement,2030,6.873716787157701,3.8987005094575484,2.9750162777001523
baseline_noce,CAN,Cement,2035,6.8289945290013,3.906159142109279,2.922835386892021
baseline_noce,CAN,Cement,2040,6.7276556808887005,3.887699492232971,2.8399561886557296
baseline_noce,CAN,Cement,2050,6.720093886374199,3.96626540987877,2.7538284764954293
baseline_noce,CHL,Cement,2019,2.7156666406914,1.5629754666230038,1.1526911740683963
baseline_noce,CHL,Cement,2024,2.8371742429994997,1.6333846557637952,1.2037895872357045
baseline_noce,CHL,Cement,2030,3.4358977358651,1.9986760318887018,1.4372217039763984
baseline_noce,CHL,Cement,2035,3.780954342782,2.193330613658479,1.587623729123521
baseline_noce,CHL,Cement,2040,4.1029359145486,2.4004402598497365,1.7024956546988634
baseline_noce,CHL,Cement,2050,4.746302114922,2.8383389990543835,1.9079631158676165
baseline_noce,CHN,Cement,2019,4.921160903425299,2.668722451479722,2.2524384519455776
baseline_noce,CHN,Cement,2024,4.8745741833609,2.645404339570499,2.229169843790401
baseline_noce,CHN,Cement,2030,4.8676120347816,2.6489088138091086,2.2187032209724915
baseline_noce,CHN,Cement,2035,4.9337426778978,2.6876060613764827,2.246136616521317
baseline_noce,CHN,Cement,2040,4.7669993910766,2.639305794896449,2.127693596180151
baseline_noce,CHN,Cement,2050,4.006873444435199,2.530663913367105,1.4762095310680943
baseline_noce,ENE,Cement,2019,6.333181244479101,3.3960394828598064,2.9371417616192943
baseline_noce,ENE,Cement,2024,6.279425197724899,3.375059713780795,2.904365483944104
baseline_noce,ENE,Cement,2030,5.9027737192095,3.2306882992275314,2.6720854199819684
baseline_noce,ENE,Cement,2035,5.6457454884021,3.1301739526167616,2.5155715357853383
baseline_noce,ENE,Cement,2040,5.4374031185538,3.0487747230261992,2.388628395527601
baseline_noce,ENE,Cement,2050,5.097593351994799,2.9160968839665777,2.1814964680282216
baseline_noce,ENW,Cement,2019,7.056689341098,4.108095879360104,2.9485934617378957
baseline_noce,ENW,Cement,2024,6.7264345493967,4.000296156296514,2.726138393100186
baseline_noce,ENW,Cement,2030,6.2727785924603,3.879017915383409,2.3937606770768913
baseline_noce,ENW,Cement,2035,5.7747009590305,3.7334681766915545,2.041232782338945
baseline_noce,ENW,Cement,2040,5.2791495281475,3.584504175163966,1.6946453529835344
baseline_noce,ENW,Cement,2050,4.6160270340958,3.394876452068018,1.2211505820277817
baseline_noce,EUE,Cement,2019,5.3265966366668005,3.2821217023848375,2.044474934281963
baseline_noce,EUE,Cement,2024,5.1014592575498,3.2059102293117165,1.8955490282380838
baseline_noce,EUE,Cement,2030,5.1204839659851,3.177091350716918,1.943392615268182
baseline_noce,EUE,Cement,2035,4.8648075317151,3.092957121799617,1.7718504099154835
baseline_noce,EUE,Cement,2040,4.6025859927885,3.0037088073693883,1.5988771854191115
baseline_noce,EUE,Cement,2050,4.1106691845495,2.836225671762358,1.2744435127871419
baseline_noce,EUM,Cement,2019,6.5306685569975995,3.698238405609386,2.8324301513882135
baseline_noce,EUM,Cement,2024,6.1595972209504,3.574503591714438,2.585093629235962
baseline_noce,EUM,Cement,2030,5.6632025176876,3.442868786983775,2.2203337307038256
baseline_noce,EUM,Cement,2035,5.3290160066659,3.359734183646533,1.969281823019367
baseline_noce,EUM,Cement,2040,4.9752095942454,3.267620331772348,1.7075892624730522
baseline_noce,EUM,Cement,2050,4.1934637016242,3.0930455006311366,1.1004182009930634
baseline_noce,EUW,Cement,2019,5.3007777273834,3.168961447865455,2.131816279517945
baseline_noce,EUW,Cement,2024,5.2579967665,3.137360016456407,2.1206367500435928
baseline_noce,EUW,Cement,2030,5.2361979504104,3.11480074552908,2.12139720488132
baseline_noce,EUW,Cement,2035,4.9065771341527995,3.013981708979944,1.8925954251728556
baseline_noce,EUW,Cement,2040,4.5913292008852995,2.915966351009571,1.6753628498757287
baseline_noce,EUW,Cement,2050,3.9389247410409003,2.7322208647394506,1.2067038763014497
baseline_noce,IDN,Cement,2019,6.6056067190397005,3.4802829828772506,3.12532373616245
baseline_noce,IDN,Cement,2024,6.3756920434303,3.39745252914339,2.9782395142869103
baseline_noce,IDN,Cement,2030,6.056185283761599,3.2913667387105146,2.7648185450510847
baseline_noce,IDN,Cement,2035,5.8069938797049,3.2010483441252005,2.6059455355797
baseline_noce,IDN,Cement,2040,5.5968882956646,3.1251171229836148,2.4717711726809855
baseline_noce,IDN,Cement,2050,5.1236394911779,2.998580739369647,2.125058751808253
baseline_noce,IND,Cement,2019,5.2537242241844,2.874258440768885,2.379465783415515
baseline_noce,IND,Cement,2024,4.9320442906711,2.8081029518804472,2.1239413387906527
baseline_noce,IND,Cement,2030,4.6212236932878,2.7480016615173333,1.8732220317704669
baseline_noce,IND,Cement,2035,4.381250836195,2.734035352146777,1.647215484048223
baseline_noce,IND,Cement,2040,4.2376567689307,2.72491154733887,1.51274522159183
baseline_noce,IND,Cement,2050,3.9737638954027,2.7115976226411416,1.2621662727615583
baseline_noce,JPN,Cement,2019,6.0758168230652,3.3788445624104604,2.6969722606547393
baseline_noce,JPN,Cement,2024,5.9987260893161,3.338100346713391,2.6606257426027087
baseline_noce,JPN,Cement,2030,6.0377486414553,3.399331710547345,2.638416930907955
baseline_noce,JPN,Cement,2035,5.8439460471241,3.411181023641715,2.432765023482385
baseline_noce,JPN,Cement,2040,5.3667858464883,3.3383087420424813,2.0284771044458187
baseline_noce,JPN,Cement,2050,4.5725552729336,3.2354799039001523,1.3370753690334474
baseline_noce,LAM,Cement,2019,5.926083025400899,3.180892047666598,2.7451909777343015
baseline_noce,LAM,Cement,2024,5.64042802279,3.0691982768225112,2.571229745967489
baseline_noce,LAM,Cement,2030,5.3255639902365,2.961076317388256,2.364487672848244
baseline_noce,LAM,Cement,2035,4.981181019572699,2.879441144765561,2.1017398748071385
baseline_noce,LAM,Cement,2040,4.6467652932165,2.8147638389529255,1.8320014542635747
baseline_noce,LAM,Cement,2050,4.0899566016222,2.7114351146095506,1.3785214870126494
baseline_noce,MDA,Cement,2019,6.2123875201905,3.4209927945460636,2.7913947256444365
baseline_noce,MDA,Cement,2024,5.6556113273315,3.217992533720207,2.437618793611293
baseline_noce,MDA,Cement,2030,5.6562360561477,3.249633940731729,2.4066021154159705
baseline_noce,MDA,Cement,2035,5.4344957122306,3.2002577252536,2.234237986977
baseline_noce,MDA,Cement,2040,5.375112847682,3.197141295703051,2.1779715519789486
baseline_noce,MDA,Cement,2050,5.3830555798458,3.2785927185846377,2.1044628612611627
baseline_noce,MEA,Cement,2019,7.065632279177,3.7385620528111527,3.327070226365847
baseline_noce,MEA,Cement,2024,6.6341507492533,3.6168348609752545,3.0173158882780458
baseline_noce,MEA,Cement,2030,6.4516456103243005,3.5645072389770562,2.8871383713472443
baseline_noce,MEA,Cement,2035,6.249492276734,3.490539845892864,2.7589524308411364
baseline_noce,MEA,Cement,2040,6.0730533466422,3.426900195424398,2.6461531512178023
baseline_noce,MEA,Cement,2050,5.7839075680500995,3.319037641003079,2.4648699270470207
baseline_noce,MEX,Cement,2019,6.5146950630769,3.463093444743979,3.0516016183329207
baseline_noce,MEX,Cement,2024,6.080910929439501,3.3570489604304767,2.723861969009024
baseline_noce,MEX,Cement,2030,5.6096361182739,3.2692587186221154,2.3403773996517847
baseline_noce,MEX,Cement,2035,5.220628596216,3.201761633011936,2.0188669632040637
baseline_noce,MEX,Cement,2040,4.8905247437293,3.1433867704771483,1.7471379732521513
baseline_noce,MEX,Cement,2050,4.6229495551335,3.038794316896775,1.5841552382367254
baseline_noce,NIG,Cement,2019,5.5811628294468,2.9963273278964326,2.5848355015503675
baseline_noce,NIG,Cement,2024,5.2771815715953005,2.8853135066515545,2.391868064943746
baseline_noce,NIG,Cement,2030,4.9670545610592,2.818113329345863,2.148941231713337
baseline_noce,NIG,Cement,2035,4.6249421302466995,2.7531375096753465,1.871804620571353
baseline_noce,NIG,Cement,2040,4.2658570945738,2.697289505384174,1.5685675891896258
baseline_noce,NIG,Cement,2050,3.7848175413005,2.62796805759936,1.1568494837011398
baseline_noce,RUS,Cement,2019,4.1819980293893,2.3040812435912756,1.8779167857980243
baseline_noce,RUS,Cement,2024,4.0761804714428,2.3498328523627627,1.7263476190800375
baseline_noce,RUS,Cement,2030,4.3028361229023,2.489080450952328,1.8137556719499721
baseline_noce,RUS,Cement,2035,4.1707838879708,2.515728901919557,1.6550549860512431
baseline_noce,RUS,Cement,2040,4.052011693655199,2.5425812384705377,1.5094304551846616
baseline_noce,RUS,Cement,2050,4.101568609229701,2.591191489500288,1.5103771197294127
baseline_noce,SKT,Cement,2019,6.5772850257475,3.7613772969630106,2.8159077287844894
baseline_noce,SKT,Cement,2024,6.4581520098593,3.6916350632343256,2.7665169466249746
baseline_noce,SKT,Cement,2030,6.2718784093007,3.635193739078289,2.636684670222411
baseline_noce,SKT,Cement,2035,5.7469945936814,3.4711331344839254,2.2758614591974746
baseline_noce,SKT,Cement,2040,5.3229433609251,3.3600108042352392,1.9629325566898608
baseline_noce,SKT,Cement,2050,4.2350884713091,3.1227774789966656,1.1123109923124348
baseline_noce,USA,Cement,2019,6.9585138811343,3.7793426205477214,3.1791712605865783
baseline_noce,USA,Cement,2024,6.6385674711012,3.660242404495191,2.978325066606009
baseline_noce,USA,Cement,2030,6.1187527435761995,3.418501236490187,2.7002515070860125
baseline_noce,USA,Cement,2035,6.0553515182544,3.4086085930131214,2.646742925241279
baseline_noce,USA,Cement,2040,5.8222568896305,3.3105167245787754,2.511740165051725
baseline_noce,USA,Cement,2050,5.4754109962727,3.145001695289685,2.330409300983015
baseline_noce,AFE,Iron and steel,2019,5.105741994975,3.6028709974859185,1.5028709974890817
baseline_noce,AFE,Iron and steel,2024,16.3772564936992,9.238628661270528,7.138627832428671
baseline_noce,AFE,Iron and steel,2030,14.2153355465168,8.161183504312293,6.054152042204507
baseline_noce,AFE,Iron and steel,2035,9.149657370327901,5.634968198909099,3.5146891714188024
baseline_noce,AFE,Iron and steel,2040,5.1057397439331,3.621760478656081,1.4839792652770187
baseline_noce,AFE,Iron and steel,2050,2.1437139868239004,2.1437136008963913,3.859275090611902e-07
baseline_noce,AFN,Iron and steel,2019,27.842313262395,14.756374217207192,13.085939045187807
baseline_noce,AFN,Iron and steel,2024,20.3989815808133,11.146165525986191,9.252816054827107
baseline_noce,AFN,Iron and steel,2030,14.0886874219557,8.034885694285475,6.053801727670226
baseline_noce,AFN,Iron and steel,2035,9.5543582888708,5.934321900540321,3.6200363883304787
baseline_noce,AFN,Iron and steel,2040,3.5339586259111,3.051326012613527,0.4826326132975729
baseline_noce,AFN,Iron and steel,2050,3.8340872627186,3.4772340280689606,0.35685323464963936
baseline_noce,AFW,Iron and steel,2019,5.1057418568056,3.60287092840232,1.5028709284032797
baseline_noce,AFW,Iron and steel,2024,2.1009652144625997,2.1004826072309912,0.0004826072316084229
baseline_noce,AFW,Iron and steel,2030,2.1002067377116,2.10010336885523,0.00010336885636963444
baseline_noce,AFW,Iron and steel,2035,3.3906713750078,2.9442711513102693,0.44640022369753085
baseline_noce,AFW,Iron and steel,2040,2.908465148111,2.907805007885765,0.000660140225234862
baseline_noce,AFW,Iron and steel,2050,4.1234326554106,4.123432655410185,4.147793219999585e-13
baseline_noce,AFZ,Iron and steel,2019,35.2215543708135,21.950384619964108,13.271169750849392
baseline_noce,AFZ,Iron and steel,2024,12.155427955178299,7.0433388697996655,5.112089085378633
baseline_noce,AFZ,Iron and steel,2030,11.2031808596322,6.564618001461642,4.638562858170558
baseline_noce,AFZ,Iron and steel,2035,23.7045277572689,12.95644951474913,10.74807824251977
baseline_noce,AFZ,Iron and steel,2040,20.7271108528321,11.727749946811702,8.9993609060204
baseline_noce,AFZ,Iron and steel,2050,4.1950362388796005,4.195036097547526,1.413320749321656e-07
baseline_noce,ANZ,Iron and steel,2019,30.0629974399412,16.531480537172282,13.531516902768917
baseline_noce,ANZ,Iron and steel,2024,18.650922531550098,10.63868650525918,8.012236026290918
baseline_noce,ANZ,Iron and steel,2030,2.1298912507597,2.115439521313271,0.014451729446428807
baseline_noce,ANZ,Iron and steel,2035,2.6859368352676998,2.6741840443423612,0.011752790925338541
baseline_noce,ANZ,Iron and steel,2040,3.6493171785168,3.6409684264940867,0.008348752022713235
baseline_noce,ANZ,Iron and steel,2050,6.930001378368201,6.930000649391142,7.289770582730171e-07
baseline_noce,ASC,Iron and steel,2019,86.07278438249969,49.902065989453384,36.17071839304631
baseline_noce,ASC,Iron and steel,2024,58.8240903340706,34.0776481019836,24.746442232087
baseline_noce,ASC,Iron and steel,2030,15.252654596463199,9.200892978375428,6.05176161808777
baseline_noce,ASC,Iron and steel,2035,10.4296428055923,6.6508952832840995,3.7787475223082003
baseline_noce,ASC,Iron and steel,2040,3.1742344538947003,3.1742316546899563,2.7992047439973078e-06
baseline_noce,ASC,Iron and steel,2050,3.8338715693014,3.8338715022946315,6.700676857818166e-08
baseline_noce,ASE,Iron and steel,2019,13.2721601714128,8.674614107313147,4.597546064099653
baseline_noce,ASE,Iron and steel,2024,2.1000189710438,2.1000100903655925,8.880678207479065e-06
baseline_noce,ASE,Iron and steel,2030,2.1000094468906,2.1000047272191433,4.71967145676544e-06
baseline_noce,ASE,Iron and steel,2035,2.1000001078976,2.1000000598937576,4.800384223457854e-08
baseline_noce,ASE,Iron and steel,2040,2.1000001364499,2.1000000757431017,6.07067982549836e-08
baseline_noce,ASE,Iron and steel,2050,2.6084213406431003,2.608421207432569,1.3321053149439877e-07
baseline_noce,ASO,Iron and steel,2019,5.0908419754583,3.595420987729154,1.4954209877291462
baseline_noce,ASO,Iron and steel,2024,2.1000042495271,2.1000021247635443,2.124763555766407e-06
baseline_noce,ASO,Iron and steel,2030,2.0999999999999,2.0999999999999948,-9.459100169806334e-14
baseline_noce,ASO,Iron and steel,2035,2.1000004248674,2.100000212433698,2.1243370218471114e-07
baseline_noce,ASO,Iron and steel,2040,2.1000000662664,2.1000000331332287,3.313317131770077e-08
baseline_noce,ASO,Iron and steel,2050,2.1000006343034996,2.100000342198912,2.921045876291828e-07
baseline_noce,BRA,Iron and steel,2019,32.913533498273004,17.85151388270967,15.062019615563333
baseline_noce,BRA,Iron and steel,2024,29.6192209403731,16.12655312088156,13.49266781949154
baseline_noce,BRA,Iron and steel,2030,23.8492573755437,13.436435898479434,10.412821477064266
baseline_noce,BRA,Iron and steel,2035,17.2866709684761,10.604339543181034,6.6823314252950645
baseline_noce,BRA,Iron and steel,2040,10.8526926769846,7.985358078660384,2.8673345983242156
baseline_noce,BRA,Iron and steel,2050,6.3523011116603,6.352301111660304,-3.552713678800501e-15
baseline_noce,CAN,Iron and steel,2019,27.213506411083202,14.654107926701109,12.559398484382093
baseline_noce,CAN,Iron and steel,2024,13.8003471082449,7.948983544773334,5.8513635634715655
baseline_noce,CAN,Iron and steel,2030,2.9186294776031003,2.918629477603148,-4.75175454539567e-14
baseline_noce,CAN,Iron and steel,2035,3.5441211291733,3.5441210451049465,8.406835361185472e-08
baseline_noce,CAN,Iron and steel,2040,3.7062118889864,3.7062118889864095,-9.325873406851315e-15
baseline_noce,CAN,Iron and steel,2050,6.929999999999899,6.929999999999984,-8.43769498715119e-14
baseline_noce,CHL,Iron and steel,2019,15.249562637745301,8.347720251152838,6.901842386592463
baseline_noce,CHL,Iron and steel,2024,8.591324764484,5.176755686225889,3.4145690782581104
baseline_noce,CHL,Iron and steel,2030,16.7948882231316,9.065076215464142,7.729812007667459
baseline_noce,CHL,Iron and steel,2035,11.9389961695752,7.2626374485842895,4.67635872099091
baseline_noce,CHL,Iron and steel,2040,8.1480343090289,6.192609859919345,1.9554244491095547
baseline_noce,CHL,Iron and steel,2050,6.9300893240831005,6.930042264701721,4.7059381379277454e-05
baseline_noce,CHN,Iron and steel,2019,32.310306031848796,17.477112258921927,14.833193772926869
baseline_noce,CHN,Iron and steel,2024,30.7780774402668,16.65758959039043,14.120487849876369
baseline_noce,CHN,Iron and steel,2030,30.2332506272974,16.34516830874849,13.88808231854891
baseline_noce,CHN,Iron and steel,2035,27.647042585699,15.226249152786984,12.420793432912017
baseline_noce,CHN,Iron and steel,2040,20.7720148787763,12.20408149340886,8.56793338536744
baseline_noce,CHN,Iron and steel,2050,4.4039649388463,4.4039649288570235,9.989276072985831e-09
baseline_noce,ENE,Iron and steel,2019,23.7000861969448,12.778132993169756,10.921953203775043
baseline_noce,ENE,Iron and steel,2024,13.0077465007409,7.491858448118439,5.515888052622461
baseline_noce,ENE,Iron and steel,2030,13.4744248104945,7.722544283884304,5.751880526610197
baseline_noce,ENE,Iron and steel,2035,26.639601742988,14.281339749146323,12.358261993841676
baseline_noce,ENE,Iron and steel,2040,28.5290087823791,15.321578438598983,13.207430343780118
baseline_noce,ENE,Iron and steel,2050,21.2069010527343,11.710654363336223,9.496246689398076
baseline_noce,ENW,Iron and steel,2019,33.2455127416452,18.511524142492583,14.733988599152617
baseline_noce,ENW,Iron and steel,2024,8.1125821659226,5.273111478462011,2.8394706874605893
baseline_noce,ENW,Iron and steel,2030,2.3248937881827,2.2186866232989946,0.1062071648837053
baseline_noce,ENW,Iron and steel,2035,3.5288509201236002,3.4480772090944534,0.08077371102914688
baseline_noce,ENW,Iron and steel,2040,5.8326067802364,5.785873664622878,0.046733115613522
baseline_noce,ENW,Iron and steel,2050,6.9300021197151,6.930000977852283,1.1418628167447764e-06
baseline_noce,EUE,Iron and steel,2019,27.6490062251117,14.881465372871041,12.76754085224066
baseline_noce,EUE,Iron and steel,2024,21.7420536603818,11.926532610787387,9.815521049594413
baseline_noce,EUE,Iron and steel,2030,2.8124582135439,2.4564288118496433,0.35602940169425645
baseline_noce,EUE,Iron and steel,2035,2.8469257042262996,2.572855381612297,0.27407032261400266
baseline_noce,EUE,Iron and steel,2040,3.7807398413896,3.5604200704802618,0.22031977090933808
baseline_noce,EUE,Iron and steel,2050,7.970571603808801,7.425029209578944,0.545542394229857
baseline_noce,EUM,Iron and steel,2019,18.362265354406897,10.805188997581006,7.557076356825892
baseline_noce,EUM,Iron and steel,2024,16.018567489366202,9.406093586907573,6.612473902458628
baseline_noce,EUM,Iron and steel,2030,7.8488927489326,5.447508148937367,2.4013845999952323
baseline_noce,EUM,Iron and steel,2035,3.8434788197774,3.843478562285115,2.5749228482752073e-07
baseline_noce,EUM,Iron and steel,2040,4.1141800326363995,4.114179760277865,2.7235853483631445e-07
baseline_noce,EUM,Iron and steel,2050,6.9300003104426,6.93000014321125,1.672313505451939e-07
baseline_noce,EUW,Iron and steel,2019,31.106004200135402,16.711998592172197,14.394005607963205
baseline_noce,EUW,Iron and steel,2024,28.2590764978537,15.277512645928233,12.981563851925468
baseline_noce,EUW,Iron and steel,2030,22.795242199024802,12.906314922499153,9.88892727652565
baseline_noce,EUW,Iron and steel,2035,14.2153058064189,8.946179429981571,5.269126376437329
baseline_noce,EUW,Iron and steel,2040,5.168048280406199,5.033108108729018,0.1349401716771812
baseline_noce,EUW,Iron and steel,2050,6.9300002400153,6.930000114182062,1.2583323805159807e-07
baseline_noce,IDN,Iron and steel,2019,30.480034078354,16.01919474788506,14.46083933046894
baseline_noce,IDN,Iron and steel,2024,23.5542051968074,12.65655125087864,10.897653945928758
baseline_noce,IDN,Iron and steel,2030,22.978836846634003,12.425371844376212,10.553465002257791
baseline_noce,IDN,Iron and steel,2035,28.6336132749317,15.292559337882146,13.341053937049555
baseline_noce,IDN,Iron and steel,2040,22.2978059368775,12.18212349103732,10.115682445840179
baseline_noce,IDN,Iron and steel,2050,2.3479473503437998,2.347947331695764,1.8648035560175913e-08
baseline_noce,IND,Iron and steel,2019,38.0080718359443,19.600191350624016,18.407880485320284
baseline_noce,IND,Iron and steel,2024,34.3915999901329,17.88589201044998,16.505707979682924
baseline_noce,IND,Iron and steel,2030,26.0596471458872,14.102031488326766,11.957615657560435
baseline_noce,IND,Iron and steel,2035,21.6181146111524,12.170114128931198,9.448000482221202
baseline_noce,IND,Iron and steel,2040,18.1191615398002,10.701780577055931,7.417380962744268
baseline_noce,IND,Iron and steel,2050,15.6457032950668,9.853050245557236,5.792653049509564
baseline_noce,JPN,Iron and steel,2019,34.4166110035666,18.393488934145697,16.023122069420904
baseline_noce,JPN,Iron and steel,2024,27.0173144045196,14.66515879973041,12.35215560478919
baseline_noce,JPN,Iron and steel,2030,21.1867771551669,12.180809097130666,9.005968058036235
baseline_noce,JPN,Iron and steel,2035,7.0217826349615,6.134779376500845,0.8870032584606555
baseline_noce,JPN,Iron and steel,2040,5.3118014675323995,5.114919472564843,0.19688199496755665
baseline_noce,JPN,Iron and steel,2050,7.7043028904831,7.298357683750628,0.40594520673247203
baseline_noce,LAM,Iron and steel,2019,21.3902271695577,11.2496785575251,10.140548612032601
baseline_noce,LAM,Iron and steel,2024,5.0084941757564,3.472876227127243,1.5356179486291572
baseline_noce,LAM,Iron and steel,2030,2.4913438829689,2.284723283593276,0.20662059937562383
baseline_noce,LAM,Iron and steel,2035,6.3529007713398995,4.107466692021881,2.2454340793180183
baseline_noce,LAM,Iron and steel,2040,2.1000001342915997,2.100000100831978,3.345962173995076e-08
baseline_noce,LAM,Iron and steel,2050,2.2610541871029004,2.26105401307432,1.7402858043524816e-07
baseline_noce,MDA,Iron and steel,2019,27.533931671734802,15.950491483258629,11.583440188476173
baseline_noce,MDA,Iron and steel,2024,10.3706681740265,6.631538581345316,3.7391295926811843
baseline_noce,MDA,Iron and steel,2030,6.712875711801,4.589449988423231,2.1234257233777685
baseline_noce,MDA,Iron and steel,2035,5.120350031666,3.7913435808766187,1.329006450789381
baseline_noce,MDA,Iron and steel,2040,4.8816493529287,3.9038018870165283,0.9778474659121716
baseline_noce,MDA,Iron and steel,2050,4.059994748021301,4.05999440836008,3.3966122092721207e-07
baseline_noce,MEA,Iron and steel,2019,22.131494799170902,11.841530510713012,10.28996428845789
baseline_noce,MEA,Iron and steel,2024,17.443851109496098,9.596796023133296,7.847055086362802
baseline_noce,MEA,Iron and steel,2030,6.0444775303399,4.230793712927247,1.8136838174126524
baseline_noce,MEA,Iron and steel,2035,9.402753445909301,6.12305081446296,3.279702631446341
baseline_noce,MEA,Iron and steel,2040,5.6560997129423,4.53178173100954,1.1243179819327604
baseline_noce,MEA,Iron and steel,2050,7.3360013753484,5.714564281851062,1.6214370934973381
baseline_noce,MEX,Iron and steel,2019,17.3897149952881,9.467818153240032,7.921896842048067
baseline_noce,MEX,Iron and steel,2024,18.151427743839502,9.843650104684356,8.307777639155146
baseline_noce,MEX,Iron and steel,2030,13.1183874227936,7.492685752538251,5.625701670255348
baseline_noce,MEX,Iron and steel,2035,3.5192595855817004,3.519255628976364,3.95660533625275e-06
baseline_noce,MEX,Iron and steel,2040,3.4507750086088,3.450775008608805,-4.884981308350689e-15
baseline_noce,MEX,Iron and steel,2050,3.5491232070806,3.549117188471826,6.018608774027712e-06
baseline_noce,NIG,Iron and steel,2019,5.1057420574195,3.6028710287089383,1.5028710287105613
baseline_noce,NIG,Iron and steel,2024,2.1000200994079,2.100010049703906,1.004970399387517e-05
baseline_noce,NIG,Iron and steel,2030,2.1,2.099999999999958,4.218847493575595e-14
baseline_noce,NIG,Iron and steel,2035,2.1000003877102,2.1000002268444544,1.6086574561313682e-07
baseline_noce,NIG,Iron and steel,2040,2.100000120827,2.100000120827056,-5.595524044110789e-14
baseline_noce,NIG,Iron and steel,2050,2.1157622818372,2.115762281837182,1.7763568394002505e-14
baseline_noce,RUS,Iron and steel,2019,58.0262709430273,30.843532222693774,27.182738720333525
baseline_noce,RUS,Iron and steel,2024,47.4665184340682,25.35696156229116,22.109556871777038
baseline_noce,RUS,Iron and steel,2030,35.3301737123655,19.491871859072493,15.838301853293007
baseline_noce,RUS,Iron and steel,2035,9.801930608199301,7.268562708366618,2.533367899832683
baseline_noce,RUS,Iron and steel,2040,5.3688698369313,5.362861515856473,0.006008321074827627
baseline_noce,RUS,Iron and steel,2050,9.863757511187,8.302118918726135,1.5616385924608647
baseline_noce,SKT,Iron and steel,2019,28.0601719854614,15.40596679323467,12.654205192226728
baseline_noce,SKT,Iron and steel,2024,28.208912010221102,15.443325432982716,12.765586577238386
baseline_noce,SKT,Iron and steel,2030,22.7026137075395,12.791365697917477,9.911248009622021
baseline_noce,SKT,Iron and steel,2035,13.1120961175108,8.793653943790817,4.318442173719983
baseline_noce,SKT,Iron and steel,2040,5.092302147483401,5.092301942512663,2.0497073727199222e-07
baseline_noce,SKT,Iron and steel,2050,6.9300001055964,6.930000050235204,5.5361195627767756e-08
baseline_noce,USA,Iron and steel,2019,19.439364545372502,10.898795455374527,8.540569089997975
baseline_noce,USA,Iron and steel,2024,19.971767025205498,11.13280610758203,8.838960917623467
baseline_noce,USA,Iron and steel,2030,8.1058106527018,5.526697775182542,2.5791128775192584
baseline_noce,USA,Iron and steel,2035,3.7294668332564,3.6915127192428847,0.03795411401351512
baseline_noce,USA,Iron and steel,2040,4.9649718032307,4.935871399456467,0.029100403774233286
baseline_noce,USA,Iron and steel,2050,6.929999999999899,6.929999999999997,-9.769962616701378e-14
baseline_noce,AFE,Aluminium,2019,,,
baseline_noce,AFE,Aluminium,2024,,,
baseline_noce,AFE,Aluminium,2030,,,
baseline_noce,AFE,Aluminium,2035,,,
baseline_noce,AFE,Aluminium,2040,,,
baseline_noce,AFE,Aluminium,2050,,,
baseline_noce,AFN,Aluminium,2019,86.0215767344937,68.69553545563065,17.32604127886306
baseline_noce,AFN,Aluminium,2024,73.8918689093465,58.176630228028024,15.715238681318475
baseline_noce,AFN,Aluminium,2030,45.1345672318161,35.94389122626059,9.19067600555551
baseline_noce,AFN,Aluminium,2035,58.1094299056072,47.39125258188455,10.71817732372265
baseline_noce,AFN,Aluminium,2040,61.2500360481404,52.5997516932293,8.6502843549111
baseline_noce,AFN,Aluminium,2050,75.79095031754301,71.89043349196075,3.900516825582258
baseline_noce,AFW,Aluminium,2019,89.77990407772809,69.74951740708327,20.030386670644816
baseline_noce,AFW,Aluminium,2024,75.2725174808879,58.24859035184641,17.02392712904149
baseline_noce,AFW,Aluminium,2030,50.017396453403705,38.309666287802784,11.707730165600921
baseline_noce,AFW,Aluminium,2035,36.5366552805335,27.470630711378696,9.066024569154806
baseline_noce,AFW,Aluminium,2040,15.533194303067098,10.771833267564931,4.761361035502167
baseline_noce,AFW,Aluminium,2050,16.349574328074002,12.321843919258868,4.027730408815135
baseline_noce,AFZ,Aluminium,2019,93.828423341574,72.96544834467022,20.862974996903773
baseline_noce,AFZ,Aluminium,2024,79.6558979931122,61.7320786776274,17.923819315484806
baseline_noce,AFZ,Aluminium,2030,55.1551250545044,42.39845535580637,12.756669698698033
baseline_noce,AFZ,Aluminium,2035,46.553797326942004,36.284189361955484,10.26960796498652
baseline_noce,AFZ,Aluminium,2040,42.776850292496,35.15145049147739,7.6253998010186095
baseline_noce,AFZ,Aluminium,2050,42.630183780376896,39.06492930973879,3.5652544706381093
baseline_noce,ANZ,Aluminium,2019,67.15340153073839,52.3281658830652,14.825235647673189
baseline_noce,ANZ,Aluminium,2024,91.3210197037867,71.64139401381132,19.67962568997538
baseline_noce,ANZ,Aluminium,2030,88.9561460525881,72.43543638059494,16.52070967199316
baseline_noce,ANZ,Aluminium,2035,78.9147524845545,71.01672480099779,7.898027683556705
baseline_noce,ANZ,Aluminium,2040,71.2738797661813,71.27387976618131,-1.4210854715202004e-14
baseline_noce,ANZ,Aluminium,2050,71.2479722205878,71.24797222058781,-1.4210854715202004e-14
baseline_noce,ASC,Aluminium,2019,91.5481685513619,73.67409260059304,17.874075950768855
baseline_noce,ASC,Aluminium,2024,77.6019070984359,61.733256568086176,15.868650530349726
baseline_noce,ASC,Aluminium,2030,51.9435138845244,40.906454235169015,11.037059649355385
baseline_noce,ASC,Aluminium,2035,41.2926930609716,31.933851848389406,9.358841212582195
baseline_noce,ASC,Aluminium,2040,5.9933053865443995,3.3000042850585904,2.693301101485809
baseline_noce,ASC,Aluminium,2050,15.9575471676742,11.772452948571043,4.185094219103156
baseline_noce,ASE,Aluminium,2019,69.4636558658931,55.479814793998514,13.983841071894588
baseline_noce,ASE,Aluminium,2024,43.3128699747511,33.58078095855042,9.732089016200682
baseline_noce,ASE,Aluminium,2030,36.7076890094313,29.01375514049648,7.693933868934817
baseline_noce,ASE,Aluminium,2035,31.835157548562496,26.083574956886316,5.751582591676179
baseline_noce,ASE,Aluminium,2040,27.417373293809202,23.788743716313938,3.628629577495264
baseline_noce,ASE,Aluminium,2050,21.9343000259816,19.789218987198474,2.1450810387831254
baseline_noce,ASO,Aluminium,2019,,,
baseline_noce,ASO,Aluminium,2024,,,
baseline_noce,ASO,Aluminium,2030,,,
baseline_noce,ASO,Aluminium,2035,,,
baseline_noce,ASO,Aluminium,2040,,,
baseline_noce,ASO,Aluminium,2050,,,
baseline_noce,BRA,Aluminium,2019,16.1636981128483,11.624366546112075,4.539331566736227
baseline_noce,BRA,Aluminium,2024,47.230952876489106,36.720620082009454,10.510332794479652
baseline_noce,BRA,Aluminium,2030,43.9307561613798,35.178500340370384,8.752255821009413
baseline_noce,BRA,Aluminium,2035,38.381315812826,32.122939578631104,6.258376234194898
baseline_noce,BRA,Aluminium,2040,50.5787097011506,45.64659415227402,4.932115548876581
baseline_noce,BRA,Aluminium,2050,71.1514077604359,71.15140776043594,-4.263256414560601e-14
baseline_noce,CAN,Aluminium,2019,51.923757469650795,44.745877162128124,7.1778803075226705
baseline_noce,CAN,Aluminium,2024,70.0083455233019,58.72271312490899,11.285632398392906
baseline_noce,CAN,Aluminium,2030,70.7168733860286,62.199598390933055,8.51727499509554
baseline_noce,CAN,Aluminium,2035,81.04326911381091,71.55233632245478,9.49093279135613
baseline_noce,CAN,Aluminium,2040,72.98541620370901,70.02871062886433,2.956705574844676
baseline_noce,CAN,Aluminium,2050,71.4237288021065,71.42372880210647,2.842170943040401e-14
baseline_noce,CHL,Aluminium,2019,,,
baseline_noce,CHL,Aluminium,2024,,,
baseline_noce,CHL,Aluminium,2030,,,
baseline_noce,CHL,Aluminium,2035,,,
baseline_noce,CHL,Aluminium,2040,,,
baseline_noce,CHL,Aluminium,2050,,,
baseline_noce,CHN,Aluminium,2019,72.5385084731966,55.91311878004569,16.625389693150908
baseline_noce,CHN,Aluminium,2024,70.5576389077595,54.423959273691835,16.13367963406766
baseline_noce,CHN,Aluminium,2030,66.7060533753802,52.470265972704475,14.235787402675719
baseline_noce,CHN,Aluminium,2035,59.9266891564545,47.131804081327054,12.794885075127446
baseline_noce,CHN,Aluminium,2040,53.250666555952,42.26359083528275,10.987075720669253
baseline_noce,CHN,Aluminium,2050,32.856560738661905,26.236926107907394,6.619634630754511
baseline_noce,ENE,Aluminium,2019,82.5749439564416,62.13445734520596,20.44048661123564
baseline_noce,ENE,Aluminium,2024,58.5618405650581,43.65395413135836,14.907886433699737
baseline_noce,ENE,Aluminium,2030,60.8665749399711,45.98797615508515,14.878598784885952
baseline_noce,ENE,Aluminium,2035,56.1479367934302,45.989535577974124,10.158401215456074
baseline_noce,ENE,Aluminium,2040,52.2357561846288,45.80681561002774,6.428940574601057
baseline_noce,ENE,Aluminium,2050,45.8289691857577,44.68709520787641,1.1418739778812892
baseline_noce,ENW,Aluminium,2019,62.948332749643605,50.42616016069221,12.522172588951392
baseline_noce,ENW,Aluminium,2024,79.4226213338205,63.76272472979858,15.659896604021924
baseline_noce,ENW,Aluminium,2030,71.07805343414731,61.13116557604649,9.946887858100816
baseline_noce,ENW,Aluminium,2035,59.105063149839395,56.643901363451505,2.4611617863878905
baseline_noce,ENW,Aluminium,2040,67.9801920616992,67.98019206169921,-1.4210854715202004e-14
baseline_noce,ENW,Aluminium,2050,70.9999999999999,70.99999999999993,-2.842170943040401e-14
baseline_noce,EUE,Aluminium,2019,85.6494829553787,64.50062555233778,21.14885740304092
baseline_noce,EUE,Aluminium,2024,72.09535915595299,54.896220426978104,17.199138728974887
baseline_noce,EUE,Aluminium,2030,39.0119509141321,29.42071154994245,9.59123936418965
baseline_noce,EUE,Aluminium,2035,26.6162639001053,20.544248119318787,6.072015780786511
baseline_noce,EUE,Aluminium,2040,23.189288748273,19.159045892088756,4.030242856184245
baseline_noce,EUE,Aluminium,2050,23.0234215058336,23.02342150583365,-4.973799150320701e-14
baseline_noce,EUM,Aluminium,2019,24.0580595316355,17.860106777125644,6.197952754509856
baseline_noce,EUM,Aluminium,2024,34.9404658469656,26.607443440032636,8.333022406932965
baseline_noce,EUM,Aluminium,2030,40.6427851827659,36.80723302005843,3.835552162707465
baseline_noce,EUM,Aluminium,2035,35.166027548684,34.882230272655825,0.2837972760281744
baseline_noce,EUM,Aluminium,2040,63.0574140625227,63.057414062522746,-4.263256414560601e-14
baseline_noce,EUM,Aluminium,2050,71.39292730279969,71.39292730279976,-7.105427357601002e-14
baseline_noce,EUW,Aluminium,2019,32.768779751766004,24.933230397205364,7.835549354560641
baseline_noce,EUW,Aluminium,2024,21.670148666332,15.820361983551724,5.849786682780277
baseline_noce,EUW,Aluminium,2030,20.246833301047598,15.382947162083854,4.863886138963744
baseline_noce,EUW,Aluminium,2035,20.962659353951402,16.898731808747975,4.063927545203427
baseline_noce,EUW,Aluminium,2040,19.7618224876088,17.423909128949383,2.337913358659417
baseline_noce,EUW,Aluminium,2050,37.097510768852196,37.09751076885229,-9.237055564881302e-14
baseline_noce,IDN,Aluminium,2019,81.1309417288549,65.09188290992013,16.039058818934777
baseline_noce,IDN,Aluminium,2024,28.0641867104891,21.334516861757916,6.729669848731184
baseline_noce,IDN,Aluminium,2030,24.8267688695234,19.116624822818217,5.710144046705182
baseline_noce,IDN,Aluminium,2035,21.1656709770527,16.587248619925454,4.578422357127245
baseline_noce,IDN,Aluminium,2040,18.8779976286088,15.004256051802232,3.8737415768065677
baseline_noce,IDN,Aluminium,2050,16.0213509759949,12.927424197155206,3.093926778839693
baseline_noce,IND,Aluminium,2019,69.4504014409989,55.46889516483917,13.981506276159735
baseline_noce,IND,Aluminium,2024,67.57387427999629,53.43469673582682,14.13917754416947
baseline_noce,IND,Aluminium,2030,60.5224659789984,50.45119003499131,10.071275944007084
baseline_noce,IND,Aluminium,2035,54.8972220745691,47.73994428468958,7.157277789879522
baseline_noce,IND,Aluminium,2040,50.6721237852605,45.439554388846545,5.2325693964139575
baseline_noce,IND,Aluminium,2050,40.0189238329749,39.56049316167842,0.4584306712964761
baseline_noce,JPN,Aluminium,2019,6.1269412134548,3.2999999999999075,2.8269412134548926
baseline_noce,JPN,Aluminium,2024,8.2665093151977,5.00206209686708,3.26444721833062
baseline_noce,JPN,Aluminium,2030,6.1269412134548,3.2999999999999132,2.826941213454887
baseline_noce,JPN,Aluminium,2035,5.7626446677046,3.299999999999756,2.462644667704844
baseline_noce,JPN,Aluminium,2040,5.1376974827523,3.2999999999997938,1.8376974827525059
baseline_noce,JPN,Aluminium,2050,3.2999999999999,3.299999999999965,-6.52811138479592e-14
baseline_noce,LAM,Aluminium,2019,60.143954215011505,48.10106676472741,12.042887450284091
baseline_noce,LAM,Aluminium,2024,73.0201489822542,58.33085380058528,14.689295181668918
baseline_noce,LAM,Aluminium,2030,71.75944410593239,59.5940766376124,12.165367468319985
baseline_noce,LAM,Aluminium,2035,67.24997422994839,57.19307134101093,10.056902888937465
baseline_noce,LAM,Aluminium,2040,62.4057164316004,54.167581031730016,8.238135399870387
baseline_noce,LAM,Aluminium,2050,72.6139432984154,71.4660934184357,1.1478498799797023
baseline_noce,MDA,Aluminium,2019,15.986622616159199,11.422877107600748,4.563745508558451
baseline_noce,MDA,Aluminium,2024,27.2161000012094,20.318250218868407,6.8978497823409946
baseline_noce,MDA,Aluminium,2030,31.5831984054738,25.3578478532729,6.225350552200901
baseline_noce,MDA,Aluminium,2035,39.240686190650095,33.88058302325546,5.360103167394634
baseline_noce,MDA,Aluminium,2040,53.308708444397894,48.98250248920979,4.326205955188101
baseline_noce,MDA,Aluminium,2050,71.0000013425591,71.0000013425591,0.0
baseline_noce,MEA,Aluminium,2019,90.2290621801593,72.13945583710154,18.089606343057767
baseline_noce,MEA,Aluminium,2024,85.6003028735056,67.93362883691692,17.666674036588674
baseline_noce,MEA,Aluminium,2030,80.3725989024863,65.24858891935516,15.124009983131145
baseline_noce,MEA,Aluminium,2035,74.98684489995749,62.82143263154542,12.16541226841207
baseline_noce,MEA,Aluminium,2040,69.9138430665365,61.03534292938765,8.878500137148848
baseline_noce,MEA,Aluminium,2050,74.7054560242612,71.61679138315216,3.088664641109034
baseline_noce,MEX,Aluminium,2019,6.1269412134548,3.3000000000000083,2.8269412134547918
baseline_noce,MEX,Aluminium,2024,6.1269456958701,3.3000035658359628,2.8269421300341375
baseline_noce,MEX,Aluminium,2030,6.1269412134548995,3.2999999999999896,2.82694121345491
baseline_noce,MEX,Aluminium,2035,6.1269411677968,3.299999999999924,2.826941167796876
baseline_noce,MEX,Aluminium,2040,6.1269411876854,3.2999999999999376,2.8269411876854624
baseline_noce,MEX,Aluminium,2050,6.2079839034466,3.3844911055755666,2.823492797871033
baseline_noce,NIG,Aluminium,2019,,,
baseline_noce,NIG,Aluminium,2024,,,
baseline_noce,NIG,Aluminium,2030,,,
baseline_noce,NIG,Aluminium,2035,,,
baseline_noce,NIG,Aluminium,2040,,,
baseline_noce,NIG,Aluminium,2050,,,
baseline_noce,RUS,Aluminium,2019,71.2823172872854,63.13942809984067,8.142889187444723
baseline_noce,RUS,Aluminium,2024,65.67179069788739,56.05447334517373,9.617317352713656
baseline_noce,RUS,Aluminium,2030,62.5413541049647,53.903452692027194,8.637901412937502
baseline_noce,RUS,Aluminium,2035,57.9267284367066,52.73916389394128,5.187564542765315
baseline_noce,RUS,Aluminium,2040,54.7169054995083,52.91153275921419,1.8053727402941107
baseline_noce,RUS,Aluminium,2050,74.9713979263355,72.13599228588045,2.8354056404550505
baseline_noce,SKT,Aluminium,2019,6.1269412134548,3.299999999999984,2.826941213454816
baseline_noce,SKT,Aluminium,2024,6.1269443848283,3.3000025228803023,2.8269418619479976
baseline_noce,SKT,Aluminium,2030,6.1269412134548995,3.299999999999938,2.8269412134549614
baseline_noce,SKT,Aluminium,2035,5.618057385924001,3.299999999999973,2.3180573859240274
baseline_noce,SKT,Aluminium,2040,4.7879876267241,3.2999999999998924,1.487987626724208
baseline_noce,SKT,Aluminium,2050,3.2999999999999,3.2999999999999736,-7.37188088351104e-14
baseline_noce,USA,Aluminium,2019,22.7752563221569,18.300983758987396,4.474272563169503
baseline_noce,USA,Aluminium,2024,15.9281491231766,12.13138967191236,3.79675945126424
baseline_noce,USA,Aluminium,2030,14.0157518412906,11.527970589289097,2.4877812520015024
baseline_noce,USA,Aluminium,2035,26.6840343192721,24.930704827596006,1.7533294916760944
baseline_noce,USA,Aluminium,2040,48.9625520688342,48.013226304342766,0.9493257644914337
baseline_noce,USA,Aluminium,2050,71.54425500869719,71.5442550086972,-1.4210854715202004e-14
