Scenario,Region,Variable,Unit,Year,Issue,Treatment
ndc_highce_eu,ASO,Production|Iron and Steel|Primary,Mt/yr,2030,blank cell,zero
ndc_highce_eu,ASO,Production|Iron and Steel|Primary,Mt/yr,2035,blank cell,zero
ndc_highce_eu,ASO,Production|Iron and Steel|Primary,Mt/yr,2040,blank cell,zero
ndc_highce_eu,NIG,Production|Iron and Steel|Primary,Mt/yr,2030,blank cell,zero
ndc_highce_eu,USA,Production|Iron and Steel|Secondary,Mt/yr,2050,blank cell,zero
ndc_highce_eu,AFE,Production|Non-Ferrous Metals|Aluminum|Primary,Mt/yr,2019,absent row,zero
ndc_highce_eu,AFE,Production|Non-Ferrous Metals|Aluminum|Primary,Mt/yr,2024,absent row,zero
ndc_highce_eu,AFE,Production|Non-Ferrous Metals|Aluminum|Primary,Mt/yr,2030,absent row,zero
ndc_highce_eu,AFE,Production|Non-Ferrous Metals|Aluminum|Primary,Mt/yr,2035,absent row,zero
ndc_highce_eu,AFE,Production|Non-Ferrous Metals|Aluminum|Primary,Mt/yr,2040,absent row,zero
ndc_highce_eu,AFE,Production|Non-Ferrous Metals|Aluminum|Primary,Mt/yr,2050,absent row,zero
ndc_highce_eu,ASO,Production|Non-Ferrous Metals|Aluminum|Primary,Mt/yr,2019,absent row,zero
ndc_highce_eu,ASO,Production|Non-Ferrous Metals|Aluminum|Primary,Mt/yr,2024,absent row,zero
ndc_highce_eu,ASO,Production|Non-Ferrous Metals|Aluminum|Primary,Mt/yr,2030,absent row,zero
ndc_highce_eu,ASO,Production|Non-Ferrous Metals|Aluminum|Primary,Mt/yr,2035,absent row,zero
ndc_highce_eu,ASO,Production|Non-Ferrous Metals|Aluminum|Primary,Mt/yr,2040,absent row,zero
ndc_highce_eu,ASO,Production|Non-Ferrous Metals|Aluminum|Primary,Mt/yr,2050,absent row,zero
ndc_highce_eu,CHL,Production|Non-Ferrous Metals|Aluminum|Primary,Mt/yr,2019,absent row,zero
ndc_highce_eu,CHL,Production|Non-Ferrous Metals|Aluminum|Primary,Mt/yr,2024,absent row,zero
ndc_highce_eu,CHL,Production|Non-Ferrous Metals|Aluminum|Primary,Mt/yr,2030,absent row,zero
ndc_highce_eu,CHL,Production|Non-Ferrous Metals|Aluminum|Primary,Mt/yr,2035,absent row,zero
ndc_highce_eu,CHL,Production|Non-Ferrous Metals|Aluminum|Primary,Mt/yr,2040,absent row,zero
ndc_highce_eu,CHL,Production|Non-Ferrous Metals|Aluminum|Primary,Mt/yr,2050,absent row,zero
ndc_highce_eu,EUE,Production|Non-Ferrous Metals|Aluminum|Primary,Mt/yr,2040,blank cell,zero
ndc_highce_eu,EUE,Production|Non-Ferrous Metals|Aluminum|Primary,Mt/yr,2050,blank cell,zero
ndc_highce_eu,JPN,Production|Non-Ferrous Metals|Aluminum|Primary,Mt/yr,2019,blank cell,zero
ndc_highce_eu,JPN,Production|Non-Ferrous Metals|Aluminum|Primary,Mt/yr,2030,blank cell,zero
ndc_highce_eu,JPN,Production|Non-Ferrous Metals|Aluminum|Primary,Mt/yr,2035,blank cell,zero
ndc_highce_eu,JPN,Production|Non-Ferrous Metals|Aluminum|Primary,Mt/yr,2040,blank cell,zero
ndc_highce_eu,JPN,Production|Non-Ferrous Metals|Aluminum|Primary,Mt/yr,2050,blank cell,zero
ndc_highce_eu,MEX,Production|Non-Ferrous Metals|Aluminum|Primary,Mt/yr,2019,blank cell,zero
ndc_highce_eu,MEX,Production|Non-Ferrous Metals|Aluminum|Primary,Mt/yr,2030,blank cell,zero
ndc_highce_eu,MEX,Production|Non-Ferrous Metals|Aluminum|Primary,Mt/yr,2035,blank cell,zero
ndc_highce_eu,MEX,Production|Non-Ferrous Metals|Aluminum|Primary,Mt/yr,2040,blank cell,zero
ndc_highce_eu,MEX,Production|Non-Ferrous Metals|Aluminum|Primary,Mt/yr,2050,blank cell,zero
ndc_highce_eu,NIG,Production|Non-Ferrous Metals|Aluminum|Primary,Mt/yr,2019,absent row,zero
ndc_highce_eu,NIG,Production|Non-Ferrous Metals|Aluminum|Primary,Mt/yr,2024,absent row,zero
ndc_highce_eu,NIG,Production|Non-Ferrous Metals|Aluminum|Primary,Mt/yr,2030,absent row,zero
ndc_highce_eu,NIG,Production|Non-Ferrous Metals|Aluminum|Primary,Mt/yr,2035,absent row,zero
ndc_highce_eu,NIG,Production|Non-Ferrous Metals|Aluminum|Primary,Mt/yr,2040,absent row,zero
ndc_highce_eu,NIG,Production|Non-Ferrous Metals|Aluminum|Primary,Mt/yr,2050,absent row,zero
ndc_highce_eu,SKT,Production|Non-Ferrous Metals|Aluminum|Primary,Mt/yr,2019,blank cell,zero
ndc_highce_eu,SKT,Production|Non-Ferrous Metals|Aluminum|Primary,Mt/yr,2030,blank cell,zero
ndc_highce_eu,SKT,Production|Non-Ferrous Metals|Aluminum|Primary,Mt/yr,2035,blank cell,zero
ndc_highce_eu,SKT,Production|Non-Ferrous Metals|Aluminum|Primary,Mt/yr,2040,blank cell,zero
ndc_highce_eu,SKT,Production|Non-Ferrous Metals|Aluminum|Primary,Mt/yr,2050,blank cell,zero
ndc_highce_eu,AFE,Production|Non-Ferrous Metals|Aluminum|Secondary,Mt/yr,2019,absent row,zero
ndc_highce_eu,AFE,Production|Non-Ferrous Metals|Aluminum|Secondary,Mt/yr,2024,absent row,zero
ndc_highce_eu,AFE,Production|Non-Ferrous Metals|Aluminum|Secondary,Mt/yr,2030,absent row,zero
ndc_highce_eu,AFE,Production|Non-Ferrous Metals|Aluminum|Secondary,Mt/yr,2035,absent row,zero
ndc_highce_eu,AFE,Production|Non-Ferrous Metals|Aluminum|Secondary,Mt/yr,2040,absent row,zero
ndc_highce_eu,AFE,Production|Non-Ferrous Metals|Aluminum|Secondary,Mt/yr,2050,absent row,zero
ndc_highce_eu,AFN,Production|Non-Ferrous Metals|Aluminum|Secondary,Mt/yr,2050,blank cell,zero
ndc_highce_eu,ANZ,Production|Non-Ferrous Metals|Aluminum|Secondary,Mt/yr,2050,blank cell,zero
ndc_highce_eu,ASC,Production|Non-Ferrous Metals|Aluminum|Secondary,Mt/yr,2040,blank cell,zero
ndc_highce_eu,ASC,Production|Non-Ferrous Metals|Aluminum|Secondary,Mt/yr,2050,blank cell,zero
ndc_highce_eu,ASO,Production|Non-Ferrous Metals|Aluminum|Secondary,Mt/yr,2019,absent row,zero
ndc_highce_eu,ASO,Production|Non-Ferrous Metals|Aluminum|Secondary,Mt/yr,2024,absent row,zero
ndc_highce_eu,ASO,Production|Non-Ferrous Metals|Aluminum|Secondary,Mt/yr,2030,absent row,zero
ndc_highce_eu,ASO,Production|Non-Ferrous Metals|Aluminum|Secondary,Mt/yr,2035,absent row,zero
ndc_highce_eu,ASO,Production|Non-Ferrous Metals|Aluminum|Secondary,Mt/yr,2040,absent row,zero
ndc_highce_eu,ASO,Production|Non-Ferrous Metals|Aluminum|Secondary,Mt/yr,2050,absent row,zero
ndc_highce_eu,CAN,Production|Non-Ferrous Metals|Aluminum|Secondary,Mt/yr,2040,blank cell,zero
ndc_highce_eu,CAN,Production|Non-Ferrous Metals|Aluminum|Secondary,Mt/yr,2050,blank cell,zero
ndc_highce_eu,CHL,Production|Non-Ferrous Metals|Aluminum|Secondary,Mt/yr,2019,absent row,zero
ndc_highce_eu,CHL,Production|Non-Ferrous Metals|Aluminum|Secondary,Mt/yr,2024,absent row,zero
ndc_highce_eu,CHL,Production|Non-Ferrous Metals|Aluminum|Secondary,Mt/yr,2030,absent row,zero
ndc_highce_eu,CHL,Production|Non-Ferrous Metals|Aluminum|Secondary,Mt/yr,2035,absent row,zero
ndc_highce_eu,CHL,Production|Non-Ferrous Metals|Aluminum|Secondary,Mt/yr,2040,absent row,zero
ndc_highce_eu,CHL,Production|Non-Ferrous Metals|Aluminum|Secondary,Mt/yr,2050,absent row,zero
ndc_highce_eu,ENW,Production|Non-Ferrous Metals|Aluminum|Secondary,Mt/yr,2050,blank cell,zero
ndc_highce_eu,MEA,Production|Non-Ferrous Metals|Aluminum|Secondary,Mt/yr,2050,blank cell,zero
ndc_highce_eu,NIG,Production|Non-Ferrous Metals|Aluminum|Secondary,Mt/yr,2019,absent row,zero
ndc_highce_eu,NIG,Production|Non-Ferrous Metals|Aluminum|Secondary,Mt/yr,2024,absent row,zero
ndc_highce_eu,NIG,Production|Non-Ferrous Metals|Aluminum|Secondary,Mt/yr,2030,absent row,zero
ndc_highce_eu,NIG,Production|Non-Ferrous Metals|Aluminum|Secondary,Mt/yr,2035,absent row,zero
ndc_highce_eu,NIG,Production|Non-Ferrous Metals|Aluminum|Secondary,Mt/yr,2040,absent row,zero
ndc_highce_eu,NIG,Production|Non-Ferrous Metals|Aluminum|Secondary,Mt/yr,2050,absent row,zero
ndc_highce_eu,AFW,Final Energy|Industry|Non-Metallic Minerals|Cement|Gases,EJ/yr,2019,blank cell,zero
ndc_highce_eu,ASO,Final Energy|Industry|Non-Metallic Minerals|Cement|Gases,EJ/yr,2019,blank cell,zero
ndc_highce_eu,CHN,Final Energy|Industry|Non-Metallic Minerals|Cement|Gases,EJ/yr,2019,blank cell,zero
ndc_highce_eu,IND,Final Energy|Industry|Non-Metallic Minerals|Cement|Gases,EJ/yr,2019,blank cell,zero
ndc_highce_eu,MEA,Final Energy|Industry|Non-Metallic Minerals|Cement|Liquids,EJ/yr,2019,blank cell,zero
ndc_highce_eu,ASO,Final Energy|Industry|Iron and Steel|Gases,EJ/yr,2030,blank cell,zero
ndc_highce_eu,ASO,Final Energy|Industry|Iron and Steel|Gases,EJ/yr,2035,blank cell,zero
ndc_highce_eu,ASO,Final Energy|Industry|Iron and Steel|Gases,EJ/yr,2040,blank cell,zero
ndc_highce_eu,CAN,Final Energy|Industry|Iron and Steel|Gases,EJ/yr,2030,blank cell,zero
ndc_highce_eu,CAN,Final Energy|Industry|Iron and Steel|Gases,EJ/yr,2035,blank cell,zero
ndc_highce_eu,MEX,Final Energy|Industry|Iron and Steel|Gases,EJ/yr,2040,blank cell,zero
ndc_highce_eu,MEX,Final Energy|Industry|Iron and Steel|Gases,EJ/yr,2050,blank cell,zero
ndc_highce_eu,NIG,Final Energy|Industry|Iron and Steel|Gases,EJ/yr,2030,blank cell,zero
ndc_highce_eu,AFE,Final Energy|Industry|Iron and Steel|Hydrogen,EJ/yr,2019,blank cell,zero
ndc_highce_eu,AFE,Final Energy|Industry|Iron and Steel|Hydrogen,EJ/yr,2024,blank cell,zero
ndc_highce_eu,AFN,Final Energy|Industry|Iron and Steel|Hydrogen,EJ/yr,2019,blank cell,zero
ndc_highce_eu,AFN,Final Energy|Industry|Iron and Steel|Hydrogen,EJ/yr,2024,blank cell,zero
ndc_highce_eu,AFN,Final Energy|Industry|Iron and Steel|Hydrogen,EJ/yr,2030,blank cell,zero
ndc_highce_eu,AFW,Final Energy|Industry|Iron and Steel|Hydrogen,EJ/yr,2019,blank cell,zero
ndc_highce_eu,AFW,Final Energy|Industry|Iron and Steel|Hydrogen,EJ/yr,2024,blank cell,zero
ndc_highce_eu,AFW,Final Energy|Industry|Iron and Steel|Hydrogen,EJ/yr,2030,blank cell,zero
ndc_highce_eu,AFZ,Final Energy|Industry|Iron and Steel|Hydrogen,EJ/yr,2019,blank cell,zero
ndc_highce_eu,AFZ,Final Energy|Industry|Iron and Steel|Hydrogen,EJ/yr,2024,blank cell,zero
ndc_highce_eu,AFZ,Final Energy|Industry|Iron and Steel|Hydrogen,EJ/yr,2030,blank cell,zero
ndc_highce_eu,AFZ,Final Energy|Industry|Iron and Steel|Hydrogen,EJ/yr,2035,blank cell,zero
ndc_highce_eu,AFZ,Final Energy|Industry|Iron and Steel|Hydrogen,EJ/yr,2040,blank cell,zero
ndc_highce_eu,ANZ,Final Energy|Industry|Iron and Steel|Hydrogen,EJ/yr,2019,blank cell,zero
ndc_highce_eu,ANZ,Final Energy|Industry|Iron and Steel|Hydrogen,EJ/yr,2024,blank cell,zero
ndc_highce_eu,ANZ,Final Energy|Industry|Iron and Steel|Hydrogen,EJ/yr,2030,blank cell,zero
ndc_highce_eu,ASC,Final Energy|Industry|Iron and Steel|Hydrogen,EJ/yr,2019,blank cell,zero
ndc_highce_eu,ASC,Final Energy|Industry|Iron and Steel|Hydrogen,EJ/yr,2024,blank cell,zero
ndc_highce_eu,ASE,Final Energy|Industry|Iron and Steel|Hydrogen,EJ/yr,2019,blank cell,zero
ndc_highce_eu,ASE,Final Energy|Industry|Iron and Steel|Hydrogen,EJ/yr,2024,blank cell,zero
ndc_highce_eu,ASE,Final Energy|Industry|Iron and Steel|Hydrogen,EJ/yr,2030,blank cell,zero
ndc_highce_eu,ASE,Final Energy|Industry|Iron and Steel|Hydrogen,EJ/yr,2035,blank cell,zero
ndc_highce_eu,ASE,Final Energy|Industry|Iron and Steel|Hydrogen,EJ/yr,2040,blank cell,zero
ndc_highce_eu,ASO,Final Energy|Industry|Iron and Steel|Hydrogen,EJ/yr,2019,blank cell,zero
ndc_highce_eu,ASO,Final Energy|Industry|Iron and Steel|Hydrogen,EJ/yr,2024,blank cell,zero
ndc_highce_eu,ASO,Final Energy|Industry|Iron and Steel|Hydrogen,EJ/yr,2030,blank cell,zero
ndc_highce_eu,ASO,Final Energy|Industry|Iron and Steel|Hydrogen,EJ/yr,2035,blank cell,zero
ndc_highce_eu,ASO,Final Energy|Industry|Iron and Steel|Hydrogen,EJ/yr,2040,blank cell,zero
ndc_highce_eu,BRA,Final Energy|Industry|Iron and Steel|Hydrogen,EJ/yr,2019,blank cell,zero
ndc_highce_eu,BRA,Final Energy|Industry|Iron and Steel|Hydrogen,EJ/yr,2024,blank cell,zero
ndc_highce_eu,CAN,Final Energy|Industry|Iron and Steel|Hydrogen,EJ/yr,2019,blank cell,zero
ndc_highce_eu,CAN,Final Energy|Industry|Iron and Steel|Hydrogen,EJ/yr,2024,blank cell,zero
ndc_highce_eu,CHL,Final Energy|Industry|Iron and Steel|Hydrogen,EJ/yr,2019,blank cell,zero
ndc_highce_eu,CHL,Final Energy|Industry|Iron and Steel|Hydrogen,EJ/yr,2024,blank cell,zero
ndc_highce_eu,CHL,Final Energy|Industry|Iron and Steel|Hydrogen,EJ/yr,2030,blank cell,zero
ndc_highce_eu,CHN,Final Energy|Industry|Iron and Steel|Hydrogen,EJ/yr,2019,blank cell,zero
ndc_highce_eu,CHN,Final Energy|Industry|Iron and Steel|Hydrogen,EJ/yr,2024,blank cell,zero
ndc_highce_eu,CHN,Final Energy|Industry|Iron and Steel|Hydrogen,EJ/yr,2030,blank cell,zero
ndc_highce_eu,ENE,Final Energy|Industry|Iron and Steel|Hydrogen,EJ/yr,2019,blank cell,zero
ndc_highce_eu,ENE,Final Energy|Industry|Iron and Steel|Hydrogen,EJ/yr,2024,blank cell,zero
ndc_highce_eu,ENE,Final Energy|Industry|Iron and Steel|Hydrogen,EJ/yr,2030,blank cell,zero
ndc_highce_eu,ENE,Final Energy|Industry|Iron and Steel|Hydrogen,EJ/yr,2035,blank cell,zero
ndc_highce_eu,ENW,Final Energy|Industry|Iron and Steel|Hydrogen,EJ/yr,2019,absent row,zero
ndc_highce_eu,ENW,Final Energy|Industry|Iron and Steel|Hydrogen,EJ/yr,2024,absent row,zero
ndc_highce_eu,ENW,Final Energy|Industry|Iron and Steel|Hydrogen,EJ/yr,2030,absent row,zero
ndc_highce_eu,ENW,Final Energy|Industry|Iron and Steel|Hydrogen,EJ/yr,2035,absent row,zero
ndc_highce_eu,ENW,Final Energy|Industry|Iron and Steel|Hydrogen,EJ/yr,2040,absent row,zero
ndc_highce_eu,ENW,Final Energy|Industry|Iron and Steel|Hydrogen,EJ/yr,2050,absent row,zero
ndc_highce_eu,EUE,Final Energy|Industry|Iron and Steel|Hydrogen,EJ/yr,2019,blank cell,zero
ndc_highce_eu,EUE,Final Energy|Industry|Iron and Steel|Hydrogen,EJ/yr,2024,blank cell,zero
ndc_highce_eu,EUM,Final Energy|Industry|Iron and Steel|Hydrogen,EJ/yr,2019,blank cell,zero
ndc_highce_eu,EUM,Final Energy|Industry|Iron and Steel|Hydrogen,EJ/yr,2024,blank cell,zero
ndc_highce_eu,EUM,Final Energy|Industry|Iron and Steel|Hydrogen,EJ/yr,2050,blank cell,zero
ndc_highce_eu,EUW,Final Energy|Industry|Iron and Steel|Hydrogen,EJ/yr,2019,blank cell,zero
ndc_highce_eu,EUW,Final Energy|Industry|Iron and Steel|Hydrogen,EJ/yr,2024,blank cell,zero
ndc_highce_eu,IDN,Final Energy|Industry|Iron and Steel|Hydrogen,EJ/yr,2019,blank cell,zero
ndc_highce_eu,IDN,Final Energy|Industry|Iron and Steel|Hydrogen,EJ/yr,2024,blank cell,zero
ndc_highce_eu,IDN,Final Energy|Industry|Iron and Steel|Hydrogen,EJ/yr,2030,blank cell,zero
ndc_highce_eu,IND,Final Energy|Industry|Iron and Steel|Hydrogen,EJ/yr,2019,blank cell,zero
ndc_highce_eu,IND,Final Energy|Industry|Iron and Steel|Hydrogen,EJ/yr,2024,blank cell,zero
ndc_highce_eu,JPN,Final Energy|Industry|Iron and Steel|Hydrogen,EJ/yr,2019,blank cell,zero
ndc_highce_eu,JPN,Final Energy|Industry|Iron and Steel|Hydrogen,EJ/yr,2024,blank cell,zero
ndc_highce_eu,LAM,Final Energy|Industry|Iron and Steel|Hydrogen,EJ/yr,2019,blank cell,zero
ndc_highce_eu,LAM,Final Energy|Industry|Iron and Steel|Hydrogen,EJ/yr,2024,blank cell,zero
ndc_highce_eu,LAM,Final Energy|Industry|Iron and Steel|Hydrogen,EJ/yr,2030,blank cell,zero
ndc_highce_eu,MDA,Final Energy|Industry|Iron and Steel|Hydrogen,EJ/yr,2019,blank cell,zero
ndc_highce_eu,MDA,Final Energy|Industry|Iron and Steel|Hydrogen,EJ/yr,2024,blank cell,zero
ndc_highce_eu,MDA,Final Energy|Industry|Iron and Steel|Hydrogen,EJ/yr,2030,blank cell,zero
ndc_highce_eu,MEA,Final Energy|Industry|Iron and Steel|Hydrogen,EJ/yr,2019,blank cell,zero
ndc_highce_eu,MEA,Final Energy|Industry|Iron and Steel|Hydrogen,EJ/yr,2024,blank cell,zero
ndc_highce_eu,MEX,Final Energy|Industry|Iron and Steel|Hydrogen,EJ/yr,2019,blank cell,zero
ndc_highce_eu,MEX,Final Energy|Industry|Iron and Steel|Hydrogen,EJ/yr,2024,blank cell,zero
ndc_highce_eu,NIG,Final Energy|Industry|Iron and Steel|Hydrogen,EJ/yr,2019,blank cell,zero
ndc_highce_eu,NIG,Final Energy|Industry|Iron and Steel|Hydrogen,EJ/yr,2024,blank cell,zero
ndc_highce_eu,NIG,Final Energy|Industry|Iron and Steel|Hydrogen,EJ/yr,2030,blank cell,zero
ndc_highce_eu,NIG,Final Energy|Industry|Iron and Steel|Hydrogen,EJ/yr,2035,blank cell,zero
ndc_highce_eu,RUS,Final Energy|Industry|Iron and Steel|Hydrogen,EJ/yr,2019,blank cell,zero
ndc_highce_eu,RUS,Final Energy|Industry|Iron and Steel|Hydrogen,EJ/yr,2024,blank cell,zero
ndc_highce_eu,SKT,Final Energy|Industry|Iron and Steel|Hydrogen,EJ/yr,2019,blank cell,zero
ndc_highce_eu,SKT,Final Energy|Industry|Iron and Steel|Hydrogen,EJ/yr,2024,blank cell,zero
ndc_highce_eu,USA,Final Energy|Industry|Iron and Steel|Hydrogen,EJ/yr,2019,blank cell,zero
ndc_highce_eu,USA,Final Energy|Industry|Iron and Steel|Hydrogen,EJ/yr,2024,blank cell,zero
ndc_highce_eu,USA,Final Energy|Industry|Iron and Steel|Hydrogen,EJ/yr,2040,blank cell,zero
ndc_highce_eu,USA,Final Energy|Industry|Iron and Steel|Hydrogen,EJ/yr,2050,blank cell,zero
ndc_highce_eu,AFE,Final Energy|Industry|Iron and Steel|Liquids,EJ/yr,2019,absent row,zero
ndc_highce_eu,AFE,Final Energy|Industry|Iron and Steel|Liquids,EJ/yr,2024,absent row,zero
ndc_highce_eu,AFE,Final Energy|Industry|Iron and Steel|Liquids,EJ/yr,2030,absent row,zero
ndc_highce_eu,AFE,Final Energy|Industry|Iron and Steel|Liquids,EJ/yr,2035,absent row,zero
ndc_highce_eu,AFE,Final Energy|Industry|Iron and Steel|Liquids,EJ/yr,2040,absent row,zero
ndc_highce_eu,AFE,Final Energy|Industry|Iron and Steel|Liquids,EJ/yr,2050,absent row,zero
ndc_highce_eu,AFN,Final Energy|Industry|Iron and Steel|Liquids,EJ/yr,2050,blank cell,zero
ndc_highce_eu,AFW,Final Energy|Industry|Iron and Steel|Liquids,EJ/yr,2019,absent row,zero
ndc_highce_eu,AFW,Final Energy|Industry|Iron and Steel|Liquids,EJ/yr,2024,absent row,zero
ndc_highce_eu,AFW,Final Energy|Industry|Iron and Steel|Liquids,EJ/yr,2030,absent row,zero
ndc_highce_eu,AFW,Final Energy|Industry|Iron and Steel|Liquids,EJ/yr,2035,absent row,zero
ndc_highce_eu,AFW,Final Energy|Industry|Iron and Steel|Liquids,EJ/yr,2040,absent row,zero
ndc_highce_eu,AFW,Final Energy|Industry|Iron and Steel|Liquids,EJ/yr,2050,absent row,zero
ndc_highce_eu,AFZ,Final Energy|Industry|Iron and Steel|Liquids,EJ/yr,2030,blank cell,zero
ndc_highce_eu,AFZ,Final Energy|Industry|Iron and Steel|Liquids,EJ/yr,2035,blank cell,zero
ndc_highce_eu,AFZ,Final Energy|Industry|Iron and Steel|Liquids,EJ/yr,2040,blank cell,zero
ndc_highce_eu,AFZ,Final Energy|Industry|Iron and Steel|Liquids,EJ/yr,2050,blank cell,zero
ndc_highce_eu,ANZ,Final Energy|Industry|Iron and Steel|Liquids,EJ/yr,2040,blank cell,zero
ndc_highce_eu,ANZ,Final Energy|Industry|Iron and Steel|Liquids,EJ/yr,2050,blank cell,zero
ndc_highce_eu,ASC,Final Energy|Industry|Iron and Steel|Liquids,EJ/yr,2050,blank cell,zero
ndc_highce_eu,ASE,Final Energy|Industry|Iron and Steel|Liquids,EJ/yr,2030,blank cell,zero
ndc_highce_eu,ASE,Final Energy|Industry|Iron and Steel|Liquids,EJ/yr,2035,blank cell,zero
ndc_highce_eu,ASE,Final Energy|Industry|Iron and Steel|Liquids,EJ/yr,2040,blank cell,zero
ndc_highce_eu,ASE,Final Energy|Industry|Iron and Steel|Liquids,EJ/yr,2050,blank cell,zero
ndc_highce_eu,ASO,Final Energy|Industry|Iron and Steel|Liquids,EJ/yr,2019,absent row,zero
ndc_highce_eu,ASO,Final Energy|Industry|Iron and Steel|Liquids,EJ/yr,2024,absent row,zero
ndc_highce_eu,ASO,Final Energy|Industry|Iron and Steel|Liquids,EJ/yr,2030,absent row,zero
ndc_highce_eu,ASO,Final Energy|Industry|Iron and Steel|Liquids,EJ/yr,2035,absent row,zero
ndc_highce_eu,ASO,Final Energy|Industry|Iron and Steel|Liquids,EJ/yr,2040,absent row,zero
ndc_highce_eu,ASO,Final Energy|Industry|Iron and Steel|Liquids,EJ/yr,2050,absent row,zero
ndc_highce_eu,BRA,Final Energy|Industry|Iron and Steel|Liquids,EJ/yr,2040,blank cell,zero
ndc_highce_eu,BRA,Final Energy|Industry|Iron and Steel|Liquids,EJ/yr,2050,blank cell,zero
ndc_highce_eu,CAN,Final Energy|Industry|Iron and Steel|Liquids,EJ/yr,2030,blank cell,zero
ndc_highce_eu,CAN,Final Energy|Industry|Iron and Steel|Liquids,EJ/yr,2035,blank cell,zero
ndc_highce_eu,CAN,Final Energy|Industry|Iron and Steel|Liquids,EJ/yr,2050,blank cell,zero
ndc_highce_eu,CHL,Final Energy|Industry|Iron and Steel|Liquids,EJ/yr,2050,blank cell,zero
ndc_highce_eu,CHN,Final Energy|Industry|Iron and Steel|Liquids,EJ/yr,2050,blank cell,zero
ndc_highce_eu,ENE,Final Energy|Industry|Iron and Steel|Liquids,EJ/yr,2050,blank cell,zero
ndc_highce_eu,ENW,Final Energy|Industry|Iron and Steel|Liquids,EJ/yr,2050,blank cell,zero
ndc_highce_eu,EUE,Final Energy|Industry|Iron and Steel|Liquids,EJ/yr,2050,blank cell,zero
ndc_highce_eu,EUM,Final Energy|Industry|Iron and Steel|Liquids,EJ/yr,2050,blank cell,zero
ndc_highce_eu,EUW,Final Energy|Industry|Iron and Steel|Liquids,EJ/yr,2050,blank cell,zero
ndc_highce_eu,IDN,Final Energy|Industry|Iron and Steel|Liquids,EJ/yr,2050,blank cell,zero
ndc_highce_eu,IND,Final Energy|Industry|Iron and Steel|Liquids,EJ/yr,2030,blank cell,zero
ndc_highce_eu,IND,Final Energy|Industry|Iron and Steel|Liquids,EJ/yr,2035,blank cell,zero
ndc_highce_eu,IND,Final Energy|Industry|Iron and Steel|Liquids,EJ/yr,2040,blank cell,zero
ndc_highce_eu,IND,Final Energy|Industry|Iron and Steel|Liquids,EJ/yr,2050,blank cell,zero
ndc_highce_eu,JPN,Final Energy|Industry|Iron and Steel|Liquids,EJ/yr,2050,blank cell,zero
ndc_highce_eu,LAM,Final Energy|Industry|Iron and Steel|Liquids,EJ/yr,2050,blank cell,zero
ndc_highce_eu,MDA,Final Energy|Industry|Iron and Steel|Liquids,EJ/yr,2050,blank cell,zero
ndc_highce_eu,MEA,Final Energy|Industry|Iron and Steel|Liquids,EJ/yr,2050,blank cell,zero
ndc_highce_eu,MEX,Final Energy|Industry|Iron and Steel|Liquids,EJ/yr,2040,blank cell,zero
ndc_highce_eu,MEX,Final Energy|Industry|Iron and Steel|Liquids,EJ/yr,2050,blank cell,zero
ndc_highce_eu,NIG,Final Energy|Industry|Iron and Steel|Liquids,EJ/yr,2019,absent row,zero
ndc_highce_eu,NIG,Final Energy|Industry|Iron and Steel|Liquids,EJ/yr,2024,absent row,zero
ndc_highce_eu,NIG,Final Energy|Industry|Iron and Steel|Liquids,EJ/yr,2030,absent row,zero
ndc_highce_eu,NIG,Final Energy|Industry|Iron and Steel|Liquids,EJ/yr,2035,absent row,zero
ndc_highce_eu,NIG,Final Energy|Industry|Iron and Steel|Liquids,EJ/yr,2040,absent row,zero
ndc_highce_eu,NIG,Final Energy|Industry|Iron and Steel|Liquids,EJ/yr,2050,absent row,zero
ndc_highce_eu,RUS,Final Energy|Industry|Iron and Steel|Liquids,EJ/yr,2035,blank cell,zero
ndc_highce_eu,RUS,Final Energy|Industry|Iron and Steel|Liquids,EJ/yr,2040,blank cell,zero
ndc_highce_eu,RUS,Final Energy|Industry|Iron and Steel|Liquids,EJ/yr,2050,blank cell,zero
ndc_highce_eu,SKT,Final Energy|Industry|Iron and Steel|Liquids,EJ/yr,2050,blank cell,zero
ndc_highce_eu,USA,Final Energy|Industry|Iron and Steel|Liquids,EJ/yr,2050,blank cell,zero
ndc_highce_eu,AFE,Final Energy|Industry|Iron and Steel|Solids,EJ/yr,2019,blank cell,zero
ndc_highce_eu,AFW,Final Energy|Industry|Iron and Steel|Solids,EJ/yr,2019,blank cell,zero
ndc_highce_eu,ASO,Final Energy|Industry|Iron and Steel|Solids,EJ/yr,2019,blank cell,zero
ndc_highce_eu,ASO,Final Energy|Industry|Iron and Steel|Solids,EJ/yr,2030,blank cell,zero
ndc_highce_eu,ASO,Final Energy|Industry|Iron and Steel|Solids,EJ/yr,2035,blank cell,zero
ndc_highce_eu,ASO,Final Energy|Industry|Iron and Steel|Solids,EJ/yr,2040,blank cell,zero
ndc_highce_eu,CAN,Final Energy|Industry|Iron and Steel|Solids,EJ/yr,2030,blank cell,zero
ndc_highce_eu,CAN,Final Energy|Industry|Iron and Steel|Solids,EJ/yr,2035,blank cell,zero
ndc_highce_eu,MEX,Final Energy|Industry|Iron and Steel|Solids,EJ/yr,2040,blank cell,zero
ndc_highce_eu,MEX,Final Energy|Industry|Iron and Steel|Solids,EJ/yr,2050,blank cell,zero
ndc_highce_eu,NIG,Final Energy|Industry|Iron and Steel|Solids,EJ/yr,2019,blank cell,zero
ndc_highce_eu,NIG,Final Energy|Industry|Iron and Steel|Solids,EJ/yr,2030,blank cell,zero
ndc_highce_eu,NIG,Final Energy|Industry|Iron and Steel|Solids,EJ/yr,2035,blank cell,zero
ndc_highce_eu,NIG,Final Energy|Industry|Iron and Steel|Solids,EJ/yr,2040,blank cell,zero
ndc_highce_eu,NIG,Final Energy|Industry|Iron and Steel|Solids,EJ/yr,2050,blank cell,zero
ndc_highce_eu,AFE,Final Energy|Industry|Non-Ferrous Metals|Aluminum|Electricity,EJ/yr,2019,absent row,zero
ndc_highce_eu,AFE,Final Energy|Industry|Non-Ferrous Metals|Aluminum|Electricity,EJ/yr,2024,absent row,zero
ndc_highce_eu,AFE,Final Energy|Industry|Non-Ferrous Metals|Aluminum|Electricity,EJ/yr,2030,absent row,zero
ndc_highce_eu,AFE,Final Energy|Industry|Non-Ferrous Metals|Aluminum|Electricity,EJ/yr,2035,absent row,zero
ndc_highce_eu,AFE,Final Energy|Industry|Non-Ferrous Metals|Aluminum|Electricity,EJ/yr,2040,absent row,zero
ndc_highce_eu,AFE,Final Energy|Industry|Non-Ferrous Metals|Aluminum|Electricity,EJ/yr,2050,absent row,zero
ndc_highce_eu,ASO,Final Energy|Industry|Non-Ferrous Metals|Aluminum|Electricity,EJ/yr,2019,absent row,zero
ndc_highce_eu,ASO,Final Energy|Industry|Non-Ferrous Metals|Aluminum|Electricity,EJ/yr,2024,absent row,zero
ndc_highce_eu,ASO,Final Energy|Industry|Non-Ferrous Metals|Aluminum|Electricity,EJ/yr,2030,absent row,zero
ndc_highce_eu,ASO,Final Energy|Industry|Non-Ferrous Metals|Aluminum|Electricity,EJ/yr,2035,absent row,zero
ndc_highce_eu,ASO,Final Energy|Industry|Non-Ferrous Metals|Aluminum|Electricity,EJ/yr,2040,absent row,zero
ndc_highce_eu,ASO,Final Energy|Industry|Non-Ferrous Metals|Aluminum|Electricity,EJ/yr,2050,absent row,zero
ndc_highce_eu,CHL,Final Energy|Industry|Non-Ferrous Metals|Aluminum|Electricity,EJ/yr,2019,absent row,zero
ndc_highce_eu,CHL,Final Energy|Industry|Non-Ferrous Metals|Aluminum|Electricity,EJ/yr,2024,absent row,zero
ndc_highce_eu,CHL,Final Energy|Industry|Non-Ferrous Metals|Aluminum|Electricity,EJ/yr,2030,absent row,zero
ndc_highce_eu,CHL,Final Energy|Industry|Non-Ferrous Metals|Aluminum|Electricity,EJ/yr,2035,absent row,zero
ndc_highce_eu,CHL,Final Energy|Industry|Non-Ferrous Metals|Aluminum|Electricity,EJ/yr,2040,absent row,zero
ndc_highce_eu,CHL,Final Energy|Industry|Non-Ferrous Metals|Aluminum|Electricity,EJ/yr,2050,absent row,zero
ndc_highce_eu,NIG,Final Energy|Industry|Non-Ferrous Metals|Aluminum|Electricity,EJ/yr,2019,absent row,zero
ndc_highce_eu,NIG,Final Energy|Industry|Non-Ferrous Metals|Aluminum|Electricity,EJ/yr,2024,absent row,zero
ndc_highce_eu,NIG,Final Energy|Industry|Non-Ferrous Metals|Aluminum|Electricity,EJ/yr,2030,absent row,zero
ndc_highce_eu,NIG,Final Energy|Industry|Non-Ferrous Metals|Aluminum|Electricity,EJ/yr,2035,absent row,zero
ndc_highce_eu,NIG,Final Energy|Industry|Non-Ferrous Metals|Aluminum|Electricity,EJ/yr,2040,absent row,zero
ndc_highce_eu,NIG,Final Energy|Industry|Non-Ferrous Metals|Aluminum|Electricity,EJ/yr,2050,absent row,zero
ndc_highce_eu,AFE,Final Energy|Industry|Non-Ferrous Metals|Aluminum|Gases,EJ/yr,2019,absent row,zero
ndc_highce_eu,AFE,Final Energy|Industry|Non-Ferrous Metals|Aluminum|Gases,EJ/yr,2024,absent row,zero
ndc_highce_eu,AFE,Final Energy|Industry|Non-Ferrous Metals|Aluminum|Gases,EJ/yr,2030,absent row,zero
ndc_highce_eu,AFE,Final Energy|Industry|Non-Ferrous Metals|Aluminum|Gases,EJ/yr,2035,absent row,zero
ndc_highce_eu,AFE,Final Energy|Industry|Non-Ferrous Metals|Aluminum|Gases,EJ/yr,2040,absent row,zero
ndc_highce_eu,AFE,Final Energy|Industry|Non-Ferrous Metals|Aluminum|Gases,EJ/yr,2050,absent row,zero
ndc_highce_eu,ANZ,Final Energy|Industry|Non-Ferrous Metals|Aluminum|Gases,EJ/yr,2050,blank cell,zero
ndc_highce_eu,ASO,Final Energy|Industry|Non-Ferrous Metals|Aluminum|Gases,EJ/yr,2019,absent row,zero
ndc_highce_eu,ASO,Final Energy|Industry|Non-Ferrous Metals|Aluminum|Gases,EJ/yr,2024,absent row,zero
ndc_highce_eu,ASO,Final Energy|Industry|Non-Ferrous Metals|Aluminum|Gases,EJ/yr,2030,absent row,zero
ndc_highce_eu,ASO,Final Energy|Industry|Non-Ferrous Metals|Aluminum|Gases,EJ/yr,2035,absent row,zero
ndc_highce_eu,ASO,Final Energy|Industry|Non-Ferrous Metals|Aluminum|Gases,EJ/yr,2040,absent row,zero
ndc_highce_eu,ASO,Final Energy|Industry|Non-Ferrous Metals|Aluminum|Gases,EJ/yr,2050,absent row,zero
ndc_highce_eu,CHL,Final Energy|Industry|Non-Ferrous Metals|Aluminum|Gases,EJ/yr,2019,absent row,zero
ndc_highce_eu,CHL,Final Energy|Industry|Non-Ferrous Metals|Aluminum|Gases,EJ/yr,2024,absent row,zero
ndc_highce_eu,CHL,Final Energy|Industry|Non-Ferrous Metals|Aluminum|Gases,EJ/yr,2030,absent row,zero
ndc_highce_eu,CHL,Final Energy|Industry|Non-Ferrous Metals|Aluminum|Gases,EJ/yr,2035,absent row,zero
ndc_highce_eu,CHL,Final Energy|Industry|Non-Ferrous Metals|Aluminum|Gases,EJ/yr,2040,absent row,zero
ndc_highce_eu,CHL,Final Energy|Industry|Non-Ferrous Metals|Aluminum|Gases,EJ/yr,2050,absent row,zero
ndc_highce_eu,ENW,Final Energy|Industry|Non-Ferrous Metals|Aluminum|Gases,EJ/yr,2050,blank cell,zero
ndc_highce_eu,NIG,Final Energy|Industry|Non-Ferrous Metals|Aluminum|Gases,EJ/yr,2019,absent row,zero
ndc_highce_eu,NIG,Final Energy|Industry|Non-Ferrous Metals|Aluminum|Gases,EJ/yr,2024,absent row,zero
ndc_highce_eu,NIG,Final Energy|Industry|Non-Ferrous Metals|Aluminum|Gases,EJ/yr,2030,absent row,zero
ndc_highce_eu,NIG,Final Energy|Industry|Non-Ferrous Metals|Aluminum|Gases,EJ/yr,2035,absent row,zero
ndc_highce_eu,NIG,Final Energy|Industry|Non-Ferrous Metals|Aluminum|Gases,EJ/yr,2040,absent row,zero
ndc_highce_eu,NIG,Final Energy|Industry|Non-Ferrous Metals|Aluminum|Gases,EJ/yr,2050,absent row,zero
ndc_highce_eu,USA,Final Energy|Industry|Non-Ferrous Metals|Aluminum|Gases,EJ/yr,2050,blank cell,zero
ndc_highce_eu,AFE,Final Energy|Industry|Non-Ferrous Metals|Aluminum|Hydrogen,EJ/yr,2019,absent row,zero
ndc_highce_eu,AFE,Final Energy|Industry|Non-Ferrous Metals|Aluminum|Hydrogen,EJ/yr,2024,absent row,zero
ndc_highce_eu,AFE,Final Energy|Industry|Non-Ferrous Metals|Aluminum|Hydrogen,EJ/yr,2030,absent row,zero
ndc_highce_eu,AFE,Final Energy|Industry|Non-Ferrous Metals|Aluminum|Hydrogen,EJ/yr,2035,absent row,zero
ndc_highce_eu,AFE,Final Energy|Industry|Non-Ferrous Metals|Aluminum|Hydrogen,EJ/yr,2040,absent row,zero
ndc_highce_eu,AFE,Final Energy|Industry|Non-Ferrous Metals|Aluminum|Hydrogen,EJ/yr,2050,absent row,zero
ndc_highce_eu,AFN,Final Energy|Industry|Non-Ferrous Metals|Aluminum|Hydrogen,EJ/yr,2019,blank cell,zero
ndc_highce_eu,AFN,Final Energy|Industry|Non-Ferrous Metals|Aluminum|Hydrogen,EJ/yr,2024,blank cell,zero
ndc_highce_eu,AFW,Final Energy|Industry|Non-Ferrous Metals|Aluminum|Hydrogen,EJ/yr,2019,blank cell,zero
ndc_highce_eu,AFW,Final Energy|Industry|Non-Ferrous Metals|Aluminum|Hydrogen,EJ/yr,2024,blank cell,zero
ndc_highce_eu,AFW,Final Energy|Industry|Non-Ferrous Metals|Aluminum|Hydrogen,EJ/yr,2030,blank cell,zero
ndc_highce_eu,AFZ,Final Energy|Industry|Non-Ferrous Metals|Aluminum|Hydrogen,EJ/yr,2019,blank cell,zero
ndc_highce_eu,AFZ,Final Energy|Industry|Non-Ferrous Metals|Aluminum|Hydrogen,EJ/yr,2024,blank cell,zero
ndc_highce_eu,AFZ,Final Energy|Industry|Non-Ferrous Metals|Aluminum|Hydrogen,EJ/yr,2030,blank cell,zero
ndc_highce_eu,ANZ,Final Energy|Industry|Non-Ferrous Metals|Aluminum|Hydrogen,EJ/yr,2019,blank cell,zero
ndc_highce_eu,ANZ,Final Energy|Industry|Non-Ferrous Metals|Aluminum|Hydrogen,EJ/yr,2024,blank cell,zero
ndc_highce_eu,ANZ,Final Energy|Industry|Non-Ferrous Metals|Aluminum|Hydrogen,EJ/yr,2030,blank cell,zero
ndc_highce_eu,ASC,Final Energy|Industry|Non-Ferrous Metals|Aluminum|Hydrogen,EJ/yr,2019,blank cell,zero
ndc_highce_eu,ASC,Final Energy|Industry|Non-Ferrous Metals|Aluminum|Hydrogen,EJ/yr,2024,blank cell,zero
ndc_highce_eu,ASE,Final Energy|Industry|Non-Ferrous Metals|Aluminum|Hydrogen,EJ/yr,2019,blank cell,zero
ndc_highce_eu,ASE,Final Energy|Industry|Non-Ferrous Metals|Aluminum|Hydrogen,EJ/yr,2024,blank cell,zero
ndc_highce_eu,ASO,Final Energy|Industry|Non-Ferrous Metals|Aluminum|Hydrogen,EJ/yr,2019,absent row,zero
ndc_highce_eu,ASO,Final Energy|Industry|Non-Ferrous Metals|Aluminum|Hydrogen,EJ/yr,2024,absent row,zero
ndc_highce_eu,ASO,Final Energy|Industry|Non-Ferrous Metals|Aluminum|Hydrogen,EJ/yr,2030,absent row,zero
ndc_highce_eu,ASO,Final Energy|Industry|Non-Ferrous Metals|Aluminum|Hydrogen,EJ/yr,2035,absent row,zero
ndc_highce_eu,ASO,Final Energy|Industry|Non-Ferrous Metals|Aluminum|Hydrogen,EJ/yr,2040,absent row,zero
ndc_highce_eu,ASO,Final Energy|Industry|Non-Ferrous Metals|Aluminum|Hydrogen,EJ/yr,2050,absent row,zero
ndc_highce_eu,BRA,Final Energy|Industry|Non-Ferrous Metals|Aluminum|Hydrogen,EJ/yr,2019,blank cell,zero
ndc_highce_eu,BRA,Final Energy|Industry|Non-Ferrous Metals|Aluminum|Hydrogen,EJ/yr,2024,blank cell,zero
ndc_highce_eu,CAN,Final Energy|Industry|Non-Ferrous Metals|Aluminum|Hydrogen,EJ/yr,2019,blank cell,zero
ndc_highce_eu,CAN,Final Energy|Industry|Non-Ferrous Metals|Aluminum|Hydrogen,EJ/yr,2024,blank cell,zero
ndc_highce_eu,CHL,Final Energy|Industry|Non-Ferrous Metals|Aluminum|Hydrogen,EJ/yr,2019,absent row,zero
ndc_highce_eu,CHL,Final Energy|Industry|Non-Ferrous Metals|Aluminum|Hydrogen,EJ/yr,2024,absent row,zero
ndc_highce_eu,CHL,Final Energy|Industry|Non-Ferrous Metals|Aluminum|Hydrogen,EJ/yr,2030,absent row,zero
ndc_highce_eu,CHL,Final Energy|Industry|Non-Ferrous Metals|Aluminum|Hydrogen,EJ/yr,2035,absent row,zero
ndc_highce_eu,CHL,Final Energy|Industry|Non-Ferrous Metals|Aluminum|Hydrogen,EJ/yr,2040,absent row,zero
ndc_highce_eu,CHL,Final Energy|Industry|Non-Ferrous Metals|Aluminum|Hydrogen,EJ/yr,2050,absent row,zero
ndc_highce_eu,CHN,Final Energy|Industry|Non-Ferrous Metals|Aluminum|Hydrogen,EJ/yr,2019,blank cell,zero
ndc_highce_eu,CHN,Final Energy|Industry|Non-Ferrous Metals|Aluminum|Hydrogen,EJ/yr,2024,blank cell,zero
ndc_highce_eu,CHN,Final Energy|Industry|Non-Ferrous Metals|Aluminum|Hydrogen,EJ/yr,2030,blank cell,zero
ndc_highce_eu,ENE,Final Energy|Industry|Non-Ferrous Metals|Aluminum|Hydrogen,EJ/yr,2019,blank cell,zero
ndc_highce_eu,ENE,Final Energy|Industry|Non-Ferrous Metals|Aluminum|Hydrogen,EJ/yr,2024,blank cell,zero
ndc_highce_eu,ENW,Final Energy|Industry|Non-Ferrous Metals|Aluminum|Hydrogen,EJ/yr,2019,blank cell,zero
ndc_highce_eu,ENW,Final Energy|Industry|Non-Ferrous Metals|Aluminum|Hydrogen,EJ/yr,2024,blank cell,zero
ndc_highce_eu,ENW,Final Energy|Industry|Non-Ferrous Metals|Aluminum|Hydrogen,EJ/yr,2050,blank cell,zero
ndc_highce_eu,EUE,Final Energy|Industry|Non-Ferrous Metals|Aluminum|Hydrogen,EJ/yr,2019,blank cell,zero
ndc_highce_eu,EUE,Final Energy|Industry|Non-Ferrous Metals|Aluminum|Hydrogen,EJ/yr,2024,blank cell,zero
ndc_highce_eu,EUE,Final Energy|Industry|Non-Ferrous Metals|Aluminum|Hydrogen,EJ/yr,2030,blank cell,zero
ndc_highce_eu,EUM,Final Energy|Industry|Non-Ferrous Metals|Aluminum|Hydrogen,EJ/yr,2019,blank cell,zero
ndc_highce_eu,EUM,Final Energy|Industry|Non-Ferrous Metals|Aluminum|Hydrogen,EJ/yr,2024,blank cell,zero
ndc_highce_eu,EUW,Final Energy|Industry|Non-Ferrous Metals|Aluminum|Hydrogen,EJ/yr,2019,blank cell,zero
ndc_highce_eu,EUW,Final Energy|Industry|Non-Ferrous Metals|Aluminum|Hydrogen,EJ/yr,2024,blank cell,zero
ndc_highce_eu,IDN,Final Energy|Industry|Non-Ferrous Metals|Aluminum|Hydrogen,EJ/yr,2019,blank cell,zero
ndc_highce_eu,IDN,Final Energy|Industry|Non-Ferrous Metals|Aluminum|Hydrogen,EJ/yr,2024,blank cell,zero
ndc_highce_eu,IND,Final Energy|Industry|Non-Ferrous Metals|Aluminum|Hydrogen,EJ/yr,2019,blank cell,zero
ndc_highce_eu,IND,Final Energy|Industry|Non-Ferrous Metals|Aluminum|Hydrogen,EJ/yr,2024,blank cell,zero
ndc_highce_eu,JPN,Final Energy|Industry|Non-Ferrous Metals|Aluminum|Hydrogen,EJ/yr,2019,blank cell,zero
ndc_highce_eu,JPN,Final Energy|Industry|Non-Ferrous Metals|Aluminum|Hydrogen,EJ/yr,2024,blank cell,zero
ndc_highce_eu,JPN,Final Energy|Industry|Non-Ferrous Metals|Aluminum|Hydrogen,EJ/yr,2030,blank cell,zero
ndc_highce_eu,LAM,Final Energy|Industry|Non-Ferrous Metals|Aluminum|Hydrogen,EJ/yr,2019,blank cell,zero
ndc_highce_eu,LAM,Final Energy|Industry|Non-Ferrous Metals|Aluminum|Hydrogen,EJ/yr,2024,blank cell,zero
ndc_highce_eu,MDA,Final Energy|Industry|Non-Ferrous Metals|Aluminum|Hydrogen,EJ/yr,2019,blank cell,zero
ndc_highce_eu,MDA,Final Energy|Industry|Non-Ferrous Metals|Aluminum|Hydrogen,EJ/yr,2024,blank cell,zero
ndc_highce_eu,MEA,Final Energy|Industry|Non-Ferrous Metals|Aluminum|Hydrogen,EJ/yr,2019,blank cell,zero
ndc_highce_eu,MEA,Final Energy|Industry|Non-Ferrous Metals|Aluminum|Hydrogen,EJ/yr,2024,blank cell,zero
ndc_highce_eu,MEX,Final Energy|Industry|Non-Ferrous Metals|Aluminum|Hydrogen,EJ/yr,2019,blank cell,zero
ndc_highce_eu,MEX,Final Energy|Industry|Non-Ferrous Metals|Aluminum|Hydrogen,EJ/yr,2024,blank cell,zero
ndc_highce_eu,MEX,Final Energy|Industry|Non-Ferrous Metals|Aluminum|Hydrogen,EJ/yr,2030,blank cell,zero
ndc_highce_eu,NIG,Final Energy|Industry|Non-Ferrous Metals|Aluminum|Hydrogen,EJ/yr,2019,absent row,zero
ndc_highce_eu,NIG,Final Energy|Industry|Non-Ferrous Metals|Aluminum|Hydrogen,EJ/yr,2024,absent row,zero
ndc_highce_eu,NIG,Final Energy|Industry|Non-Ferrous Metals|Aluminum|Hydrogen,EJ/yr,2030,absent row,zero
ndc_highce_eu,NIG,Final Energy|Industry|Non-Ferrous Metals|Aluminum|Hydrogen,EJ/yr,2035,absent row,zero
ndc_highce_eu,NIG,Final Energy|Industry|Non-Ferrous Metals|Aluminum|Hydrogen,EJ/yr,2040,absent row,zero
ndc_highce_eu,NIG,Final Energy|Industry|Non-Ferrous Metals|Aluminum|Hydrogen,EJ/yr,2050,absent row,zero
ndc_highce_eu,RUS,Final Energy|Industry|Non-Ferrous Metals|Aluminum|Hydrogen,EJ/yr,2019,blank cell,zero
ndc_highce_eu,RUS,Final Energy|Industry|Non-Ferrous Metals|Aluminum|Hydrogen,EJ/yr,2024,blank cell,zero
ndc_highce_eu,SKT,Final Energy|Industry|Non-Ferrous Metals|Aluminum|Hydrogen,EJ/yr,2019,blank cell,zero
ndc_highce_eu,SKT,Final Energy|Industry|Non-Ferrous Metals|Aluminum|Hydrogen,EJ/yr,2024,blank cell,zero
ndc_highce_eu,SKT,Final Energy|Industry|Non-Ferrous Metals|Aluminum|Hydrogen,EJ/yr,2030,blank cell,zero
ndc_highce_eu,USA,Final Energy|Industry|Non-Ferrous Metals|Aluminum|Hydrogen,EJ/yr,2019,blank cell,zero
ndc_highce_eu,USA,Final Energy|Industry|Non-Ferrous Metals|Aluminum|Hydrogen,EJ/yr,2024,blank cell,zero
ndc_highce_eu,AFE,Final Energy|Industry|Non-Ferrous Metals|Aluminum|Liquids,EJ/yr,2019,absent row,zero
ndc_highce_eu,AFE,Final Energy|Industry|Non-Ferrous Metals|Aluminum|Liquids,EJ/yr,2024,absent row,zero
ndc_highce_eu,AFE,Final Energy|Industry|Non-Ferrous Metals|Aluminum|Liquids,EJ/yr,2030,absent row,zero
ndc_highce_eu,AFE,Final Energy|Industry|Non-Ferrous Metals|Aluminum|Liquids,EJ/yr,2035,absent row,zero
ndc_highce_eu,AFE,Final Energy|Industry|Non-Ferrous Metals|Aluminum|Liquids,EJ/yr,2040,absent row,zero
ndc_highce_eu,AFE,Final Energy|Industry|Non-Ferrous Metals|Aluminum|Liquids,EJ/yr,2050,absent row,zero
ndc_highce_eu,AFN,Final Energy|Industry|Non-Ferrous Metals|Aluminum|Liquids,EJ/yr,2019,absent row,zero
ndc_highce_eu,AFN,Final Energy|Industry|Non-Ferrous Metals|Aluminum|Liquids,EJ/yr,2024,absent row,zero
ndc_highce_eu,AFN,Final Energy|Industry|Non-Ferrous Metals|Aluminum|Liquids,EJ/yr,2030,absent row,zero
ndc_highce_eu,AFN,Final Energy|Industry|Non-Ferrous Metals|Aluminum|Liquids,EJ/yr,2035,absent row,zero
ndc_highce_eu,AFN,Final Energy|Industry|Non-Ferrous Metals|Aluminum|Liquids,EJ/yr,2040,absent row,zero
ndc_highce_eu,AFN,Final Energy|Industry|Non-Ferrous Metals|Aluminum|Liquids,EJ/yr,2050,absent row,zero
ndc_highce_eu,AFW,Final Energy|Industry|Non-Ferrous Metals|Aluminum|Liquids,EJ/yr,2050,blank cell,zero
ndc_highce_eu,AFZ,Final Energy|Industry|Non-Ferrous Metals|Aluminum|Liquids,EJ/yr,2050,blank cell,zero
ndc_highce_eu,ANZ,Final Energy|Industry|Non-Ferrous Metals|Aluminum|Liquids,EJ/yr,2019,absent row,zero
ndc_highce_eu,ANZ,Final Energy|Industry|Non-Ferrous Metals|Aluminum|Liquids,EJ/yr,2024,absent row,zero
ndc_highce_eu,ANZ,Final Energy|Industry|Non-Ferrous Metals|Aluminum|Liquids,EJ/yr,2030,absent row,zero
ndc_highce_eu,ANZ,Final Energy|Industry|Non-Ferrous Metals|Aluminum|Liquids,EJ/yr,2035,absent row,zero
ndc_highce_eu,ANZ,Final Energy|Industry|Non-Ferrous Metals|Aluminum|Liquids,EJ/yr,2040,absent row,zero
ndc_highce_eu,ANZ,Final Energy|Industry|Non-Ferrous Metals|Aluminum|Liquids,EJ/yr,2050,absent row,zero
ndc_highce_eu,ASC,Final Energy|Industry|Non-Ferrous Metals|Aluminum|Liquids,EJ/yr,2050,blank cell,zero
ndc_highce_eu,ASE,Final Energy|Industry|Non-Ferrous Metals|Aluminum|Liquids,EJ/yr,2050,blank cell,zero
ndc_highce_eu,ASO,Final Energy|Industry|Non-Ferrous Metals|Aluminum|Liquids,EJ/yr,2019,absent row,zero
ndc_highce_eu,ASO,Final Energy|Industry|Non-Ferrous Metals|Aluminum|Liquids,EJ/yr,2024,absent row,zero
ndc_highce_eu,ASO,Final Energy|Industry|Non-Ferrous Metals|Aluminum|Liquids,EJ/yr,2030,absent row,zero
ndc_highce_eu,ASO,Final Energy|Industry|Non-Ferrous Metals|Aluminum|Liquids,EJ/yr,2035,absent row,zero
ndc_highce_eu,ASO,Final Energy|Industry|Non-Ferrous Metals|Aluminum|Liquids,EJ/yr,2040,absent row,zero
ndc_highce_eu,ASO,Final Energy|Industry|Non-Ferrous Metals|Aluminum|Liquids,EJ/yr,2050,absent row,zero
ndc_highce_eu,BRA,Final Energy|Industry|Non-Ferrous Metals|Aluminum|Liquids,EJ/yr,2040,blank cell,zero
ndc_highce_eu,BRA,Final Energy|Industry|Non-Ferrous Metals|Aluminum|Liquids,EJ/yr,2050,blank cell,zero
ndc_highce_eu,CAN,Final Energy|Industry|Non-Ferrous Metals|Aluminum|Liquids,EJ/yr,2019,absent row,zero
ndc_highce_eu,CAN,Final Energy|Industry|Non-Ferrous Metals|Aluminum|Liquids,EJ/yr,2024,absent row,zero
ndc_highce_eu,CAN,Final Energy|Industry|Non-Ferrous Metals|Aluminum|Liquids,EJ/yr,2030,absent row,zero
ndc_highce_eu,CAN,Final Energy|Industry|Non-Ferrous Metals|Aluminum|Liquids,EJ/yr,2035,absent row,zero
ndc_highce_eu,CAN,Final Energy|Industry|Non-Ferrous Metals|Aluminum|Liquids,EJ/yr,2040,absent row,zero
ndc_highce_eu,CAN,Final Energy|Industry|Non-Ferrous Metals|Aluminum|Liquids,EJ/yr,2050,absent row,zero
ndc_highce_eu,CHL,Final Energy|Industry|Non-Ferrous Metals|Aluminum|Liquids,EJ/yr,2019,absent row,zero
ndc_highce_eu,CHL,Final Energy|Industry|Non-Ferrous Metals|Aluminum|Liquids,EJ/yr,2024,absent row,zero
ndc_highce_eu,CHL,Final Energy|Industry|Non-Ferrous Metals|Aluminum|Liquids,EJ/yr,2030,absent row,zero
ndc_highce_eu,CHL,Final Energy|Industry|Non-Ferrous Metals|Aluminum|Liquids,EJ/yr,2035,absent row,zero
ndc_highce_eu,CHL,Final Energy|Industry|Non-Ferrous Metals|Aluminum|Liquids,EJ/yr,2040,absent row,zero
ndc_highce_eu,CHL,Final Energy|Industry|Non-Ferrous Metals|Aluminum|Liquids,EJ/yr,2050,absent row,zero
ndc_highce_eu,CHN,Final Energy|Industry|Non-Ferrous Metals|Aluminum|Liquids,EJ/yr,2050,blank cell,zero
ndc_highce_eu,ENE,Final Energy|Industry|Non-Ferrous Metals|Aluminum|Liquids,EJ/yr,2019,absent row,zero
ndc_highce_eu,ENE,Final Energy|Industry|Non-Ferrous Metals|Aluminum|Liquids,EJ/yr,2024,absent row,zero
ndc_highce_eu,ENE,Final Energy|Industry|Non-Ferrous Metals|Aluminum|Liquids,EJ/yr,2030,absent row,zero
ndc_highce_eu,ENE,Final Energy|Industry|Non-Ferrous Metals|Aluminum|Liquids,EJ/yr,2035,absent row,zero
ndc_highce_eu,ENE,Final Energy|Industry|Non-Ferrous Metals|Aluminum|Liquids,EJ/yr,2040,absent row,zero
ndc_highce_eu,ENE,Final Energy|Industry|Non-Ferrous Metals|Aluminum|Liquids,EJ/yr,2050,absent row,zero
ndc_highce_eu,ENW,Final Energy|Industry|Non-Ferrous Metals|Aluminum|Liquids,EJ/yr,2019,absent row,zero
ndc_highce_eu,ENW,Final Energy|Industry|Non-Ferrous Metals|Aluminum|Liquids,EJ/yr,2024,absent row,zero
ndc_highce_eu,ENW,Final Energy|Industry|Non-Ferrous Metals|Aluminum|Liquids,EJ/yr,2030,absent row,zero
ndc_highce_eu,ENW,Final Energy|Industry|Non-Ferrous Metals|Aluminum|Liquids,EJ/yr,2035,absent row,zero
ndc_highce_eu,ENW,Final Energy|Industry|Non-Ferrous Metals|Aluminum|Liquids,EJ/yr,2040,absent row,zero
ndc_highce_eu,ENW,Final Energy|Industry|Non-Ferrous Metals|Aluminum|Liquids,EJ/yr,2050,absent row,zero
ndc_highce_eu,EUE,Final Energy|Industry|Non-Ferrous Metals|Aluminum|Liquids,EJ/yr,2019,absent row,zero
ndc_highce_eu,EUE,Final Energy|Industry|Non-Ferrous Metals|Aluminum|Liquids,EJ/yr,2024,absent row,zero
ndc_highce_eu,EUE,Final Energy|Industry|Non-Ferrous Metals|Aluminum|Liquids,EJ/yr,2030,absent row,zero
ndc_highce_eu,EUE,Final Energy|Industry|Non-Ferrous Metals|Aluminum|Liquids,EJ/yr,2035,absent row,zero
ndc_highce_eu,EUE,Final Energy|Industry|Non-Ferrous Metals|Aluminum|Liquids,EJ/yr,2040,absent row,zero
ndc_highce_eu,EUE,Final Energy|Industry|Non-Ferrous Metals|Aluminum|Liquids,EJ/yr,2050,absent row,zero
ndc_highce_eu,EUM,Final Energy|Industry|Non-Ferrous Metals|Aluminum|Liquids,EJ/yr,2019,absent row,zero
ndc_highce_eu,EUM,Final Energy|Industry|Non-Ferrous Metals|Aluminum|Liquids,EJ/yr,2024,absent row,zero
ndc_highce_eu,EUM,Final Energy|Industry|Non-Ferrous Metals|Aluminum|Liquids,EJ/yr,2030,absent row,zero
ndc_highce_eu,EUM,Final Energy|Industry|Non-Ferrous Metals|Aluminum|Liquids,EJ/yr,2035,absent row,zero
ndc_highce_eu,EUM,Final Energy|Industry|Non-Ferrous Metals|Aluminum|Liquids,EJ/yr,2040,absent row,zero
ndc_highce_eu,EUM,Final Energy|Industry|Non-Ferrous Metals|Aluminum|Liquids,EJ/yr,2050,absent row,zero
ndc_highce_eu,EUW,Final Energy|Industry|Non-Ferrous Metals|Aluminum|Liquids,EJ/yr,2019,absent row,zero
ndc_highce_eu,EUW,Final Energy|Industry|Non-Ferrous Metals|Aluminum|Liquids,EJ/yr,2024,absent row,zero
ndc_highce_eu,EUW,Final Energy|Industry|Non-Ferrous Metals|Aluminum|Liquids,EJ/yr,2030,absent row,zero
ndc_highce_eu,EUW,Final Energy|Industry|Non-Ferrous Metals|Aluminum|Liquids,EJ/yr,2035,absent row,zero
ndc_highce_eu,EUW,Final Energy|Industry|Non-Ferrous Metals|Aluminum|Liquids,EJ/yr,2040,absent row,zero
ndc_highce_eu,EUW,Final Energy|Industry|Non-Ferrous Metals|Aluminum|Liquids,EJ/yr,2050,absent row,zero
ndc_highce_eu,IDN,Final Energy|Industry|Non-Ferrous Metals|Aluminum|Liquids,EJ/yr,2050,blank cell,zero
ndc_highce_eu,IND,Final Energy|Industry|Non-Ferrous Metals|Aluminum|Liquids,EJ/yr,2050,blank cell,zero
ndc_highce_eu,JPN,Final Energy|Industry|Non-Ferrous Metals|Aluminum|Liquids,EJ/yr,2019,absent row,zero
ndc_highce_eu,JPN,Final Energy|Industry|Non-Ferrous Metals|Aluminum|Liquids,EJ/yr,2024,absent row,zero
ndc_highce_eu,JPN,Final Energy|Industry|Non-Ferrous Metals|Aluminum|Liquids,EJ/yr,2030,absent row,zero
ndc_highce_eu,JPN,Final Energy|Industry|Non-Ferrous Metals|Aluminum|Liquids,EJ/yr,2035,absent row,zero
ndc_highce_eu,JPN,Final Energy|Industry|Non-Ferrous Metals|Aluminum|Liquids,EJ/yr,2040,absent row,zero
ndc_highce_eu,JPN,Final Energy|Industry|Non-Ferrous Metals|Aluminum|Liquids,EJ/yr,2050,absent row,zero
ndc_highce_eu,LAM,Final Energy|Industry|Non-Ferrous Metals|Aluminum|Liquids,EJ/yr,2050,blank cell,zero
ndc_highce_eu,MDA,Final Energy|Industry|Non-Ferrous Metals|Aluminum|Liquids,EJ/yr,2050,blank cell,zero
ndc_highce_eu,MEA,Final Energy|Industry|Non-Ferrous Metals|Aluminum|Liquids,EJ/yr,2019,absent row,zero
ndc_highce_eu,MEA,Final Energy|Industry|Non-Ferrous Metals|Aluminum|Liquids,EJ/yr,2024,absent row,zero
ndc_highce_eu,MEA,Final Energy|Industry|Non-Ferrous Metals|Aluminum|Liquids,EJ/yr,2030,absent row,zero
ndc_highce_eu,MEA,Final Energy|Industry|Non-Ferrous Metals|Aluminum|Liquids,EJ/yr,2035,absent row,zero
ndc_highce_eu,MEA,Final Energy|Industry|Non-Ferrous Metals|Aluminum|Liquids,EJ/yr,2040,absent row,zero
ndc_highce_eu,MEA,Final Energy|Industry|Non-Ferrous Metals|Aluminum|Liquids,EJ/yr,2050,absent row,zero
ndc_highce_eu,MEX,Final Energy|Industry|Non-Ferrous Metals|Aluminum|Liquids,EJ/yr,2019,absent row,zero
ndc_highce_eu,MEX,Final Energy|Industry|Non-Ferrous Metals|Aluminum|Liquids,EJ/yr,2024,absent row,zero
ndc_highce_eu,MEX,Final Energy|Industry|Non-Ferrous Metals|Aluminum|Liquids,EJ/yr,2030,absent row,zero
ndc_highce_eu,MEX,Final Energy|Industry|Non-Ferrous Metals|Aluminum|Liquids,EJ/yr,2035,absent row,zero
ndc_highce_eu,MEX,Final Energy|Industry|Non-Ferrous Metals|Aluminum|Liquids,EJ/yr,2040,absent row,zero
ndc_highce_eu,MEX,Final Energy|Industry|Non-Ferrous Metals|Aluminum|Liquids,EJ/yr,2050,absent row,zero
ndc_highce_eu,NIG,Final Energy|Industry|Non-Ferrous Metals|Aluminum|Liquids,EJ/yr,2019,absent row,zero
ndc_highce_eu,NIG,Final Energy|Industry|Non-Ferrous Metals|Aluminum|Liquids,EJ/yr,2024,absent row,zero
ndc_highce_eu,NIG,Final Energy|Industry|Non-Ferrous Metals|Aluminum|Liquids,EJ/yr,2030,absent row,zero
ndc_highce_eu,NIG,Final Energy|Industry|Non-Ferrous Metals|Aluminum|Liquids,EJ/yr,2035,absent row,zero
ndc_highce_eu,NIG,Final Energy|Industry|Non-Ferrous Metals|Aluminum|Liquids,EJ/yr,2040,absent row,zero
ndc_highce_eu,NIG,Final Energy|Industry|Non-Ferrous Metals|Aluminum|Liquids,EJ/yr,2050,absent row,zero
ndc_highce_eu,RUS,Final Energy|Industry|Non-Ferrous Metals|Aluminum|Liquids,EJ/yr,2019,absent row,zero
ndc_highce_eu,RUS,Final Energy|Industry|Non-Ferrous Metals|Aluminum|Liquids,EJ/yr,2024,absent row,zero
ndc_highce_eu,RUS,Final Energy|Industry|Non-Ferrous Metals|Aluminum|Liquids,EJ/yr,2030,absent row,zero
ndc_highce_eu,RUS,Final Energy|Industry|Non-Ferrous Metals|Aluminum|Liquids,EJ/yr,2035,absent row,zero
ndc_highce_eu,RUS,Final Energy|Industry|Non-Ferrous Metals|Aluminum|Liquids,EJ/yr,2040,absent row,zero
ndc_highce_eu,RUS,Final Energy|Industry|Non-Ferrous Metals|Aluminum|Liquids,EJ/yr,2050,absent row,zero
ndc_highce_eu,SKT,Final Energy|Industry|Non-Ferrous Metals|Aluminum|Liquids,EJ/yr,2019,absent row,zero
ndc_highce_eu,SKT,Final Energy|Industry|Non-Ferrous Metals|Aluminum|Liquids,EJ/yr,2024,absent row,zero
ndc_highce_eu,SKT,Final Energy|Industry|Non-Ferrous Metals|Aluminum|Liquids,EJ/yr,2030,absent row,zero
ndc_highce_eu,SKT,Final Energy|Industry|Non-Ferrous Metals|Aluminum|Liquids,EJ/yr,2035,absent row,zero
ndc_highce_eu,SKT,Final Energy|Industry|Non-Ferrous Metals|Aluminum|Liquids,EJ/yr,2040,absent row,zero
ndc_highce_eu,SKT,Final Energy|Industry|Non-Ferrous Metals|Aluminum|Liquids,EJ/yr,2050,absent row,zero
ndc_highce_eu,USA,Final Energy|Industry|Non-Ferrous Metals|Aluminum|Liquids,EJ/yr,2019,absent row,zero
ndc_highce_eu,USA,Final Energy|Industry|Non-Ferrous Metals|Aluminum|Liquids,EJ/yr,2024,absent row,zero
ndc_highce_eu,USA,Final Energy|Industry|Non-Ferrous Metals|Aluminum|Liquids,EJ/yr,2030,absent row,zero
ndc_highce_eu,USA,Final Energy|Industry|Non-Ferrous Metals|Aluminum|Liquids,EJ/yr,2035,absent row,zero
ndc_highce_eu,USA,Final Energy|Industry|Non-Ferrous Metals|Aluminum|Liquids,EJ/yr,2040,absent row,zero
ndc_highce_eu,USA,Final Energy|Industry|Non-Ferrous Metals|Aluminum|Liquids,EJ/yr,2050,absent row,zero
ndc_highce_eu,AFE,Final Energy|Industry|Non-Ferrous Metals|Aluminum|Solids,EJ/yr,2019,absent row,zero
ndc_highce_eu,AFE,Final Energy|Industry|Non-Ferrous Metals|Aluminum|Solids,EJ/yr,2024,absent row,zero
ndc_highce_eu,AFE,Final Energy|Industry|Non-Ferrous Metals|Aluminum|Solids,EJ/yr,2030,absent row,zero
ndc_highce_eu,AFE,Final Energy|Industry|Non-Ferrous Metals|Aluminum|Solids,EJ/yr,2035,absent row,zero
ndc_highce_eu,AFE,Final Energy|Industry|Non-Ferrous Metals|Aluminum|Solids,EJ/yr,2040,absent row,zero
ndc_highce_eu,AFE,Final Energy|Industry|Non-Ferrous Metals|Aluminum|Solids,EJ/yr,2050,absent row,zero
ndc_highce_eu,AFN,Final Energy|Industry|Non-Ferrous Metals|Aluminum|Solids,EJ/yr,2019,absent row,zero
ndc_highce_eu,AFN,Final Energy|Industry|Non-Ferrous Metals|Aluminum|Solids,EJ/yr,2024,absent row,zero
ndc_highce_eu,AFN,Final Energy|Industry|Non-Ferrous Metals|Aluminum|Solids,EJ/yr,2030,absent row,zero
ndc_highce_eu,AFN,Final Energy|Industry|Non-Ferrous Metals|Aluminum|Solids,EJ/yr,2035,absent row,zero
ndc_highce_eu,AFN,Final Energy|Industry|Non-Ferrous Metals|Aluminum|Solids,EJ/yr,2040,absent row,zero
ndc_highce_eu,AFN,Final Energy|Industry|Non-Ferrous Metals|Aluminum|Solids,EJ/yr,2050,absent row,zero
ndc_highce_eu,AFW,Final Energy|Industry|Non-Ferrous Metals|Aluminum|Solids,EJ/yr,2050,blank cell,zero
ndc_highce_eu,AFZ,Final Energy|Industry|Non-Ferrous Metals|Aluminum|Solids,EJ/yr,2050,blank cell,zero
ndc_highce_eu,ANZ,Final Energy|Industry|Non-Ferrous Metals|Aluminum|Solids,EJ/yr,2050,blank cell,zero
ndc_highce_eu,ASC,Final Energy|Industry|Non-Ferrous Metals|Aluminum|Solids,EJ/yr,2050,blank cell,zero
ndc_highce_eu,ASE,Final Energy|Industry|Non-Ferrous Metals|Aluminum|Solids,EJ/yr,2050,blank cell,zero
ndc_highce_eu,ASO,Final Energy|Industry|Non-Ferrous Metals|Aluminum|Solids,EJ/yr,2019,absent row,zero
ndc_highce_eu,ASO,Final Energy|Industry|Non-Ferrous Metals|Aluminum|Solids,EJ/yr,2024,absent row,zero
ndc_highce_eu,ASO,Final Energy|Industry|Non-Ferrous Metals|Aluminum|Solids,EJ/yr,2030,absent row,zero
ndc_highce_eu,ASO,Final Energy|Industry|Non-Ferrous Metals|Aluminum|Solids,EJ/yr,2035,absent row,zero
ndc_highce_eu,ASO,Final Energy|Industry|Non-Ferrous Metals|Aluminum|Solids,EJ/yr,2040,absent row,zero
ndc_highce_eu,ASO,Final Energy|Industry|Non-Ferrous Metals|Aluminum|Solids,EJ/yr,2050,absent row,zero
ndc_highce_eu,BRA,Final Energy|Industry|Non-Ferrous Metals|Aluminum|Solids,EJ/yr,2040,blank cell,zero
ndc_highce_eu,BRA,Final Energy|Industry|Non-Ferrous Metals|Aluminum|Solids,EJ/yr,2050,blank cell,zero
ndc_highce_eu,CAN,Final Energy|Industry|Non-Ferrous Metals|Aluminum|Solids,EJ/yr,2019,absent row,zero
ndc_highce_eu,CAN,Final Energy|Industry|Non-Ferrous Metals|Aluminum|Solids,EJ/yr,2024,absent row,zero
ndc_highce_eu,CAN,Final Energy|Industry|Non-Ferrous Metals|Aluminum|Solids,EJ/yr,2030,absent row,zero
ndc_highce_eu,CAN,Final Energy|Industry|Non-Ferrous Metals|Aluminum|Solids,EJ/yr,2035,absent row,zero
ndc_highce_eu,CAN,Final Energy|Industry|Non-Ferrous Metals|Aluminum|Solids,EJ/yr,2040,absent row,zero
ndc_highce_eu,CAN,Final Energy|Industry|Non-Ferrous Metals|Aluminum|Solids,EJ/yr,2050,absent row,zero
ndc_highce_eu,CHL,Final Energy|Industry|Non-Ferrous Metals|Aluminum|Solids,EJ/yr,2019,absent row,zero
ndc_highce_eu,CHL,Final Energy|Industry|Non-Ferrous Metals|Aluminum|Solids,EJ/yr,2024,absent row,zero
ndc_highce_eu,CHL,Final Energy|Industry|Non-Ferrous Metals|Aluminum|Solids,EJ/yr,2030,absent row,zero
ndc_highce_eu,CHL,Final Energy|Industry|Non-Ferrous Metals|Aluminum|Solids,EJ/yr,2035,absent row,zero
ndc_highce_eu,CHL,Final Energy|Industry|Non-Ferrous Metals|Aluminum|Solids,EJ/yr,2040,absent row,zero
ndc_highce_eu,CHL,Final Energy|Industry|Non-Ferrous Metals|Aluminum|Solids,EJ/yr,2050,absent row,zero
ndc_highce_eu,CHN,Final Energy|Industry|Non-Ferrous Metals|Aluminum|Solids,EJ/yr,2050,blank cell,zero
ndc_highce_eu,ENE,Final Energy|Industry|Non-Ferrous Metals|Aluminum|Solids,EJ/yr,2019,absent row,zero
ndc_highce_eu,ENE,Final Energy|Industry|Non-Ferrous Metals|Aluminum|Solids,EJ/yr,2024,absent row,zero
ndc_highce_eu,ENE,Final Energy|Industry|Non-Ferrous Metals|Aluminum|Solids,EJ/yr,2030,absent row,zero
ndc_highce_eu,ENE,Final Energy|Industry|Non-Ferrous Metals|Aluminum|Solids,EJ/yr,2035,absent row,zero
ndc_highce_eu,ENE,Final Energy|Industry|Non-Ferrous Metals|Aluminum|Solids,EJ/yr,2040,absent row,zero
ndc_highce_eu,ENE,Final Energy|Industry|Non-Ferrous Metals|Aluminum|Solids,EJ/yr,2050,absent row,zero
ndc_highce_eu,ENW,Final Energy|Industry|Non-Ferrous Metals|Aluminum|Solids,EJ/yr,2019,absent row,zero
ndc_highce_eu,ENW,Final Energy|Industry|Non-Ferrous Metals|Aluminum|Solids,EJ/yr,2024,absent row,zero
ndc_highce_eu,ENW,Final Energy|Industry|Non-Ferrous Metals|Aluminum|Solids,EJ/yr,2030,absent row,zero
ndc_highce_eu,ENW,Final Energy|Industry|Non-Ferrous Metals|Aluminum|Solids,EJ/yr,2035,absent row,zero
ndc_highce_eu,ENW,Final Energy|Industry|Non-Ferrous Metals|Aluminum|Solids,EJ/yr,2040,absent row,zero
ndc_highce_eu,ENW,Final Energy|Industry|Non-Ferrous Metals|Aluminum|Solids,EJ/yr,2050,absent row,zero
ndc_highce_eu,EUE,Final Energy|Industry|Non-Ferrous Metals|Aluminum|Solids,EJ/yr,2019,absent row,zero
ndc_highce_eu,EUE,Final Energy|Industry|Non-Ferrous Metals|Aluminum|Solids,EJ/yr,2024,absent row,zero
ndc_highce_eu,EUE,Final Energy|Industry|Non-Ferrous Metals|Aluminum|Solids,EJ/yr,2030,absent row,zero
ndc_highce_eu,EUE,Final Energy|Industry|Non-Ferrous Metals|Aluminum|Solids,EJ/yr,2035,absent row,zero
ndc_highce_eu,EUE,Final Energy|Industry|Non-Ferrous Metals|Aluminum|Solids,EJ/yr,2040,absent row,zero
ndc_highce_eu,EUE,Final Energy|Industry|Non-Ferrous Metals|Aluminum|Solids,EJ/yr,2050,absent row,zero
ndc_highce_eu,EUM,Final Energy|Industry|Non-Ferrous Metals|Aluminum|Solids,EJ/yr,2019,absent row,zero
ndc_highce_eu,EUM,Final Energy|Industry|Non-Ferrous Metals|Aluminum|Solids,EJ/yr,2024,absent row,zero
ndc_highce_eu,EUM,Final Energy|Industry|Non-Ferrous Metals|Aluminum|Solids,EJ/yr,2030,absent row,zero
ndc_highce_eu,EUM,Final Energy|Industry|Non-Ferrous Metals|Aluminum|Solids,EJ/yr,2035,absent row,zero
ndc_highce_eu,EUM,Final Energy|Industry|Non-Ferrous Metals|Aluminum|Solids,EJ/yr,2040,absent row,zero
ndc_highce_eu,EUM,Final Energy|Industry|Non-Ferrous Metals|Aluminum|Solids,EJ/yr,2050,absent row,zero
ndc_highce_eu,EUW,Final Energy|Industry|Non-Ferrous Metals|Aluminum|Solids,EJ/yr,2019,absent row,zero
ndc_highce_eu,EUW,Final Energy|Industry|Non-Ferrous Metals|Aluminum|Solids,EJ/yr,2024,absent row,zero
ndc_highce_eu,EUW,Final Energy|Industry|Non-Ferrous Metals|Aluminum|Solids,EJ/yr,2030,absent row,zero
ndc_highce_eu,EUW,Final Energy|Industry|Non-Ferrous Metals|Aluminum|Solids,EJ/yr,2035,absent row,zero
ndc_highce_eu,EUW,Final Energy|Industry|Non-Ferrous Metals|Aluminum|Solids,EJ/yr,2040,absent row,zero
ndc_highce_eu,EUW,Final Energy|Industry|Non-Ferrous Metals|Aluminum|Solids,EJ/yr,2050,absent row,zero
ndc_highce_eu,IDN,Final Energy|Industry|Non-Ferrous Metals|Aluminum|Solids,EJ/yr,2050,blank cell,zero
ndc_highce_eu,IND,Final Energy|Industry|Non-Ferrous Metals|Aluminum|Solids,EJ/yr,2050,blank cell,zero
ndc_highce_eu,JPN,Final Energy|Industry|Non-Ferrous Metals|Aluminum|Solids,EJ/yr,2019,absent row,zero
ndc_highce_eu,JPN,Final Energy|Industry|Non-Ferrous Metals|Aluminum|Solids,EJ/yr,2024,absent row,zero
ndc_highce_eu,JPN,Final Energy|Industry|Non-Ferrous Metals|Aluminum|Solids,EJ/yr,2030,absent row,zero
ndc_highce_eu,JPN,Final Energy|Industry|Non-Ferrous Metals|Aluminum|Solids,EJ/yr,2035,absent row,zero
ndc_highce_eu,JPN,Final Energy|Industry|Non-Ferrous Metals|Aluminum|Solids,EJ/yr,2040,absent row,zero
ndc_highce_eu,JPN,Final Energy|Industry|Non-Ferrous Metals|Aluminum|Solids,EJ/yr,2050,absent row,zero
ndc_highce_eu,LAM,Final Energy|Industry|Non-Ferrous Metals|Aluminum|Solids,EJ/yr,2050,blank cell,zero
ndc_highce_eu,MDA,Final Energy|Industry|Non-Ferrous Metals|Aluminum|Solids,EJ/yr,2050,blank cell,zero
ndc_highce_eu,MEA,Final Energy|Industry|Non-Ferrous Metals|Aluminum|Solids,EJ/yr,2019,absent row,zero
ndc_highce_eu,MEA,Final Energy|Industry|Non-Ferrous Metals|Aluminum|Solids,EJ/yr,2024,absent row,zero
ndc_highce_eu,MEA,Final Energy|Industry|Non-Ferrous Metals|Aluminum|Solids,EJ/yr,2030,absent row,zero
ndc_highce_eu,MEA,Final Energy|Industry|Non-Ferrous Metals|Aluminum|Solids,EJ/yr,2035,absent row,zero
ndc_highce_eu,MEA,Final Energy|Industry|Non-Ferrous Metals|Aluminum|Solids,EJ/yr,2040,absent row,zero
ndc_highce_eu,MEA,Final Energy|Industry|Non-Ferrous Metals|Aluminum|Solids,EJ/yr,2050,absent row,zero
ndc_highce_eu,MEX,Final Energy|Industry|Non-Ferrous Metals|Aluminum|Solids,EJ/yr,2019,absent row,zero
ndc_highce_eu,MEX,Final Energy|Industry|Non-Ferrous Metals|Aluminum|Solids,EJ/yr,2024,absent row,zero
ndc_highce_eu,MEX,Final Energy|Industry|Non-Ferrous Metals|Aluminum|Solids,EJ/yr,2030,absent row,zero
ndc_highce_eu,MEX,Final Energy|Industry|Non-Ferrous Metals|Aluminum|Solids,EJ/yr,2035,absent row,zero
ndc_highce_eu,MEX,Final Energy|Industry|Non-Ferrous Metals|Aluminum|Solids,EJ/yr,2040,absent row,zero
ndc_highce_eu,MEX,Final Energy|Industry|Non-Ferrous Metals|Aluminum|Solids,EJ/yr,2050,absent row,zero
ndc_highce_eu,NIG,Final Energy|Industry|Non-Ferrous Metals|Aluminum|Solids,EJ/yr,2019,absent row,zero
ndc_highce_eu,NIG,Final Energy|Industry|Non-Ferrous Metals|Aluminum|Solids,EJ/yr,2024,absent row,zero
ndc_highce_eu,NIG,Final Energy|Industry|Non-Ferrous Metals|Aluminum|Solids,EJ/yr,2030,absent row,zero
ndc_highce_eu,NIG,Final Energy|Industry|Non-Ferrous Metals|Aluminum|Solids,EJ/yr,2035,absent row,zero
ndc_highce_eu,NIG,Final Energy|Industry|Non-Ferrous Metals|Aluminum|Solids,EJ/yr,2040,absent row,zero
ndc_highce_eu,NIG,Final Energy|Industry|Non-Ferrous Metals|Aluminum|Solids,EJ/yr,2050,absent row,zero
ndc_highce_eu,RUS,Final Energy|Industry|Non-Ferrous Metals|Aluminum|Solids,EJ/yr,2019,absent row,zero
ndc_highce_eu,RUS,Final Energy|Industry|Non-Ferrous Metals|Aluminum|Solids,EJ/yr,2024,absent row,zero
ndc_highce_eu,RUS,Final Energy|Industry|Non-Ferrous Metals|Aluminum|Solids,EJ/yr,2030,absent row,zero
ndc_highce_eu,RUS,Final Energy|Industry|Non-Ferrous Metals|Aluminum|Solids,EJ/yr,2035,absent row,zero
ndc_highce_eu,RUS,Final Energy|Industry|Non-Ferrous Metals|Aluminum|Solids,EJ/yr,2040,absent row,zero
ndc_highce_eu,RUS,Final Energy|Industry|Non-Ferrous Metals|Aluminum|Solids,EJ/yr,2050,absent row,zero
ndc_highce_eu,SKT,Final Energy|Industry|Non-Ferrous Metals|Aluminum|Solids,EJ/yr,2019,absent row,zero
ndc_highce_eu,SKT,Final Energy|Industry|Non-Ferrous Metals|Aluminum|Solids,EJ/yr,2024,absent row,zero
ndc_highce_eu,SKT,Final Energy|Industry|Non-Ferrous Metals|Aluminum|Solids,EJ/yr,2030,absent row,zero
ndc_highce_eu,SKT,Final Energy|Industry|Non-Ferrous Metals|Aluminum|Solids,EJ/yr,2035,absent row,zero
ndc_highce_eu,SKT,Final Energy|Industry|Non-Ferrous Metals|Aluminum|Solids,EJ/yr,2040,absent row,zero
ndc_highce_eu,SKT,Final Energy|Industry|Non-Ferrous Metals|Aluminum|Solids,EJ/yr,2050,absent row,zero
ndc_highce_eu,USA,Final Energy|Industry|Non-Ferrous Metals|Aluminum|Solids,EJ/yr,2019,absent row,zero
ndc_highce_eu,USA,Final Energy|Industry|Non-Ferrous Metals|Aluminum|Solids,EJ/yr,2024,absent row,zero
ndc_highce_eu,USA,Final Energy|Industry|Non-Ferrous Metals|Aluminum|Solids,EJ/yr,2030,absent row,zero
ndc_highce_eu,USA,Final Energy|Industry|Non-Ferrous Metals|Aluminum|Solids,EJ/yr,2035,absent row,zero
ndc_highce_eu,USA,Final Energy|Industry|Non-Ferrous Metals|Aluminum|Solids,EJ/yr,2040,absent row,zero
ndc_highce_eu,USA,Final Energy|Industry|Non-Ferrous Metals|Aluminum|Solids,EJ/yr,2050,absent row,zero
ndc_highce_eu,AFE,Emissions|GHG|Industry|Non-Ferrous Metals|Aluminum,MtCO2e/yr,2019,absent row,zero
ndc_highce_eu,AFE,Emissions|GHG|Industry|Non-Ferrous Metals|Aluminum,MtCO2e/yr,2024,absent row,zero
ndc_highce_eu,AFE,Emissions|GHG|Industry|Non-Ferrous Metals|Aluminum,MtCO2e/yr,2030,absent row,zero
ndc_highce_eu,AFE,Emissions|GHG|Industry|Non-Ferrous Metals|Aluminum,MtCO2e/yr,2035,absent row,zero
ndc_highce_eu,AFE,Emissions|GHG|Industry|Non-Ferrous Metals|Aluminum,MtCO2e/yr,2040,absent row,zero
ndc_highce_eu,AFE,Emissions|GHG|Industry|Non-Ferrous Metals|Aluminum,MtCO2e/yr,2050,absent row,zero
ndc_highce_eu,ANZ,Emissions|GHG|Industry|Non-Ferrous Metals|Aluminum,MtCO2e/yr,2050,blank cell,zero
ndc_highce_eu,ASO,Emissions|GHG|Industry|Non-Ferrous Metals|Aluminum,MtCO2e/yr,2019,absent row,zero
ndc_highce_eu,ASO,Emissions|GHG|Industry|Non-Ferrous Metals|Aluminum,MtCO2e/yr,2024,absent row,zero
ndc_highce_eu,ASO,Emissions|GHG|Industry|Non-Ferrous Metals|Aluminum,MtCO2e/yr,2030,absent row,zero
ndc_highce_eu,ASO,Emissions|GHG|Industry|Non-Ferrous Metals|Aluminum,MtCO2e/yr,2035,absent row,zero
ndc_highce_eu,ASO,Emissions|GHG|Industry|Non-Ferrous Metals|Aluminum,MtCO2e/yr,2040,absent row,zero
ndc_highce_eu,ASO,Emissions|GHG|Industry|Non-Ferrous Metals|Aluminum,MtCO2e/yr,2050,absent row,zero
ndc_highce_eu,CHL,Emissions|GHG|Industry|Non-Ferrous Metals|Aluminum,MtCO2e/yr,2019,absent row,zero
ndc_highce_eu,CHL,Emissions|GHG|Industry|Non-Ferrous Metals|Aluminum,MtCO2e/yr,2024,absent row,zero
ndc_highce_eu,CHL,Emissions|GHG|Industry|Non-Ferrous Metals|Aluminum,MtCO2e/yr,2030,absent row,zero
ndc_highce_eu,CHL,Emissions|GHG|Industry|Non-Ferrous Metals|Aluminum,MtCO2e/yr,2035,absent row,zero
ndc_highce_eu,CHL,Emissions|GHG|Industry|Non-Ferrous Metals|Aluminum,MtCO2e/yr,2040,absent row,zero
ndc_highce_eu,CHL,Emissions|GHG|Industry|Non-Ferrous Metals|Aluminum,MtCO2e/yr,2050,absent row,zero
ndc_highce_eu,ENW,Emissions|GHG|Industry|Non-Ferrous Metals|Aluminum,MtCO2e/yr,2050,blank cell,zero
ndc_highce_eu,NIG,Emissions|GHG|Industry|Non-Ferrous Metals|Aluminum,MtCO2e/yr,2019,absent row,zero
ndc_highce_eu,NIG,Emissions|GHG|Industry|Non-Ferrous Metals|Aluminum,MtCO2e/yr,2024,absent row,zero
ndc_highce_eu,NIG,Emissions|GHG|Industry|Non-Ferrous Metals|Aluminum,MtCO2e/yr,2030,absent row,zero
ndc_highce_eu,NIG,Emissions|GHG|Industry|Non-Ferrous Metals|Aluminum,MtCO2e/yr,2035,absent row,zero
ndc_highce_eu,NIG,Emissions|GHG|Industry|Non-Ferrous Metals|Aluminum,MtCO2e/yr,2040,absent row,zero
ndc_highce_eu,NIG,Emissions|GHG|Industry|Non-Ferrous Metals|Aluminum,MtCO2e/yr,2050,absent row,zero
ndc_highce_eu,USA,Emissions|GHG|Industry|Non-Ferrous Metals|Aluminum,MtCO2e/yr,2050,blank cell,zero
ndc_highce_eu,AFE,Carbon Capture|Industry|Non-Metallic Minerals|Cement,MtCO2/yr,2019,absent row,zero
ndc_highce_eu,AFE,Carbon Capture|Industry|Non-Metallic Minerals|Cement,MtCO2/yr,2024,absent row,zero
ndc_highce_eu,AFE,Carbon Capture|Industry|Non-Metallic Minerals|Cement,MtCO2/yr,2030,absent row,zero
ndc_highce_eu,AFE,Carbon Capture|Industry|Non-Metallic Minerals|Cement,MtCO2/yr,2035,absent row,zero
ndc_highce_eu,AFE,Carbon Capture|Industry|Non-Metallic Minerals|Cement,MtCO2/yr,2040,absent row,zero
ndc_highce_eu,AFE,Carbon Capture|Industry|Non-Metallic Minerals|Cement,MtCO2/yr,2050,absent row,zero
ndc_highce_eu,AFN,Carbon Capture|Industry|Non-Metallic Minerals|Cement,MtCO2/yr,2019,blank cell,zero
ndc_highce_eu,AFN,Carbon Capture|Industry|Non-Metallic Minerals|Cement,MtCO2/yr,2024,blank cell,zero
ndc_highce_eu,AFW,Carbon Capture|Industry|Non-Metallic Minerals|Cement,MtCO2/yr,2019,absent row,zero
ndc_highce_eu,AFW,Carbon Capture|Industry|Non-Metallic Minerals|Cement,MtCO2/yr,2024,absent row,zero
ndc_highce_eu,AFW,Carbon Capture|Industry|Non-Metallic Minerals|Cement,MtCO2/yr,2030,absent row,zero
ndc_highce_eu,AFW,Carbon Capture|Industry|Non-Metallic Minerals|Cement,MtCO2/yr,2035,absent row,zero
ndc_highce_eu,AFW,Carbon Capture|Industry|Non-Metallic Minerals|Cement,MtCO2/yr,2040,absent row,zero
ndc_highce_eu,AFW,Carbon Capture|Industry|Non-Metallic Minerals|Cement,MtCO2/yr,2050,absent row,zero
ndc_highce_eu,AFZ,Carbon Capture|Industry|Non-Metallic Minerals|Cement,MtCO2/yr,2019,blank cell,zero
ndc_highce_eu,AFZ,Carbon Capture|Industry|Non-Metallic Minerals|Cement,MtCO2/yr,2024,blank cell,zero
ndc_highce_eu,ANZ,Carbon Capture|Industry|Non-Metallic Minerals|Cement,MtCO2/yr,2019,blank cell,zero
ndc_highce_eu,ANZ,Carbon Capture|Industry|Non-Metallic Minerals|Cement,MtCO2/yr,2024,blank cell,zero
ndc_highce_eu,ASC,Carbon Capture|Industry|Non-Metallic Minerals|Cement,MtCO2/yr,2019,absent row,zero
ndc_highce_eu,ASC,Carbon Capture|Industry|Non-Metallic Minerals|Cement,MtCO2/yr,2024,absent row,zero
ndc_highce_eu,ASC,Carbon Capture|Industry|Non-Metallic Minerals|Cement,MtCO2/yr,2030,absent row,zero
ndc_highce_eu,ASC,Carbon Capture|Industry|Non-Metallic Minerals|Cement,MtCO2/yr,2035,absent row,zero
ndc_highce_eu,ASC,Carbon Capture|Industry|Non-Metallic Minerals|Cement,MtCO2/yr,2040,absent row,zero
ndc_highce_eu,ASC,Carbon Capture|Industry|Non-Metallic Minerals|Cement,MtCO2/yr,2050,absent row,zero
ndc_highce_eu,ASE,Carbon Capture|Industry|Non-Metallic Minerals|Cement,MtCO2/yr,2019,blank cell,zero
ndc_highce_eu,ASE,Carbon Capture|Industry|Non-Metallic Minerals|Cement,MtCO2/yr,2024,blank cell,zero
ndc_highce_eu,ASO,Carbon Capture|Industry|Non-Metallic Minerals|Cement,MtCO2/yr,2019,blank cell,zero
ndc_highce_eu,ASO,Carbon Capture|Industry|Non-Metallic Minerals|Cement,MtCO2/yr,2024,blank cell,zero
ndc_highce_eu,BRA,Carbon Capture|Industry|Non-Metallic Minerals|Cement,MtCO2/yr,2019,blank cell,zero
ndc_highce_eu,BRA,Carbon Capture|Industry|Non-Metallic Minerals|Cement,MtCO2/yr,2024,blank cell,zero
ndc_highce_eu,CAN,Carbon Capture|Industry|Non-Metallic Minerals|Cement,MtCO2/yr,2019,blank cell,zero
ndc_highce_eu,CAN,Carbon Capture|Industry|Non-Metallic Minerals|Cement,MtCO2/yr,2024,blank cell,zero
ndc_highce_eu,CHL,Carbon Capture|Industry|Non-Metallic Minerals|Cement,MtCO2/yr,2019,blank cell,zero
ndc_highce_eu,CHL,Carbon Capture|Industry|Non-Metallic Minerals|Cement,MtCO2/yr,2024,blank cell,zero
ndc_highce_eu,CHN,Carbon Capture|Industry|Non-Metallic Minerals|Cement,MtCO2/yr,2019,blank cell,zero
ndc_highce_eu,CHN,Carbon Capture|Industry|Non-Metallic Minerals|Cement,MtCO2/yr,2024,blank cell,zero
ndc_highce_eu,ENE,Carbon Capture|Industry|Non-Metallic Minerals|Cement,MtCO2/yr,2019,blank cell,zero
ndc_highce_eu,ENE,Carbon Capture|Industry|Non-Metallic Minerals|Cement,MtCO2/yr,2024,blank cell,zero
ndc_highce_eu,ENW,Carbon Capture|Industry|Non-Metallic Minerals|Cement,MtCO2/yr,2019,absent row,zero
ndc_highce_eu,ENW,Carbon Capture|Industry|Non-Metallic Minerals|Cement,MtCO2/yr,2024,absent row,zero
ndc_highce_eu,ENW,Carbon Capture|Industry|Non-Metallic Minerals|Cement,MtCO2/yr,2030,absent row,zero
ndc_highce_eu,ENW,Carbon Capture|Industry|Non-Metallic Minerals|Cement,MtCO2/yr,2035,absent row,zero
ndc_highce_eu,ENW,Carbon Capture|Industry|Non-Metallic Minerals|Cement,MtCO2/yr,2040,absent row,zero
ndc_highce_eu,ENW,Carbon Capture|Industry|Non-Metallic Minerals|Cement,MtCO2/yr,2050,absent row,zero
ndc_highce_eu,EUE,Carbon Capture|Industry|Non-Metallic Minerals|Cement,MtCO2/yr,2019,blank cell,zero
ndc_highce_eu,EUE,Carbon Capture|Industry|Non-Metallic Minerals|Cement,MtCO2/yr,2024,blank cell,zero
ndc_highce_eu,EUM,Carbon Capture|Industry|Non-Metallic Minerals|Cement,MtCO2/yr,2019,absent row,zero
ndc_highce_eu,EUM,Carbon Capture|Industry|Non-Metallic Minerals|Cement,MtCO2/yr,2024,absent row,zero
ndc_highce_eu,EUM,Carbon Capture|Industry|Non-Metallic Minerals|Cement,MtCO2/yr,2030,absent row,zero
ndc_highce_eu,EUM,Carbon Capture|Industry|Non-Metallic Minerals|Cement,MtCO2/yr,2035,absent row,zero
ndc_highce_eu,EUM,Carbon Capture|Industry|Non-Metallic Minerals|Cement,MtCO2/yr,2040,absent row,zero
ndc_highce_eu,EUM,Carbon Capture|Industry|Non-Metallic Minerals|Cement,MtCO2/yr,2050,absent row,zero
ndc_highce_eu,EUW,Carbon Capture|Industry|Non-Metallic Minerals|Cement,MtCO2/yr,2019,blank cell,zero
ndc_highce_eu,EUW,Carbon Capture|Industry|Non-Metallic Minerals|Cement,MtCO2/yr,2024,blank cell,zero
ndc_highce_eu,IDN,Carbon Capture|Industry|Non-Metallic Minerals|Cement,MtCO2/yr,2019,blank cell,zero
ndc_highce_eu,IDN,Carbon Capture|Industry|Non-Metallic Minerals|Cement,MtCO2/yr,2024,blank cell,zero
ndc_highce_eu,IND,Carbon Capture|Industry|Non-Metallic Minerals|Cement,MtCO2/yr,2019,blank cell,zero
ndc_highce_eu,IND,Carbon Capture|Industry|Non-Metallic Minerals|Cement,MtCO2/yr,2024,blank cell,zero
ndc_highce_eu,JPN,Carbon Capture|Industry|Non-Metallic Minerals|Cement,MtCO2/yr,2019,blank cell,zero
ndc_highce_eu,JPN,Carbon Capture|Industry|Non-Metallic Minerals|Cement,MtCO2/yr,2024,blank cell,zero
ndc_highce_eu,LAM,Carbon Capture|Industry|Non-Metallic Minerals|Cement,MtCO2/yr,2019,absent row,zero
ndc_highce_eu,LAM,Carbon Capture|Industry|Non-Metallic Minerals|Cement,MtCO2/yr,2024,absent row,zero
ndc_highce_eu,LAM,Carbon Capture|Industry|Non-Metallic Minerals|Cement,MtCO2/yr,2030,absent row,zero
ndc_highce_eu,LAM,Carbon Capture|Industry|Non-Metallic Minerals|Cement,MtCO2/yr,2035,absent row,zero
ndc_highce_eu,LAM,Carbon Capture|Industry|Non-Metallic Minerals|Cement,MtCO2/yr,2040,absent row,zero
ndc_highce_eu,LAM,Carbon Capture|Industry|Non-Metallic Minerals|Cement,MtCO2/yr,2050,absent row,zero
ndc_highce_eu,MDA,Carbon Capture|Industry|Non-Metallic Minerals|Cement,MtCO2/yr,2019,blank cell,zero
ndc_highce_eu,MDA,Carbon Capture|Industry|Non-Metallic Minerals|Cement,MtCO2/yr,2024,blank cell,zero
ndc_highce_eu,MEA,Carbon Capture|Industry|Non-Metallic Minerals|Cement,MtCO2/yr,2019,blank cell,zero
ndc_highce_eu,MEA,Carbon Capture|Industry|Non-Metallic Minerals|Cement,MtCO2/yr,2024,blank cell,zero
ndc_highce_eu,MEX,Carbon Capture|Industry|Non-Metallic Minerals|Cement,MtCO2/yr,2019,absent row,zero
ndc_highce_eu,MEX,Carbon Capture|Industry|Non-Metallic Minerals|Cement,MtCO2/yr,2024,absent row,zero
ndc_highce_eu,MEX,Carbon Capture|Industry|Non-Metallic Minerals|Cement,MtCO2/yr,2030,absent row,zero
ndc_highce_eu,MEX,Carbon Capture|Industry|Non-Metallic Minerals|Cement,MtCO2/yr,2035,absent row,zero
ndc_highce_eu,MEX,Carbon Capture|Industry|Non-Metallic Minerals|Cement,MtCO2/yr,2040,absent row,zero
ndc_highce_eu,MEX,Carbon Capture|Industry|Non-Metallic Minerals|Cement,MtCO2/yr,2050,absent row,zero
ndc_highce_eu,NIG,Carbon Capture|Industry|Non-Metallic Minerals|Cement,MtCO2/yr,2019,blank cell,zero
ndc_highce_eu,NIG,Carbon Capture|Industry|Non-Metallic Minerals|Cement,MtCO2/yr,2024,blank cell,zero
ndc_highce_eu,RUS,Carbon Capture|Industry|Non-Metallic Minerals|Cement,MtCO2/yr,2019,blank cell,zero
ndc_highce_eu,RUS,Carbon Capture|Industry|Non-Metallic Minerals|Cement,MtCO2/yr,2024,blank cell,zero
ndc_highce_eu,SKT,Carbon Capture|Industry|Non-Metallic Minerals|Cement,MtCO2/yr,2019,blank cell,zero
ndc_highce_eu,SKT,Carbon Capture|Industry|Non-Metallic Minerals|Cement,MtCO2/yr,2024,blank cell,zero
ndc_highce_eu,USA,Carbon Capture|Industry|Non-Metallic Minerals|Cement,MtCO2/yr,2019,blank cell,zero
ndc_highce_eu,USA,Carbon Capture|Industry|Non-Metallic Minerals|Cement,MtCO2/yr,2024,blank cell,zero
ndc_highce_eu,AFE,Carbon Capture|Industry|Iron and Steel,MtCO2/yr,2019,absent row,zero
ndc_highce_eu,AFE,Carbon Capture|Industry|Iron and Steel,MtCO2/yr,2024,absent row,zero
ndc_highce_eu,AFE,Carbon Capture|Industry|Iron and Steel,MtCO2/yr,2030,absent row,zero
ndc_highce_eu,AFE,Carbon Capture|Industry|Iron and Steel,MtCO2/yr,2035,absent row,zero
ndc_highce_eu,AFE,Carbon Capture|Industry|Iron and Steel,MtCO2/yr,2040,absent row,zero
ndc_highce_eu,AFE,Carbon Capture|Industry|Iron and Steel,MtCO2/yr,2050,absent row,zero
ndc_highce_eu,AFN,Carbon Capture|Industry|Iron and Steel,MtCO2/yr,2019,blank cell,zero
ndc_highce_eu,AFN,Carbon Capture|Industry|Iron and Steel,MtCO2/yr,2024,blank cell,zero
ndc_highce_eu,AFW,Carbon Capture|Industry|Iron and Steel,MtCO2/yr,2019,absent row,zero
ndc_highce_eu,AFW,Carbon Capture|Industry|Iron and Steel,MtCO2/yr,2024,absent row,zero
ndc_highce_eu,AFW,Carbon Capture|Industry|Iron and Steel,MtCO2/yr,2030,absent row,zero
ndc_highce_eu,AFW,Carbon Capture|Industry|Iron and Steel,MtCO2/yr,2035,absent row,zero
ndc_highce_eu,AFW,Carbon Capture|Industry|Iron and Steel,MtCO2/yr,2040,absent row,zero
ndc_highce_eu,AFW,Carbon Capture|Industry|Iron and Steel,MtCO2/yr,2050,absent row,zero
ndc_highce_eu,AFZ,Carbon Capture|Industry|Iron and Steel,MtCO2/yr,2019,blank cell,zero
ndc_highce_eu,AFZ,Carbon Capture|Industry|Iron and Steel,MtCO2/yr,2024,blank cell,zero
ndc_highce_eu,ANZ,Carbon Capture|Industry|Iron and Steel,MtCO2/yr,2019,blank cell,zero
ndc_highce_eu,ANZ,Carbon Capture|Industry|Iron and Steel,MtCO2/yr,2024,blank cell,zero
ndc_highce_eu,ASC,Carbon Capture|Industry|Iron and Steel,MtCO2/yr,2019,absent row,zero
ndc_highce_eu,ASC,Carbon Capture|Industry|Iron and Steel,MtCO2/yr,2024,absent row,zero
ndc_highce_eu,ASC,Carbon Capture|Industry|Iron and Steel,MtCO2/yr,2030,absent row,zero
ndc_highce_eu,ASC,Carbon Capture|Industry|Iron and Steel,MtCO2/yr,2035,absent row,zero
ndc_highce_eu,ASC,Carbon Capture|Industry|Iron and Steel,MtCO2/yr,2040,absent row,zero
ndc_highce_eu,ASC,Carbon Capture|Industry|Iron and Steel,MtCO2/yr,2050,absent row,zero
ndc_highce_eu,ASE,Carbon Capture|Industry|Iron and Steel,MtCO2/yr,2019,blank cell,zero
ndc_highce_eu,ASE,Carbon Capture|Industry|Iron and Steel,MtCO2/yr,2024,blank cell,zero
ndc_highce_eu,ASO,Carbon Capture|Industry|Iron and Steel,MtCO2/yr,2019,absent row,zero
ndc_highce_eu,ASO,Carbon Capture|Industry|Iron and Steel,MtCO2/yr,2024,absent row,zero
ndc_highce_eu,ASO,Carbon Capture|Industry|Iron and Steel,MtCO2/yr,2030,absent row,zero
ndc_highce_eu,ASO,Carbon Capture|Industry|Iron and Steel,MtCO2/yr,2035,absent row,zero
ndc_highce_eu,ASO,Carbon Capture|Industry|Iron and Steel,MtCO2/yr,2040,absent row,zero
ndc_highce_eu,ASO,Carbon Capture|Industry|Iron and Steel,MtCO2/yr,2050,absent row,zero
ndc_highce_eu,BRA,Carbon Capture|Industry|Iron and Steel,MtCO2/yr,2019,blank cell,zero
ndc_highce_eu,BRA,Carbon Capture|Industry|Iron and Steel,MtCO2/yr,2024,blank cell,zero
ndc_highce_eu,CAN,Carbon Capture|Industry|Iron and Steel,MtCO2/yr,2019,blank cell,zero
ndc_highce_eu,CAN,Carbon Capture|Industry|Iron and Steel,MtCO2/yr,2024,blank cell,zero
ndc_highce_eu,CHL,Carbon Capture|Industry|Iron and Steel,MtCO2/yr,2019,blank cell,zero
ndc_highce_eu,CHL,Carbon Capture|Industry|Iron and Steel,MtCO2/yr,2024,blank cell,zero
ndc_highce_eu,CHN,Carbon Capture|Industry|Iron and Steel,MtCO2/yr,2019,blank cell,zero
ndc_highce_eu,CHN,Carbon Capture|Industry|Iron and Steel,MtCO2/yr,2024,blank cell,zero
ndc_highce_eu,ENE,Carbon Capture|Industry|Iron and Steel,MtCO2/yr,2019,blank cell,zero
ndc_highce_eu,ENE,Carbon Capture|Industry|Iron and Steel,MtCO2/yr,2024,blank cell,zero
ndc_highce_eu,ENW,Carbon Capture|Industry|Iron and Steel,MtCO2/yr,2019,absent row,zero
ndc_highce_eu,ENW,Carbon Capture|Industry|Iron and Steel,MtCO2/yr,2024,absent row,zero
ndc_highce_eu,ENW,Carbon Capture|Industry|Iron and Steel,MtCO2/yr,2030,absent row,zero
ndc_highce_eu,ENW,Carbon Capture|Industry|Iron and Steel,MtCO2/yr,2035,absent row,zero
ndc_highce_eu,ENW,Carbon Capture|Industry|Iron and Steel,MtCO2/yr,2040,absent row,zero
ndc_highce_eu,ENW,Carbon Capture|Industry|Iron and Steel,MtCO2/yr,2050,absent row,zero
ndc_highce_eu,EUE,Carbon Capture|Industry|Iron and Steel,MtCO2/yr,2019,blank cell,zero
ndc_highce_eu,EUE,Carbon Capture|Industry|Iron and Steel,MtCO2/yr,2024,blank cell,zero
ndc_highce_eu,EUM,Carbon Capture|Industry|Iron and Steel,MtCO2/yr,2019,absent row,zero
ndc_highce_eu,EUM,Carbon Capture|Industry|Iron and Steel,MtCO2/yr,2024,absent row,zero
ndc_highce_eu,EUM,Carbon Capture|Industry|Iron and Steel,MtCO2/yr,2030,absent row,zero
ndc_highce_eu,EUM,Carbon Capture|Industry|Iron and Steel,MtCO2/yr,2035,absent row,zero
ndc_highce_eu,EUM,Carbon Capture|Industry|Iron and Steel,MtCO2/yr,2040,absent row,zero
ndc_highce_eu,EUM,Carbon Capture|Industry|Iron and Steel,MtCO2/yr,2050,absent row,zero
ndc_highce_eu,EUW,Carbon Capture|Industry|Iron and Steel,MtCO2/yr,2019,blank cell,zero
ndc_highce_eu,EUW,Carbon Capture|Industry|Iron and Steel,MtCO2/yr,2024,blank cell,zero
ndc_highce_eu,IDN,Carbon Capture|Industry|Iron and Steel,MtCO2/yr,2019,blank cell,zero
ndc_highce_eu,IDN,Carbon Capture|Industry|Iron and Steel,MtCO2/yr,2024,blank cell,zero
ndc_highce_eu,IND,Carbon Capture|Industry|Iron and Steel,MtCO2/yr,2019,blank cell,zero
ndc_highce_eu,IND,Carbon Capture|Industry|Iron and Steel,MtCO2/yr,2024,blank cell,zero
ndc_highce_eu,JPN,Carbon Capture|Industry|Iron and Steel,MtCO2/yr,2019,blank cell,zero
ndc_highce_eu,JPN,Carbon Capture|Industry|Iron and Steel,MtCO2/yr,2024,blank cell,zero
ndc_highce_eu,LAM,Carbon Capture|Industry|Iron and Steel,MtCO2/yr,2019,absent row,zero
ndc_highce_eu,LAM,Carbon Capture|Industry|Iron and Steel,MtCO2/yr,2024,absent row,zero
ndc_highce_eu,LAM,Carbon Capture|Industry|Iron and Steel,MtCO2/yr,2030,absent row,zero
ndc_highce_eu,LAM,Carbon Capture|Industry|Iron and Steel,MtCO2/yr,2035,absent row,zero
ndc_highce_eu,LAM,Carbon Capture|Industry|Iron and Steel,MtCO2/yr,2040,absent row,zero
ndc_highce_eu,LAM,Carbon Capture|Industry|Iron and Steel,MtCO2/yr,2050,absent row,zero
ndc_highce_eu,MDA,Carbon Capture|Industry|Iron and Steel,MtCO2/yr,2019,blank cell,zero
ndc_highce_eu,MDA,Carbon Capture|Industry|Iron and Steel,MtCO2/yr,2024,blank cell,zero
ndc_highce_eu,MEA,Carbon Capture|Industry|Iron and Steel,MtCO2/yr,2019,blank cell,zero
ndc_highce_eu,MEA,Carbon Capture|Industry|Iron and Steel,MtCO2/yr,2024,blank cell,zero
ndc_highce_eu,MEX,Carbon Capture|Industry|Iron and Steel,MtCO2/yr,2019,absent row,zero
ndc_highce_eu,MEX,Carbon Capture|Industry|Iron and Steel,MtCO2/yr,2024,absent row,zero
ndc_highce_eu,MEX,Carbon Capture|Industry|Iron and Steel,MtCO2/yr,2030,absent row,zero
ndc_highce_eu,MEX,Carbon Capture|Industry|Iron and Steel,MtCO2/yr,2035,absent row,zero
ndc_highce_eu,MEX,Carbon Capture|Industry|Iron and Steel,MtCO2/yr,2040,absent row,zero
ndc_highce_eu,MEX,Carbon Capture|Industry|Iron and Steel,MtCO2/yr,2050,absent row,zero
ndc_highce_eu,NIG,Carbon Capture|Industry|Iron and Steel,MtCO2/yr,2019,blank cell,zero
ndc_highce_eu,NIG,Carbon Capture|Industry|Iron and Steel,MtCO2/yr,2024,blank cell,zero
ndc_highce_eu,RUS,Carbon Capture|Industry|Iron and Steel,MtCO2/yr,2019,blank cell,zero
ndc_highce_eu,RUS,Carbon Capture|Industry|Iron and Steel,MtCO2/yr,2024,blank cell,zero
ndc_highce_eu,SKT,Carbon Capture|Industry|Iron and Steel,MtCO2/yr,2019,blank cell,zero
ndc_highce_eu,SKT,Carbon Capture|Industry|Iron and Steel,MtCO2/yr,2024,blank cell,zero
ndc_highce_eu,USA,Carbon Capture|Industry|Iron and Steel,MtCO2/yr,2019,blank cell,zero
ndc_highce_eu,USA,Carbon Capture|Industry|Iron and Steel,MtCO2/yr,2024,blank cell,zero
ndc_highce_eu,AFE,Carbon Capture|Industry|Non-Ferrous Metals|Aluminum,MtCO2/yr,2019,absent row,zero
ndc_highce_eu,AFE,Carbon Capture|Industry|Non-Ferrous Metals|Aluminum,MtCO2/yr,2024,absent row,zero
ndc_highce_eu,AFE,Carbon Capture|Industry|Non-Ferrous Metals|Aluminum,MtCO2/yr,2030,absent row,zero
ndc_highce_eu,AFE,Carbon Capture|Industry|Non-Ferrous Metals|Aluminum,MtCO2/yr,2035,absent row,zero
ndc_highce_eu,AFE,Carbon Capture|Industry|Non-Ferrous Metals|Aluminum,MtCO2/yr,2040,absent row,zero
ndc_highce_eu,AFE,Carbon Capture|Industry|Non-Ferrous Metals|Aluminum,MtCO2/yr,2050,absent row,zero
ndc_highce_eu,AFN,Carbon Capture|Industry|Non-Ferrous Metals|Aluminum,MtCO2/yr,2019,blank cell,zero
ndc_highce_eu,AFN,Carbon Capture|Industry|Non-Ferrous Metals|Aluminum,MtCO2/yr,2024,blank cell,zero
ndc_highce_eu,AFW,Carbon Capture|Industry|Non-Ferrous Metals|Aluminum,MtCO2/yr,2019,absent row,zero
ndc_highce_eu,AFW,Carbon Capture|Industry|Non-Ferrous Metals|Aluminum,MtCO2/yr,2024,absent row,zero
ndc_highce_eu,AFW,Carbon Capture|Industry|Non-Ferrous Metals|Aluminum,MtCO2/yr,2030,absent row,zero
ndc_highce_eu,AFW,Carbon Capture|Industry|Non-Ferrous Metals|Aluminum,MtCO2/yr,2035,absent row,zero
ndc_highce_eu,AFW,Carbon Capture|Industry|Non-Ferrous Metals|Aluminum,MtCO2/yr,2040,absent row,zero
ndc_highce_eu,AFW,Carbon Capture|Industry|Non-Ferrous Metals|Aluminum,MtCO2/yr,2050,absent row,zero
ndc_highce_eu,AFZ,Carbon Capture|Industry|Non-Ferrous Metals|Aluminum,MtCO2/yr,2019,blank cell,zero
ndc_highce_eu,AFZ,Carbon Capture|Industry|Non-Ferrous Metals|Aluminum,MtCO2/yr,2024,blank cell,zero
ndc_highce_eu,ANZ,Carbon Capture|Industry|Non-Ferrous Metals|Aluminum,MtCO2/yr,2019,absent row,zero
ndc_highce_eu,ANZ,Carbon Capture|Industry|Non-Ferrous Metals|Aluminum,MtCO2/yr,2024,absent row,zero
ndc_highce_eu,ANZ,Carbon Capture|Industry|Non-Ferrous Metals|Aluminum,MtCO2/yr,2030,absent row,zero
ndc_highce_eu,ANZ,Carbon Capture|Industry|Non-Ferrous Metals|Aluminum,MtCO2/yr,2035,absent row,zero
ndc_highce_eu,ANZ,Carbon Capture|Industry|Non-Ferrous Metals|Aluminum,MtCO2/yr,2040,absent row,zero
ndc_highce_eu,ANZ,Carbon Capture|Industry|Non-Ferrous Metals|Aluminum,MtCO2/yr,2050,absent row,zero
ndc_highce_eu,ASC,Carbon Capture|Industry|Non-Ferrous Metals|Aluminum,MtCO2/yr,2019,absent row,zero
ndc_highce_eu,ASC,Carbon Capture|Industry|Non-Ferrous Metals|Aluminum,MtCO2/yr,2024,absent row,zero
ndc_highce_eu,ASC,Carbon Capture|Industry|Non-Ferrous Metals|Aluminum,MtCO2/yr,2030,absent row,zero
ndc_highce_eu,ASC,Carbon Capture|Industry|Non-Ferrous Metals|Aluminum,MtCO2/yr,2035,absent row,zero
ndc_highce_eu,ASC,Carbon Capture|Industry|Non-Ferrous Metals|Aluminum,MtCO2/yr,2040,absent row,zero
ndc_highce_eu,ASC,Carbon Capture|Industry|Non-Ferrous Metals|Aluminum,MtCO2/yr,2050,absent row,zero
ndc_highce_eu,ASE,Carbon Capture|Industry|Non-Ferrous Metals|Aluminum,MtCO2/yr,2019,absent row,zero
ndc_highce_eu,ASE,Carbon Capture|Industry|Non-Ferrous Metals|Aluminum,MtCO2/yr,2024,absent row,zero
ndc_highce_eu,ASE,Carbon Capture|Industry|Non-Ferrous Metals|Aluminum,MtCO2/yr,2030,absent row,zero
ndc_highce_eu,ASE,Carbon Capture|Industry|Non-Ferrous Metals|Aluminum,MtCO2/yr,2035,absent row,zero
ndc_highce_eu,ASE,Carbon Capture|Industry|Non-Ferrous Metals|Aluminum,MtCO2/yr,2040,absent row,zero
ndc_highce_eu,ASE,Carbon Capture|Industry|Non-Ferrous Metals|Aluminum,MtCO2/yr,2050,absent row,zero
ndc_highce_eu,ASO,Carbon Capture|Industry|Non-Ferrous Metals|Aluminum,MtCO2/yr,2019,absent row,zero
ndc_highce_eu,ASO,Carbon Capture|Industry|Non-Ferrous Metals|Aluminum,MtCO2/yr,2024,absent row,zero
ndc_highce_eu,ASO,Carbon Capture|Industry|Non-Ferrous Metals|Aluminum,MtCO2/yr,2030,absent row,zero
ndc_highce_eu,ASO,Carbon Capture|Industry|Non-Ferrous Metals|Aluminum,MtCO2/yr,2035,absent row,zero
ndc_highce_eu,ASO,Carbon Capture|Industry|Non-Ferrous Metals|Aluminum,MtCO2/yr,2040,absent row,zero
ndc_highce_eu,ASO,Carbon Capture|Industry|Non-Ferrous Metals|Aluminum,MtCO2/yr,2050,absent row,zero
ndc_highce_eu,BRA,Carbon Capture|Industry|Non-Ferrous Metals|Aluminum,MtCO2/yr,2019,absent row,zero
ndc_highce_eu,BRA,Carbon Capture|Industry|Non-Ferrous Metals|Aluminum,MtCO2/yr,2024,absent row,zero
ndc_highce_eu,BRA,Carbon Capture|Industry|Non-Ferrous Metals|Aluminum,MtCO2/yr,2030,absent row,zero
ndc_highce_eu,BRA,Carbon Capture|Industry|Non-Ferrous Metals|Aluminum,MtCO2/yr,2035,absent row,zero
ndc_highce_eu,BRA,Carbon Capture|Industry|Non-Ferrous Metals|Aluminum,MtCO2/yr,2040,absent row,zero
ndc_highce_eu,BRA,Carbon Capture|Industry|Non-Ferrous Metals|Aluminum,MtCO2/yr,2050,absent row,zero
ndc_highce_eu,CAN,Carbon Capture|Industry|Non-Ferrous Metals|Aluminum,MtCO2/yr,2019,absent row,zero
ndc_highce_eu,CAN,Carbon Capture|Industry|Non-Ferrous Metals|Aluminum,MtCO2/yr,2024,absent row,zero
ndc_highce_eu,CAN,Carbon Capture|Industry|Non-Ferrous Metals|Aluminum,MtCO2/yr,2030,absent row,zero
ndc_highce_eu,CAN,Carbon Capture|Industry|Non-Ferrous Metals|Aluminum,MtCO2/yr,2035,absent row,zero
ndc_highce_eu,CAN,Carbon Capture|Industry|Non-Ferrous Metals|Aluminum,MtCO2/yr,2040,absent row,zero
ndc_highce_eu,CAN,Carbon Capture|Industry|Non-Ferrous Metals|Aluminum,MtCO2/yr,2050,absent row,zero
ndc_highce_eu,CHL,Carbon Capture|Industry|Non-Ferrous Metals|Aluminum,MtCO2/yr,2019,absent row,zero
ndc_highce_eu,CHL,Carbon Capture|Industry|Non-Ferrous Metals|Aluminum,MtCO2/yr,2024,absent row,zero
ndc_highce_eu,CHL,Carbon Capture|Industry|Non-Ferrous Metals|Aluminum,MtCO2/yr,2030,absent row,zero
ndc_highce_eu,CHL,Carbon Capture|Industry|Non-Ferrous Metals|Aluminum,MtCO2/yr,2035,absent row,zero
ndc_highce_eu,CHL,Carbon Capture|Industry|Non-Ferrous Metals|Aluminum,MtCO2/yr,2040,absent row,zero
ndc_highce_eu,CHL,Carbon Capture|Industry|Non-Ferrous Metals|Aluminum,MtCO2/yr,2050,absent row,zero
ndc_highce_eu,CHN,Carbon Capture|Industry|Non-Ferrous Metals|Aluminum,MtCO2/yr,2019,blank cell,zero
ndc_highce_eu,CHN,Carbon Capture|Industry|Non-Ferrous Metals|Aluminum,MtCO2/yr,2024,blank cell,zero
ndc_highce_eu,ENE,Carbon Capture|Industry|Non-Ferrous Metals|Aluminum,MtCO2/yr,2019,blank cell,zero
ndc_highce_eu,ENE,Carbon Capture|Industry|Non-Ferrous Metals|Aluminum,MtCO2/yr,2024,blank cell,zero
ndc_highce_eu,ENW,Carbon Capture|Industry|Non-Ferrous Metals|Aluminum,MtCO2/yr,2019,absent row,zero
ndc_highce_eu,ENW,Carbon Capture|Industry|Non-Ferrous Metals|Aluminum,MtCO2/yr,2024,absent row,zero
ndc_highce_eu,ENW,Carbon Capture|Industry|Non-Ferrous Metals|Aluminum,MtCO2/yr,2030,absent row,zero
ndc_highce_eu,ENW,Carbon Capture|Industry|Non-Ferrous Metals|Aluminum,MtCO2/yr,2035,absent row,zero
ndc_highce_eu,ENW,Carbon Capture|Industry|Non-Ferrous Metals|Aluminum,MtCO2/yr,2040,absent row,zero
ndc_highce_eu,ENW,Carbon Capture|Industry|Non-Ferrous Metals|Aluminum,MtCO2/yr,2050,absent row,zero
ndc_highce_eu,EUE,Carbon Capture|Industry|Non-Ferrous Metals|Aluminum,MtCO2/yr,2019,absent row,zero
ndc_highce_eu,EUE,Carbon Capture|Industry|Non-Ferrous Metals|Aluminum,MtCO2/yr,2024,absent row,zero
ndc_highce_eu,EUE,Carbon Capture|Industry|Non-Ferrous Metals|Aluminum,MtCO2/yr,2030,absent row,zero
ndc_highce_eu,EUE,Carbon Capture|Industry|Non-Ferrous Metals|Aluminum,MtCO2/yr,2035,absent row,zero
ndc_highce_eu,EUE,Carbon Capture|Industry|Non-Ferrous Metals|Aluminum,MtCO2/yr,2040,absent row,zero
ndc_highce_eu,EUE,Carbon Capture|Industry|Non-Ferrous Metals|Aluminum,MtCO2/yr,2050,absent row,zero
ndc_highce_eu,EUM,Carbon Capture|Industry|Non-Ferrous Metals|Aluminum,MtCO2/yr,2019,absent row,zero
ndc_highce_eu,EUM,Carbon Capture|Industry|Non-Ferrous Metals|Aluminum,MtCO2/yr,2024,absent row,zero
ndc_highce_eu,EUM,Carbon Capture|Industry|Non-Ferrous Metals|Aluminum,MtCO2/yr,2030,absent row,zero
ndc_highce_eu,EUM,Carbon Capture|Industry|Non-Ferrous Metals|Aluminum,MtCO2/yr,2035,absent row,zero
ndc_highce_eu,EUM,Carbon Capture|Industry|Non-Ferrous Metals|Aluminum,MtCO2/yr,2040,absent row,zero
ndc_highce_eu,EUM,Carbon Capture|Industry|Non-Ferrous Metals|Aluminum,MtCO2/yr,2050,absent row,zero
ndc_highce_eu,EUW,Carbon Capture|Industry|Non-Ferrous Metals|Aluminum,MtCO2/yr,2019,absent row,zero
ndc_highce_eu,EUW,Carbon Capture|Industry|Non-Ferrous Metals|Aluminum,MtCO2/yr,2024,absent row,zero
ndc_highce_eu,EUW,Carbon Capture|Industry|Non-Ferrous Metals|Aluminum,MtCO2/yr,2030,absent row,zero
ndc_highce_eu,EUW,Carbon Capture|Industry|Non-Ferrous Metals|Aluminum,MtCO2/yr,2035,absent row,zero
ndc_highce_eu,EUW,Carbon Capture|Industry|Non-Ferrous Metals|Aluminum,MtCO2/yr,2040,absent row,zero
ndc_highce_eu,EUW,Carbon Capture|Industry|Non-Ferrous Metals|Aluminum,MtCO2/yr,2050,absent row,zero
ndc_highce_eu,IDN,Carbon Capture|Industry|Non-Ferrous Metals|Aluminum,MtCO2/yr,2019,blank cell,zero
ndc_highce_eu,IDN,Carbon Capture|Industry|Non-Ferrous Metals|Aluminum,MtCO2/yr,2024,blank cell,zero
ndc_highce_eu,IND,Carbon Capture|Industry|Non-Ferrous Metals|Aluminum,MtCO2/yr,2019,absent row,zero
ndc_highce_eu,IND,Carbon Capture|Industry|Non-Ferrous Metals|Aluminum,MtCO2/yr,2024,absent row,zero
ndc_highce_eu,IND,Carbon Capture|Industry|Non-Ferrous Metals|Aluminum,MtCO2/yr,2030,absent row,zero
ndc_highce_eu,IND,Carbon Capture|Industry|Non-Ferrous Metals|Aluminum,MtCO2/yr,2035,absent row,zero
ndc_highce_eu,IND,Carbon Capture|Industry|Non-Ferrous Metals|Aluminum,MtCO2/yr,2040,absent row,zero
ndc_highce_eu,IND,Carbon Capture|Industry|Non-Ferrous Metals|Aluminum,MtCO2/yr,2050,absent row,zero
ndc_highce_eu,JPN,Carbon Capture|Industry|Non-Ferrous Metals|Aluminum,MtCO2/yr,2019,absent row,zero
ndc_highce_eu,JPN,Carbon Capture|Industry|Non-Ferrous Metals|Aluminum,MtCO2/yr,2024,absent row,zero
ndc_highce_eu,JPN,Carbon Capture|Industry|Non-Ferrous Metals|Aluminum,MtCO2/yr,2030,absent row,zero
ndc_highce_eu,JPN,Carbon Capture|Industry|Non-Ferrous Metals|Aluminum,MtCO2/yr,2035,absent row,zero
ndc_highce_eu,JPN,Carbon Capture|Industry|Non-Ferrous Metals|Aluminum,MtCO2/yr,2040,absent row,zero
ndc_highce_eu,JPN,Carbon Capture|Industry|Non-Ferrous Metals|Aluminum,MtCO2/yr,2050,absent row,zero
ndc_highce_eu,LAM,Carbon Capture|Industry|Non-Ferrous Metals|Aluminum,MtCO2/yr,2019,absent row,zero
ndc_highce_eu,LAM,Carbon Capture|Industry|Non-Ferrous Metals|Aluminum,MtCO2/yr,2024,absent row,zero
ndc_highce_eu,LAM,Carbon Capture|Industry|Non-Ferrous Metals|Aluminum,MtCO2/yr,2030,absent row,zero
ndc_highce_eu,LAM,Carbon Capture|Industry|Non-Ferrous Metals|Aluminum,MtCO2/yr,2035,absent row,zero
ndc_highce_eu,LAM,Carbon Capture|Industry|Non-Ferrous Metals|Aluminum,MtCO2/yr,2040,absent row,zero
ndc_highce_eu,LAM,Carbon Capture|Industry|Non-Ferrous Metals|Aluminum,MtCO2/yr,2050,absent row,zero
ndc_highce_eu,MDA,Carbon Capture|Industry|Non-Ferrous Metals|Aluminum,MtCO2/yr,2019,blank cell,zero
ndc_highce_eu,MDA,Carbon Capture|Industry|Non-Ferrous Metals|Aluminum,MtCO2/yr,2024,blank cell,zero
ndc_highce_eu,MEA,Carbon Capture|Industry|Non-Ferrous Metals|Aluminum,MtCO2/yr,2019,blank cell,zero
ndc_highce_eu,MEA,Carbon Capture|Industry|Non-Ferrous Metals|Aluminum,MtCO2/yr,2024,blank cell,zero
ndc_highce_eu,MEX,Carbon Capture|Industry|Non-Ferrous Metals|Aluminum,MtCO2/yr,2019,absent row,zero
ndc_highce_eu,MEX,Carbon Capture|Industry|Non-Ferrous Metals|Aluminum,MtCO2/yr,2024,absent row,zero
ndc_highce_eu,MEX,Carbon Capture|Industry|Non-Ferrous Metals|Aluminum,MtCO2/yr,2030,absent row,zero
ndc_highce_eu,MEX,Carbon Capture|Industry|Non-Ferrous Metals|Aluminum,MtCO2/yr,2035,absent row,zero
ndc_highce_eu,MEX,Carbon Capture|Industry|Non-Ferrous Metals|Aluminum,MtCO2/yr,2040,absent row,zero
ndc_highce_eu,MEX,Carbon Capture|Industry|Non-Ferrous Metals|Aluminum,MtCO2/yr,2050,absent row,zero
ndc_highce_eu,NIG,Carbon Capture|Industry|Non-Ferrous Metals|Aluminum,MtCO2/yr,2019,absent row,zero
ndc_highce_eu,NIG,Carbon Capture|Industry|Non-Ferrous Metals|Aluminum,MtCO2/yr,2024,absent row,zero
ndc_highce_eu,NIG,Carbon Capture|Industry|Non-Ferrous Metals|Aluminum,MtCO2/yr,2030,absent row,zero
ndc_highce_eu,NIG,Carbon Capture|Industry|Non-Ferrous Metals|Aluminum,MtCO2/yr,2035,absent row,zero
ndc_highce_eu,NIG,Carbon Capture|Industry|Non-Ferrous Metals|Aluminum,MtCO2/yr,2040,absent row,zero
ndc_highce_eu,NIG,Carbon Capture|Industry|Non-Ferrous Metals|Aluminum,MtCO2/yr,2050,absent row,zero
ndc_highce_eu,RUS,Carbon Capture|Industry|Non-Ferrous Metals|Aluminum,MtCO2/yr,2019,absent row,zero
ndc_highce_eu,RUS,Carbon Capture|Industry|Non-Ferrous Metals|Aluminum,MtCO2/yr,2024,absent row,zero
ndc_highce_eu,RUS,Carbon Capture|Industry|Non-Ferrous Metals|Aluminum,MtCO2/yr,2030,absent row,zero
ndc_highce_eu,RUS,Carbon Capture|Industry|Non-Ferrous Metals|Aluminum,MtCO2/yr,2035,absent row,zero
ndc_highce_eu,RUS,Carbon Capture|Industry|Non-Ferrous Metals|Aluminum,MtCO2/yr,2040,absent row,zero
ndc_highce_eu,RUS,Carbon Capture|Industry|Non-Ferrous Metals|Aluminum,MtCO2/yr,2050,absent row,zero
ndc_highce_eu,SKT,Carbon Capture|Industry|Non-Ferrous Metals|Aluminum,MtCO2/yr,2019,absent row,zero
ndc_highce_eu,SKT,Carbon Capture|Industry|Non-Ferrous Metals|Aluminum,MtCO2/yr,2024,absent row,zero
ndc_highce_eu,SKT,Carbon Capture|Industry|Non-Ferrous Metals|Aluminum,MtCO2/yr,2030,absent row,zero
ndc_highce_eu,SKT,Carbon Capture|Industry|Non-Ferrous Metals|Aluminum,MtCO2/yr,2035,absent row,zero
ndc_highce_eu,SKT,Carbon Capture|Industry|Non-Ferrous Metals|Aluminum,MtCO2/yr,2040,absent row,zero
ndc_highce_eu,SKT,Carbon Capture|Industry|Non-Ferrous Metals|Aluminum,MtCO2/yr,2050,absent row,zero
ndc_highce_eu,USA,Carbon Capture|Industry|Non-Ferrous Metals|Aluminum,MtCO2/yr,2019,absent row,zero
ndc_highce_eu,USA,Carbon Capture|Industry|Non-Ferrous Metals|Aluminum,MtCO2/yr,2024,absent row,zero
ndc_highce_eu,USA,Carbon Capture|Industry|Non-Ferrous Metals|Aluminum,MtCO2/yr,2030,absent row,zero
ndc_highce_eu,USA,Carbon Capture|Industry|Non-Ferrous Metals|Aluminum,MtCO2/yr,2035,absent row,zero
ndc_highce_eu,USA,Carbon Capture|Industry|Non-Ferrous Metals|Aluminum,MtCO2/yr,2040,absent row,zero
ndc_highce_eu,USA,Carbon Capture|Industry|Non-Ferrous Metals|Aluminum,MtCO2/yr,2050,absent row,zero
ndc_highce_eu,AFE,Energy Intensity|Industry|Non-Ferrous Metals|Aluminum,EJ/Mt,2019,absent row,preserve
ndc_highce_eu,AFE,Energy Intensity|Industry|Non-Ferrous Metals|Aluminum,EJ/Mt,2024,absent row,preserve
ndc_highce_eu,AFE,Energy Intensity|Industry|Non-Ferrous Metals|Aluminum,EJ/Mt,2030,absent row,preserve
ndc_highce_eu,AFE,Energy Intensity|Industry|Non-Ferrous Metals|Aluminum,EJ/Mt,2035,absent row,preserve
ndc_highce_eu,AFE,Energy Intensity|Industry|Non-Ferrous Metals|Aluminum,EJ/Mt,2040,absent row,preserve
ndc_highce_eu,AFE,Energy Intensity|Industry|Non-Ferrous Metals|Aluminum,EJ/Mt,2050,absent row,preserve
ndc_highce_eu,ASO,Energy Intensity|Industry|Non-Ferrous Metals|Aluminum,EJ/Mt,2019,absent row,preserve
ndc_highce_eu,ASO,Energy Intensity|Industry|Non-Ferrous Metals|Aluminum,EJ/Mt,2024,absent row,preserve
ndc_highce_eu,ASO,Energy Intensity|Industry|Non-Ferrous Metals|Aluminum,EJ/Mt,2030,absent row,preserve
ndc_highce_eu,ASO,Energy Intensity|Industry|Non-Ferrous Metals|Aluminum,EJ/Mt,2035,absent row,preserve
ndc_highce_eu,ASO,Energy Intensity|Industry|Non-Ferrous Metals|Aluminum,EJ/Mt,2040,absent row,preserve
ndc_highce_eu,ASO,Energy Intensity|Industry|Non-Ferrous Metals|Aluminum,EJ/Mt,2050,absent row,preserve
ndc_highce_eu,CHL,Energy Intensity|Industry|Non-Ferrous Metals|Aluminum,EJ/Mt,2019,absent row,preserve
ndc_highce_eu,CHL,Energy Intensity|Industry|Non-Ferrous Metals|Aluminum,EJ/Mt,2024,absent row,preserve
ndc_highce_eu,CHL,Energy Intensity|Industry|Non-Ferrous Metals|Aluminum,EJ/Mt,2030,absent row,preserve
ndc_highce_eu,CHL,Energy Intensity|Industry|Non-Ferrous Metals|Aluminum,EJ/Mt,2035,absent row,preserve
ndc_highce_eu,CHL,Energy Intensity|Industry|Non-Ferrous Metals|Aluminum,EJ/Mt,2040,absent row,preserve
ndc_highce_eu,CHL,Energy Intensity|Industry|Non-Ferrous Metals|Aluminum,EJ/Mt,2050,absent row,preserve
ndc_highce_eu,NIG,Energy Intensity|Industry|Non-Ferrous Metals|Aluminum,EJ/Mt,2019,absent row,preserve
ndc_highce_eu,NIG,Energy Intensity|Industry|Non-Ferrous Metals|Aluminum,EJ/Mt,2024,absent row,preserve
ndc_highce_eu,NIG,Energy Intensity|Industry|Non-Ferrous Metals|Aluminum,EJ/Mt,2030,absent row,preserve
ndc_highce_eu,NIG,Energy Intensity|Industry|Non-Ferrous Metals|Aluminum,EJ/Mt,2035,absent row,preserve
ndc_highce_eu,NIG,Energy Intensity|Industry|Non-Ferrous Metals|Aluminum,EJ/Mt,2040,absent row,preserve
ndc_highce_eu,NIG,Energy Intensity|Industry|Non-Ferrous Metals|Aluminum,EJ/Mt,2050,absent row,preserve
